<?xml version="1.0" encoding="UTF-8"?>
<kml xmlns="http://earth.google.com/kml/2.0">
<Document>
<Placemark>
<name>LTE</name>
<Point><coordinates>85.08124185,25.72490803,0</coordinates></Point>
</Placemark>
<Placemark>
<name>5G</name>
<Point><coordinates>85.05710965,25.6822627,0</coordinates></Point>
</Placemark>
<Placemark>
<name>LTE</name>
<Point><coordinates>85.05511576,25.46468378,0</coordinates></Point>
</Placemark>
<Placemark>
<name>5G</name>
<Point><coordinates>85.0454001,25.5508865,0</coordinates></Point>
</Placemark>
<Placemark>
<name>4G</name>
<Point><coordinates>85.22627132,25.66900232,0</coordinates></Point>
</Placemark>
<Placemark>
<name>5G</name>
<Point><coordinates>85.11962118,25.42727206,0</coordinates></Point>
</Placemark>
<Placemark>
<name>4G</name>
<Point><coordinates>85.17277776,25.57151766,0</coordinates></Point>
</Placemark>
<Placemark>
<name>3G</name>
<Point><coordinates>85.10465736,25.55563034,0</coordinates></Point>
</Placemark>
<Placemark>
<name>4G</name>
<Point><coordinates>85.20655042,25.43244853,0</coordinates></Point>
</Placemark>
<Placemark>
<name>5G</name>
<Point><coordinates>85.0678951,25.52799007,0</coordinates></Point>
</Placemark>
<Placemark>
<name>4G</name>
<Point><coordinates>85.11452842,25.51157462,0</coordinates></Point>
</Placemark>
<Placemark>
<name>3G</name>
<Point><coordinates>85.04658404,25.73616567,0</coordinates></Point>
</Placemark>
<Placemark>
<name>5G</name>
<Point><coordinates>85.18716479,25.7566764,0</coordinates></Point>
</Placemark>
<Placemark>
<name>3G</name>
<Point><coordinates>85.08373736,25.61116062,0</coordinates></Point>
</Placemark>
<Placemark>
<name>LTE</name>
<Point><coordinates>84.99491841,25.61221378,0</coordinates></Point>
</Placemark>
<Placemark>
<name>3G</name>
<Point><coordinates>85.27575598,25.67396346,0</coordinates></Point>
</Placemark>
<Placemark>
<name>3G</name>
<Point><coordinates>85.14328007,25.61025296,0</coordinates></Point>
</Placemark>
<Placemark>
<name>LTE</name>
<Point><coordinates>85.27237883,25.70399347,0</coordinates></Point>
</Placemark>
<Placemark>
<name>5G</name>
<Point><coordinates>85.11877685,25.56797537,0</coordinates></Point>
</Placemark>
<Placemark>
<name>5G</name>
<Point><coordinates>85.26154656,25.60862162,0</coordinates></Point>
</Placemark>
<Placemark>
<name>3G</name>
<Point><coordinates>85.26825744,25.59478738,0</coordinates></Point>
</Placemark>
<Placemark>
<name>5G</name>
<Point><coordinates>85.01930998,25.61709252,0</coordinates></Point>
</Placemark>
<Placemark>
<name>LTE</name>
<Point><coordinates>85.27896327,25.5346906,0</coordinates></Point>
</Placemark>
<Placemark>
<name>3G</name>
<Point><coordinates>85.02806889,25.61069721,0</coordinates></Point>
</Placemark>
<Placemark>
<name>4G</name>
<Point><coordinates>85.24372693,25.49392406,0</coordinates></Point>
</Placemark>
<Placemark>
<name>5G</name>
<Point><coordinates>85.00575484,25.5092219,0</coordinates></Point>
</Placemark>
<Placemark>
<name>5G</name>
<Point><coordinates>85.19271048,25.75668658,0</coordinates></Point>
</Placemark>
<Placemark>
<name>5G</name>
<Point><coordinates>85.25767804,25.46420714,0</coordinates></Point>
</Placemark>
<Placemark>
<name>LTE</name>
<Point><coordinates>85.30423136,25.54874554,0</coordinates></Point>
</Placemark>
<Placemark>
<name>4G</name>
<Point><coordinates>85.14958146,25.70012932,0</coordinates></Point>
</Placemark>
<Placemark>
<name>LTE</name>
<Point><coordinates>84.99937056,25.56689335,0</coordinates></Point>
</Placemark>
<Placemark>
<name>5G</name>
<Point><coordinates>85.12975342,25.52662401,0</coordinates></Point>
</Placemark>
<Placemark>
<name>3G</name>
<Point><coordinates>85.12599876,25.53345734,0</coordinates></Point>
</Placemark>
<Placemark>
<name>4G</name>
<Point><coordinates>85.24858047,25.64202552,0</coordinates></Point>
</Placemark>
<Placemark>
<name>4G</name>
<Point><coordinates>85.07817471,25.63391522,0</coordinates></Point>
</Placemark>
<Placemark>
<name>4G</name>
<Point><coordinates>85.02973826,25.64756546,0</coordinates></Point>
</Placemark>
<Placemark>
<name>4G</name>
<Point><coordinates>85.19865977,25.72621834,0</coordinates></Point>
</Placemark>
<Placemark>
<name>LTE</name>
<Point><coordinates>85.07202649,25.62133874,0</coordinates></Point>
</Placemark>
<Placemark>
<name>4G</name>
<Point><coordinates>85.12807971,25.73567482,0</coordinates></Point>
</Placemark>
<Placemark>
<name>3G</name>
<Point><coordinates>85.17734791,25.70269682,0</coordinates></Point>
</Placemark>
<Placemark>
<name>LTE</name>
<Point><coordinates>85.0363962,25.51104844,0</coordinates></Point>
</Placemark>
<Placemark>
<name>LTE</name>
<Point><coordinates>85.22230436,25.49274772,0</coordinates></Point>
</Placemark>
<Placemark>
<name>LTE</name>
<Point><coordinates>84.98104003,25.66611573,0</coordinates></Point>
</Placemark>
<Placemark>
<name>LTE</name>
<Point><coordinates>85.09690422,25.42627839,0</coordinates></Point>
</Placemark>
<Placemark>
<name>LTE</name>
<Point><coordinates>85.26149183,25.59654489,0</coordinates></Point>
</Placemark>
<Placemark>
<name>5G</name>
<Point><coordinates>85.00279702,25.54956309,0</coordinates></Point>
</Placemark>
<Placemark>
<name>LTE</name>
<Point><coordinates>85.10384719,25.54723848,0</coordinates></Point>
</Placemark>
<Placemark>
<name>4G</name>
<Point><coordinates>85.17875082,25.65153759,0</coordinates></Point>
</Placemark>
<Placemark>
<name>3G</name>
<Point><coordinates>85.05651426,25.68775981,0</coordinates></Point>
</Placemark>
<Placemark>
<name>3G</name>
<Point><coordinates>85.15007356,25.61894533,0</coordinates></Point>
</Placemark>
<Placemark>
<name>5G</name>
<Point><coordinates>85.27400877,25.4877464,0</coordinates></Point>
</Placemark>
<Placemark>
<name>3G</name>
<Point><coordinates>85.19925928,25.65983232,0</coordinates></Point>
</Placemark>
<Placemark>
<name>5G</name>
<Point><coordinates>85.2543621,25.60990947,0</coordinates></Point>
</Placemark>
<Placemark>
<name>3G</name>
<Point><coordinates>85.29666881,25.51507084,0</coordinates></Point>
</Placemark>
<Placemark>
<name>5G</name>
<Point><coordinates>85.06457849,25.70725,0</coordinates></Point>
</Placemark>
<Placemark>
<name>5G</name>
<Point><coordinates>85.17227051,25.47170446,0</coordinates></Point>
</Placemark>
<Placemark>
<name>3G</name>
<Point><coordinates>84.97945281,25.55436341,0</coordinates></Point>
</Placemark>
<Placemark>
<name>LTE</name>
<Point><coordinates>85.21217809,25.52090722,0</coordinates></Point>
</Placemark>
<Placemark>
<name>4G</name>
<Point><coordinates>85.26275405,25.61228937,0</coordinates></Point>
</Placemark>
<Placemark>
<name>LTE</name>
<Point><coordinates>85.11746612,25.66026459,0</coordinates></Point>
</Placemark>
<Placemark>
<name>4G</name>
<Point><coordinates>85.11456813,25.50921098,0</coordinates></Point>
</Placemark>
<Placemark>
<name>LTE</name>
<Point><coordinates>85.04874919,25.43961701,0</coordinates></Point>
</Placemark>
<Placemark>
<name>4G</name>
<Point><coordinates>85.15367641,25.658389,0</coordinates></Point>
</Placemark>
<Placemark>
<name>3G</name>
<Point><coordinates>85.19019132,25.52426823,0</coordinates></Point>
</Placemark>
<Placemark>
<name>4G</name>
<Point><coordinates>85.04301736,25.55444434,0</coordinates></Point>
</Placemark>
<Placemark>
<name>3G</name>
<Point><coordinates>85.15621622,25.45873884,0</coordinates></Point>
</Placemark>
<Placemark>
<name>LTE</name>
<Point><coordinates>85.09642585,25.65780799,0</coordinates></Point>
</Placemark>
<Placemark>
<name>3G</name>
<Point><coordinates>85.10151102,25.68230779,0</coordinates></Point>
</Placemark>
<Placemark>
<name>3G</name>
<Point><coordinates>85.28176337,25.58462573,0</coordinates></Point>
</Placemark>
<Placemark>
<name>3G</name>
<Point><coordinates>85.21725459,25.7401586,0</coordinates></Point>
</Placemark>
<Placemark>
<name>5G</name>
<Point><coordinates>85.07152596,25.55399702,0</coordinates></Point>
</Placemark>
<Placemark>
<name>3G</name>
<Point><coordinates>85.23688393,25.58243681,0</coordinates></Point>
</Placemark>
<Placemark>
<name>3G</name>
<Point><coordinates>85.12623529,25.72803556,0</coordinates></Point>
</Placemark>
<Placemark>
<name>LTE</name>
<Point><coordinates>85.15992947,25.72524944,0</coordinates></Point>
</Placemark>
<Placemark>
<name>3G</name>
<Point><coordinates>85.29621948,25.64521815,0</coordinates></Point>
</Placemark>
<Placemark>
<name>LTE</name>
<Point><coordinates>85.08409113,25.5437164,0</coordinates></Point>
</Placemark>
<Placemark>
<name>4G</name>
<Point><coordinates>85.18809143,25.59358577,0</coordinates></Point>
</Placemark>
<Placemark>
<name>3G</name>
<Point><coordinates>85.30253822,25.58269343,0</coordinates></Point>
</Placemark>
<Placemark>
<name>4G</name>
<Point><coordinates>84.99599213,25.54062494,0</coordinates></Point>
</Placemark>
<Placemark>
<name>4G</name>
<Point><coordinates>85.14692787,25.53498858,0</coordinates></Point>
</Placemark>
<Placemark>
<name>5G</name>
<Point><coordinates>85.23479089,25.66173458,0</coordinates></Point>
</Placemark>
<Placemark>
<name>5G</name>
<Point><coordinates>85.02149218,25.48866301,0</coordinates></Point>
</Placemark>
<Placemark>
<name>3G</name>
<Point><coordinates>85.13229795,25.72910216,0</coordinates></Point>
</Placemark>
<Placemark>
<name>5G</name>
<Point><coordinates>85.12526196,25.68213796,0</coordinates></Point>
</Placemark>
<Placemark>
<name>LTE</name>
<Point><coordinates>84.9844004,25.64994276,0</coordinates></Point>
</Placemark>
<Placemark>
<name>3G</name>
<Point><coordinates>85.23792138,25.65196862,0</coordinates></Point>
</Placemark>
<Placemark>
<name>5G</name>
<Point><coordinates>85.28676799,25.51290523,0</coordinates></Point>
</Placemark>
<Placemark>
<name>LTE</name>
<Point><coordinates>84.97296326,25.56431621,0</coordinates></Point>
</Placemark>
<Placemark>
<name>5G</name>
<Point><coordinates>85.24922939,25.71233795,0</coordinates></Point>
</Placemark>
<Placemark>
<name>4G</name>
<Point><coordinates>85.05690626,25.73701561,0</coordinates></Point>
</Placemark>
<Placemark>
<name>5G</name>
<Point><coordinates>85.09976483,25.56238633,0</coordinates></Point>
</Placemark>
<Placemark>
<name>4G</name>
<Point><coordinates>85.00696057,25.7129903,0</coordinates></Point>
</Placemark>
<Placemark>
<name>5G</name>
<Point><coordinates>85.12473469,25.5308121,0</coordinates></Point>
</Placemark>
<Placemark>
<name>3G</name>
<Point><coordinates>85.27199306,25.51990473,0</coordinates></Point>
</Placemark>
<Placemark>
<name>4G</name>
<Point><coordinates>85.27673842,25.52348576,0</coordinates></Point>
</Placemark>
<Placemark>
<name>LTE</name>
<Point><coordinates>85.1350271,25.53017866,0</coordinates></Point>
</Placemark>
<Placemark>
<name>5G</name>
<Point><coordinates>85.13755725,25.64521624,0</coordinates></Point>
</Placemark>
<Placemark>
<name>3G</name>
<Point><coordinates>84.97432886,25.58121708,0</coordinates></Point>
</Placemark>
<Placemark>
<name>3G</name>
<Point><coordinates>85.21696611,25.68732112,0</coordinates></Point>
</Placemark>
<Placemark>
<name>3G</name>
<Point><coordinates>85.15556701,25.75972094,0</coordinates></Point>
</Placemark>
<Placemark>
<name>LTE</name>
<Point><coordinates>85.05108202,25.68962435,0</coordinates></Point>
</Placemark>
<Placemark>
<name>LTE</name>
<Point><coordinates>84.9696779,25.55090956,0</coordinates></Point>
</Placemark>
<Placemark>
<name>3G</name>
<Point><coordinates>85.24239763,25.62795935,0</coordinates></Point>
</Placemark>
<Placemark>
<name>4G</name>
<Point><coordinates>85.16942205,25.6090113,0</coordinates></Point>
</Placemark>
<Placemark>
<name>3G</name>
<Point><coordinates>85.28590602,25.69487244,0</coordinates></Point>
</Placemark>
<Placemark>
<name>5G</name>
<Point><coordinates>85.06460984,25.69084324,0</coordinates></Point>
</Placemark>
<Placemark>
<name>4G</name>
<Point><coordinates>85.12508163,25.48734003,0</coordinates></Point>
</Placemark>
<Placemark>
<name>LTE</name>
<Point><coordinates>85.08982372,25.50216685,0</coordinates></Point>
</Placemark>
<Placemark>
<name>3G</name>
<Point><coordinates>85.09163283,25.7100325,0</coordinates></Point>
</Placemark>
<Placemark>
<name>4G</name>
<Point><coordinates>85.11210451,25.53984325,0</coordinates></Point>
</Placemark>
<Placemark>
<name>3G</name>
<Point><coordinates>85.072417,25.59264192,0</coordinates></Point>
</Placemark>
<Placemark>
<name>4G</name>
<Point><coordinates>85.09419779,25.66637476,0</coordinates></Point>
</Placemark>
<Placemark>
<name>LTE</name>
<Point><coordinates>85.22703063,25.64922575,0</coordinates></Point>
</Placemark>
<Placemark>
<name>LTE</name>
<Point><coordinates>85.14625798,25.46054148,0</coordinates></Point>
</Placemark>
<Placemark>
<name>4G</name>
<Point><coordinates>84.99011904,25.61992466,0</coordinates></Point>
</Placemark>
<Placemark>
<name>LTE</name>
<Point><coordinates>85.07415803,25.65793201,0</coordinates></Point>
</Placemark>
<Placemark>
<name>LTE</name>
<Point><coordinates>85.29164287,25.56213536,0</coordinates></Point>
</Placemark>
<Placemark>
<name>3G</name>
<Point><coordinates>85.01930454,25.56938433,0</coordinates></Point>
</Placemark>
<Placemark>
<name>4G</name>
<Point><coordinates>85.10055276,25.60223655,0</coordinates></Point>
</Placemark>
<Placemark>
<name>3G</name>
<Point><coordinates>85.03547753,25.4779167,0</coordinates></Point>
</Placemark>
<Placemark>
<name>4G</name>
<Point><coordinates>85.01055751,25.71874867,0</coordinates></Point>
</Placemark>
<Placemark>
<name>3G</name>
<Point><coordinates>85.0648271,25.46744024,0</coordinates></Point>
</Placemark>
<Placemark>
<name>5G</name>
<Point><coordinates>85.08806214,25.43996783,0</coordinates></Point>
</Placemark>
<Placemark>
<name>4G</name>
<Point><coordinates>85.05806953,25.71209971,0</coordinates></Point>
</Placemark>
<Placemark>
<name>5G</name>
<Point><coordinates>85.20655042,25.57157641,0</coordinates></Point>
</Placemark>
<Placemark>
<name>5G</name>
<Point><coordinates>85.06726143,25.75755344,0</coordinates></Point>
</Placemark>
<Placemark>
<name>3G</name>
<Point><coordinates>85.17698538,25.60264163,0</coordinates></Point>
</Placemark>
<Placemark>
<name>5G</name>
<Point><coordinates>85.17991066,25.426483,0</coordinates></Point>
</Placemark>
<Placemark>
<name>LTE</name>
<Point><coordinates>85.05998004,25.54841212,0</coordinates></Point>
</Placemark>
<Placemark>
<name>4G</name>
<Point><coordinates>85.09798988,25.44067031,0</coordinates></Point>
</Placemark>
<Placemark>
<name>3G</name>
<Point><coordinates>85.18635981,25.68363493,0</coordinates></Point>
</Placemark>
<Placemark>
<name>5G</name>
<Point><coordinates>85.18788342,25.70115826,0</coordinates></Point>
</Placemark>
<Placemark>
<name>5G</name>
<Point><coordinates>85.0678708,25.62681061,0</coordinates></Point>
</Placemark>
<Placemark>
<name>5G</name>
<Point><coordinates>85.21363864,25.50761831,0</coordinates></Point>
</Placemark>
<Placemark>
<name>5G</name>
<Point><coordinates>85.19889866,25.47558871,0</coordinates></Point>
</Placemark>
<Placemark>
<name>LTE</name>
<Point><coordinates>85.0988531,25.44093457,0</coordinates></Point>
</Placemark>
<Placemark>
<name>LTE</name>
<Point><coordinates>85.31033077,25.54892092,0</coordinates></Point>
</Placemark>
<Placemark>
<name>4G</name>
<Point><coordinates>85.2139969,25.64162753,0</coordinates></Point>
</Placemark>
<Placemark>
<name>5G</name>
<Point><coordinates>84.9608223,25.59968359,0</coordinates></Point>
</Placemark>
<Placemark>
<name>4G</name>
<Point><coordinates>84.98951382,25.59388788,0</coordinates></Point>
</Placemark>
<Placemark>
<name>5G</name>
<Point><coordinates>85.15199813,25.46240771,0</coordinates></Point>
</Placemark>
<Placemark>
<name>5G</name>
<Point><coordinates>85.05629623,25.51852422,0</coordinates></Point>
</Placemark>
<Placemark>
<name>3G</name>
<Point><coordinates>85.18844853,25.7534536,0</coordinates></Point>
</Placemark>
<Placemark>
<name>3G</name>
<Point><coordinates>85.04126464,25.7270776,0</coordinates></Point>
</Placemark>
<Placemark>
<name>5G</name>
<Point><coordinates>85.17254831,25.5459642,0</coordinates></Point>
</Placemark>
<Placemark>
<name>3G</name>
<Point><coordinates>84.99512861,25.49841989,0</coordinates></Point>
</Placemark>
<Placemark>
<name>5G</name>
<Point><coordinates>85.2440487,25.54891644,0</coordinates></Point>
</Placemark>
<Placemark>
<name>4G</name>
<Point><coordinates>85.01149483,25.4809519,0</coordinates></Point>
</Placemark>
<Placemark>
<name>3G</name>
<Point><coordinates>85.08617722,25.65887378,0</coordinates></Point>
</Placemark>
<Placemark>
<name>LTE</name>
<Point><coordinates>85.00130535,25.66438864,0</coordinates></Point>
</Placemark>
<Placemark>
<name>5G</name>
<Point><coordinates>85.05887975,25.6734162,0</coordinates></Point>
</Placemark>
<Placemark>
<name>LTE</name>
<Point><coordinates>84.99159281,25.61178395,0</coordinates></Point>
</Placemark>
<Placemark>
<name>5G</name>
<Point><coordinates>84.97146154,25.56784424,0</coordinates></Point>
</Placemark>
<Placemark>
<name>3G</name>
<Point><coordinates>85.25734083,25.70078161,0</coordinates></Point>
</Placemark>
<Placemark>
<name>3G</name>
<Point><coordinates>84.99192164,25.67870219,0</coordinates></Point>
</Placemark>
<Placemark>
<name>3G</name>
<Point><coordinates>85.1808218,25.72175501,0</coordinates></Point>
</Placemark>
<Placemark>
<name>3G</name>
<Point><coordinates>85.02837369,25.6895817,0</coordinates></Point>
</Placemark>
<Placemark>
<name>4G</name>
<Point><coordinates>85.08303718,25.52627634,0</coordinates></Point>
</Placemark>
<Placemark>
<name>4G</name>
<Point><coordinates>85.00811972,25.47111634,0</coordinates></Point>
</Placemark>
<Placemark>
<name>3G</name>
<Point><coordinates>85.10506125,25.70679154,0</coordinates></Point>
</Placemark>
<Placemark>
<name>LTE</name>
<Point><coordinates>85.27237002,25.63472924,0</coordinates></Point>
</Placemark>
<Placemark>
<name>LTE</name>
<Point><coordinates>85.16159711,25.62703989,0</coordinates></Point>
</Placemark>
<Placemark>
<name>LTE</name>
<Point><coordinates>84.96539329,25.61326231,0</coordinates></Point>
</Placemark>
<Placemark>
<name>3G</name>
<Point><coordinates>85.2087535,25.53096233,0</coordinates></Point>
</Placemark>
<Placemark>
<name>4G</name>
<Point><coordinates>85.27344932,25.54804675,0</coordinates></Point>
</Placemark>
<Placemark>
<name>5G</name>
<Point><coordinates>85.23627478,25.67644919,0</coordinates></Point>
</Placemark>
<Placemark>
<name>5G</name>
<Point><coordinates>85.21919628,25.46722112,0</coordinates></Point>
</Placemark>
<Placemark>
<name>3G</name>
<Point><coordinates>85.18408994,25.58217347,0</coordinates></Point>
</Placemark>
<Placemark>
<name>3G</name>
<Point><coordinates>85.19897679,25.6887948,0</coordinates></Point>
</Placemark>
<Placemark>
<name>LTE</name>
<Point><coordinates>85.21591394,25.57525902,0</coordinates></Point>
</Placemark>
<Placemark>
<name>3G</name>
<Point><coordinates>85.15602694,25.66069739,0</coordinates></Point>
</Placemark>
<Placemark>
<name>5G</name>
<Point><coordinates>85.19878748,25.68558908,0</coordinates></Point>
</Placemark>
<Placemark>
<name>4G</name>
<Point><coordinates>85.21029453,25.43776266,0</coordinates></Point>
</Placemark>
<Placemark>
<name>LTE</name>
<Point><coordinates>85.21726045,25.64396368,0</coordinates></Point>
</Placemark>
<Placemark>
<name>3G</name>
<Point><coordinates>84.99900167,25.63256656,0</coordinates></Point>
</Placemark>
<Placemark>
<name>LTE</name>
<Point><coordinates>85.15806017,25.73225743,0</coordinates></Point>
</Placemark>
<Placemark>
<name>3G</name>
<Point><coordinates>84.99406963,25.61510475,0</coordinates></Point>
</Placemark>
<Placemark>
<name>3G</name>
<Point><coordinates>85.00761622,25.69362398,0</coordinates></Point>
</Placemark>
<Placemark>
<name>LTE</name>
<Point><coordinates>85.15031871,25.46484225,0</coordinates></Point>
</Placemark>
<Placemark>
<name>4G</name>
<Point><coordinates>85.15149766,25.56455166,0</coordinates></Point>
</Placemark>
<Placemark>
<name>3G</name>
<Point><coordinates>85.1029089,25.74792152,0</coordinates></Point>
</Placemark>
<Placemark>
<name>LTE</name>
<Point><coordinates>85.08163769,25.68246977,0</coordinates></Point>
</Placemark>
<Placemark>
<name>3G</name>
<Point><coordinates>85.03203645,25.57348372,0</coordinates></Point>
</Placemark>
<Placemark>
<name>5G</name>
<Point><coordinates>85.22469848,25.53606622,0</coordinates></Point>
</Placemark>
<Placemark>
<name>3G</name>
<Point><coordinates>85.06638047,25.64313129,0</coordinates></Point>
</Placemark>
<Placemark>
<name>3G</name>
<Point><coordinates>85.02441527,25.63773711,0</coordinates></Point>
</Placemark>
<Placemark>
<name>4G</name>
<Point><coordinates>85.25790077,25.66817037,0</coordinates></Point>
</Placemark>
<Placemark>
<name>LTE</name>
<Point><coordinates>85.08262834,25.58929514,0</coordinates></Point>
</Placemark>
<Placemark>
<name>5G</name>
<Point><coordinates>85.0300977,25.55930283,0</coordinates></Point>
</Placemark>
<Placemark>
<name>4G</name>
<Point><coordinates>85.00498019,25.66644819,0</coordinates></Point>
</Placemark>
<Placemark>
<name>LTE</name>
<Point><coordinates>85.09993486,25.58063927,0</coordinates></Point>
</Placemark>
<Placemark>
<name>5G</name>
<Point><coordinates>85.04293509,25.62117142,0</coordinates></Point>
</Placemark>
<Placemark>
<name>4G</name>
<Point><coordinates>85.11457471,25.6221948,0</coordinates></Point>
</Placemark>
<Placemark>
<name>LTE</name>
<Point><coordinates>85.18120684,25.63565432,0</coordinates></Point>
</Placemark>
<Placemark>
<name>5G</name>
<Point><coordinates>85.26997967,25.59288244,0</coordinates></Point>
</Placemark>
<Placemark>
<name>LTE</name>
<Point><coordinates>85.01403425,25.57496898,0</coordinates></Point>
</Placemark>
<Placemark>
<name>4G</name>
<Point><coordinates>85.01297602,25.66752237,0</coordinates></Point>
</Placemark>
<Placemark>
<name>LTE</name>
<Point><coordinates>85.01988346,25.46760402,0</coordinates></Point>
</Placemark>
<Placemark>
<name>3G</name>
<Point><coordinates>85.23305941,25.73318751,0</coordinates></Point>
</Placemark>
<Placemark>
<name>4G</name>
<Point><coordinates>85.23485485,25.48211476,0</coordinates></Point>
</Placemark>
<Placemark>
<name>4G</name>
<Point><coordinates>85.13617158,25.63654473,0</coordinates></Point>
</Placemark>
<Placemark>
<name>5G</name>
<Point><coordinates>85.20318521,25.63800829,0</coordinates></Point>
</Placemark>
<Placemark>
<name>LTE</name>
<Point><coordinates>85.10656123,25.59813135,0</coordinates></Point>
</Placemark>
<Placemark>
<name>LTE</name>
<Point><coordinates>84.96861221,25.64324041,0</coordinates></Point>
</Placemark>
<Placemark>
<name>4G</name>
<Point><coordinates>85.03954791,25.60978803,0</coordinates></Point>
</Placemark>
<Placemark>
<name>4G</name>
<Point><coordinates>84.9832548,25.54944116,0</coordinates></Point>
</Placemark>
<Placemark>
<name>4G</name>
<Point><coordinates>84.97233405,25.52426155,0</coordinates></Point>
</Placemark>
<Placemark>
<name>3G</name>
<Point><coordinates>85.07634808,25.49181072,0</coordinates></Point>
</Placemark>
<Placemark>
<name>LTE</name>
<Point><coordinates>85.10888662,25.6908843,0</coordinates></Point>
</Placemark>
<Placemark>
<name>LTE</name>
<Point><coordinates>85.21690766,25.59890519,0</coordinates></Point>
</Placemark>
<Placemark>
<name>4G</name>
<Point><coordinates>85.05553006,25.43781794,0</coordinates></Point>
</Placemark>
<Placemark>
<name>LTE</name>
<Point><coordinates>85.11845125,25.71150709,0</coordinates></Point>
</Placemark>
<Placemark>
<name>3G</name>
<Point><coordinates>85.04616406,25.59268067,0</coordinates></Point>
</Placemark>
<Placemark>
<name>5G</name>
<Point><coordinates>85.17015585,25.69983797,0</coordinates></Point>
</Placemark>
<Placemark>
<name>LTE</name>
<Point><coordinates>85.19433319,25.62106586,0</coordinates></Point>
</Placemark>
<Placemark>
<name>5G</name>
<Point><coordinates>85.08989342,25.47843021,0</coordinates></Point>
</Placemark>
<Placemark>
<name>3G</name>
<Point><coordinates>85.07516142,25.59703635,0</coordinates></Point>
</Placemark>
<Placemark>
<name>5G</name>
<Point><coordinates>85.20717148,25.67291454,0</coordinates></Point>
</Placemark>
<Placemark>
<name>LTE</name>
<Point><coordinates>85.24660458,25.54049147,0</coordinates></Point>
</Placemark>
<Placemark>
<name>3G</name>
<Point><coordinates>85.01599863,25.64558687,0</coordinates></Point>
</Placemark>
<Placemark>
<name>LTE</name>
<Point><coordinates>84.99761574,25.48512189,0</coordinates></Point>
</Placemark>
<Placemark>
<name>4G</name>
<Point><coordinates>85.20645828,25.7253764,0</coordinates></Point>
</Placemark>
<Placemark>
<name>5G</name>
<Point><coordinates>85.01997147,25.72345004,0</coordinates></Point>
</Placemark>
<Placemark>
<name>3G</name>
<Point><coordinates>85.00738925,25.62840348,0</coordinates></Point>
</Placemark>
<Placemark>
<name>3G</name>
<Point><coordinates>85.08475148,25.64691296,0</coordinates></Point>
</Placemark>
<Placemark>
<name>4G</name>
<Point><coordinates>85.11124442,25.63959463,0</coordinates></Point>
</Placemark>
<Placemark>
<name>LTE</name>
<Point><coordinates>85.15342952,25.47890153,0</coordinates></Point>
</Placemark>
<Placemark>
<name>LTE</name>
<Point><coordinates>85.04889354,25.50785694,0</coordinates></Point>
</Placemark>
<Placemark>
<name>5G</name>
<Point><coordinates>85.18971554,25.66457449,0</coordinates></Point>
</Placemark>
<Placemark>
<name>3G</name>
<Point><coordinates>85.20669347,25.49402835,0</coordinates></Point>
</Placemark>
<Placemark>
<name>5G</name>
<Point><coordinates>85.29310807,25.57800234,0</coordinates></Point>
</Placemark>
<Placemark>
<name>3G</name>
<Point><coordinates>85.06358833,25.49207674,0</coordinates></Point>
</Placemark>
<Placemark>
<name>5G</name>
<Point><coordinates>85.00509931,25.55834149,0</coordinates></Point>
</Placemark>
<Placemark>
<name>5G</name>
<Point><coordinates>85.22717401,25.53474329,0</coordinates></Point>
</Placemark>
<Placemark>
<name>LTE</name>
<Point><coordinates>85.13020426,25.70639091,0</coordinates></Point>
</Placemark>
<Placemark>
<name>3G</name>
<Point><coordinates>85.05258707,25.48533812,0</coordinates></Point>
</Placemark>
<Placemark>
<name>4G</name>
<Point><coordinates>84.99884504,25.52432678,0</coordinates></Point>
</Placemark>
<Placemark>
<name>LTE</name>
<Point><coordinates>85.2434625,25.63893064,0</coordinates></Point>
</Placemark>
<Placemark>
<name>LTE</name>
<Point><coordinates>85.23490315,25.67850771,0</coordinates></Point>
</Placemark>
<Placemark>
<name>4G</name>
<Point><coordinates>85.26328581,25.67164522,0</coordinates></Point>
</Placemark>
<Placemark>
<name>4G</name>
<Point><coordinates>85.20037165,25.56777651,0</coordinates></Point>
</Placemark>
<Placemark>
<name>5G</name>
<Point><coordinates>85.08095922,25.47362057,0</coordinates></Point>
</Placemark>
<Placemark>
<name>5G</name>
<Point><coordinates>85.27543687,25.65993278,0</coordinates></Point>
</Placemark>
<Placemark>
<name>3G</name>
<Point><coordinates>85.27317242,25.55380661,0</coordinates></Point>
</Placemark>
<Placemark>
<name>3G</name>
<Point><coordinates>85.27312129,25.54392857,0</coordinates></Point>
</Placemark>
<Placemark>
<name>5G</name>
<Point><coordinates>85.18068298,25.71189661,0</coordinates></Point>
</Placemark>
<Placemark>
<name>5G</name>
<Point><coordinates>85.26435142,25.4728683,0</coordinates></Point>
</Placemark>
<Placemark>
<name>LTE</name>
<Point><coordinates>84.99253382,25.53870753,0</coordinates></Point>
</Placemark>
<Placemark>
<name>LTE</name>
<Point><coordinates>85.13303606,25.45869591,0</coordinates></Point>
</Placemark>
<Placemark>
<name>LTE</name>
<Point><coordinates>85.08401115,25.74927752,0</coordinates></Point>
</Placemark>
<Placemark>
<name>3G</name>
<Point><coordinates>85.00993571,25.66183974,0</coordinates></Point>
</Placemark>
<Placemark>
<name>3G</name>
<Point><coordinates>85.30397218,25.61429652,0</coordinates></Point>
</Placemark>
<Placemark>
<name>4G</name>
<Point><coordinates>85.1606103,25.53140132,0</coordinates></Point>
</Placemark>
<Placemark>
<name>LTE</name>
<Point><coordinates>85.22129302,25.47232755,0</coordinates></Point>
</Placemark>
<Placemark>
<name>LTE</name>
<Point><coordinates>85.27486872,25.66133166,0</coordinates></Point>
</Placemark>
<Placemark>
<name>4G</name>
<Point><coordinates>85.09358383,25.72768938,0</coordinates></Point>
</Placemark>
<Placemark>
<name>LTE</name>
<Point><coordinates>85.07334134,25.60574613,0</coordinates></Point>
</Placemark>
<Placemark>
<name>5G</name>
<Point><coordinates>85.28116217,25.61915606,0</coordinates></Point>
</Placemark>
<Placemark>
<name>4G</name>
<Point><coordinates>84.98105854,25.58171838,0</coordinates></Point>
</Placemark>
<Placemark>
<name>LTE</name>
<Point><coordinates>84.99587719,25.70315263,0</coordinates></Point>
</Placemark>
<Placemark>
<name>LTE</name>
<Point><coordinates>85.29006711,25.55671459,0</coordinates></Point>
</Placemark>
<Placemark>
<name>4G</name>
<Point><coordinates>85.23609307,25.49643253,0</coordinates></Point>
</Placemark>
<Placemark>
<name>5G</name>
<Point><coordinates>85.22730814,25.65411379,0</coordinates></Point>
</Placemark>
<Placemark>
<name>3G</name>
<Point><coordinates>85.16274751,25.65066773,0</coordinates></Point>
</Placemark>
<Placemark>
<name>3G</name>
<Point><coordinates>85.11546302,25.43968761,0</coordinates></Point>
</Placemark>
<Placemark>
<name>4G</name>
<Point><coordinates>85.21763629,25.47023705,0</coordinates></Point>
</Placemark>
<Placemark>
<name>LTE</name>
<Point><coordinates>85.03362118,25.74047282,0</coordinates></Point>
</Placemark>
<Placemark>
<name>3G</name>
<Point><coordinates>85.23538985,25.66713019,0</coordinates></Point>
</Placemark>
<Placemark>
<name>3G</name>
<Point><coordinates>85.1616663,25.6617358,0</coordinates></Point>
</Placemark>
<Placemark>
<name>LTE</name>
<Point><coordinates>85.19023016,25.42803234,0</coordinates></Point>
</Placemark>
<Placemark>
<name>4G</name>
<Point><coordinates>85.08024017,25.51635614,0</coordinates></Point>
</Placemark>
<Placemark>
<name>5G</name>
<Point><coordinates>85.11379156,25.48179232,0</coordinates></Point>
</Placemark>
<Placemark>
<name>3G</name>
<Point><coordinates>85.08568263,25.62706052,0</coordinates></Point>
</Placemark>
<Placemark>
<name>LTE</name>
<Point><coordinates>85.16662443,25.45807703,0</coordinates></Point>
</Placemark>
<Placemark>
<name>LTE</name>
<Point><coordinates>85.10547557,25.51499889,0</coordinates></Point>
</Placemark>
<Placemark>
<name>5G</name>
<Point><coordinates>85.13975861,25.51723001,0</coordinates></Point>
</Placemark>
<Placemark>
<name>LTE</name>
<Point><coordinates>85.19446503,25.58923454,0</coordinates></Point>
</Placemark>
<Placemark>
<name>5G</name>
<Point><coordinates>85.30296017,25.6056378,0</coordinates></Point>
</Placemark>
<Placemark>
<name>3G</name>
<Point><coordinates>85.05146292,25.52645463,0</coordinates></Point>
</Placemark>
<Placemark>
<name>4G</name>
<Point><coordinates>85.04726788,25.71259514,0</coordinates></Point>
</Placemark>
<Placemark>
<name>3G</name>
<Point><coordinates>85.02061068,25.65187288,0</coordinates></Point>
</Placemark>
<Placemark>
<name>LTE</name>
<Point><coordinates>85.19959713,25.58044193,0</coordinates></Point>
</Placemark>
<Placemark>
<name>3G</name>
<Point><coordinates>85.09129233,25.60877517,0</coordinates></Point>
</Placemark>
<Placemark>
<name>3G</name>
<Point><coordinates>85.279434,25.57038234,0</coordinates></Point>
</Placemark>
<Placemark>
<name>LTE</name>
<Point><coordinates>85.00151224,25.66954088,0</coordinates></Point>
</Placemark>
<Placemark>
<name>5G</name>
<Point><coordinates>85.15221041,25.55987429,0</coordinates></Point>
</Placemark>
<Placemark>
<name>LTE</name>
<Point><coordinates>85.17148579,25.50271272,0</coordinates></Point>
</Placemark>
<Placemark>
<name>3G</name>
<Point><coordinates>85.06248596,25.68696458,0</coordinates></Point>
</Placemark>
<Placemark>
<name>3G</name>
<Point><coordinates>85.28037892,25.61982813,0</coordinates></Point>
</Placemark>
<Placemark>
<name>3G</name>
<Point><coordinates>85.15098765,25.60978204,0</coordinates></Point>
</Placemark>
<Placemark>
<name>3G</name>
<Point><coordinates>85.01822771,25.57347301,0</coordinates></Point>
</Placemark>
<Placemark>
<name>5G</name>
<Point><coordinates>85.28598031,25.56264419,0</coordinates></Point>
</Placemark>
<Placemark>
<name>3G</name>
<Point><coordinates>85.2590882,25.70992595,0</coordinates></Point>
</Placemark>
<Placemark>
<name>LTE</name>
<Point><coordinates>85.14457546,25.71579532,0</coordinates></Point>
</Placemark>
<Placemark>
<name>4G</name>
<Point><coordinates>85.01517172,25.70914387,0</coordinates></Point>
</Placemark>
<Placemark>
<name>3G</name>
<Point><coordinates>85.27305397,25.62004307,0</coordinates></Point>
</Placemark>
<Placemark>
<name>LTE</name>
<Point><coordinates>84.9665449,25.55691463,0</coordinates></Point>
</Placemark>
<Placemark>
<name>3G</name>
<Point><coordinates>85.26093027,25.54696608,0</coordinates></Point>
</Placemark>
<Placemark>
<name>3G</name>
<Point><coordinates>85.05420924,25.69241702,0</coordinates></Point>
</Placemark>
<Placemark>
<name>5G</name>
<Point><coordinates>85.04383918,25.49656736,0</coordinates></Point>
</Placemark>
<Placemark>
<name>LTE</name>
<Point><coordinates>85.02873965,25.47627522,0</coordinates></Point>
</Placemark>
<Placemark>
<name>5G</name>
<Point><coordinates>85.27983979,25.57267167,0</coordinates></Point>
</Placemark>
<Placemark>
<name>4G</name>
<Point><coordinates>85.11654454,25.53130675,0</coordinates></Point>
</Placemark>
<Placemark>
<name>3G</name>
<Point><coordinates>85.22056239,25.72444163,0</coordinates></Point>
</Placemark>
<Placemark>
<name>5G</name>
<Point><coordinates>85.05305963,25.6950223,0</coordinates></Point>
</Placemark>
<Placemark>
<name>5G</name>
<Point><coordinates>85.19546545,25.46285869,0</coordinates></Point>
</Placemark>
<Placemark>
<name>4G</name>
<Point><coordinates>85.17000787,25.71542055,0</coordinates></Point>
</Placemark>
<Placemark>
<name>3G</name>
<Point><coordinates>85.30672076,25.56978435,0</coordinates></Point>
</Placemark>
<Placemark>
<name>4G</name>
<Point><coordinates>85.03324651,25.63695122,0</coordinates></Point>
</Placemark>
<Placemark>
<name>3G</name>
<Point><coordinates>85.15500706,25.67833827,0</coordinates></Point>
</Placemark>
<Placemark>
<name>3G</name>
<Point><coordinates>85.26487349,25.6333473,0</coordinates></Point>
</Placemark>
<Placemark>
<name>LTE</name>
<Point><coordinates>85.17406763,25.54882605,0</coordinates></Point>
</Placemark>
<Placemark>
<name>5G</name>
<Point><coordinates>85.23604407,25.4635694,0</coordinates></Point>
</Placemark>
<Placemark>
<name>3G</name>
<Point><coordinates>85.15396368,25.64287395,0</coordinates></Point>
</Placemark>
<Placemark>
<name>3G</name>
<Point><coordinates>85.19684639,25.71556006,0</coordinates></Point>
</Placemark>
<Placemark>
<name>4G</name>
<Point><coordinates>85.10482965,25.72419476,0</coordinates></Point>
</Placemark>
<Placemark>
<name>3G</name>
<Point><coordinates>85.2375583,25.7066341,0</coordinates></Point>
</Placemark>
<Placemark>
<name>LTE</name>
<Point><coordinates>85.2125015,25.45340434,0</coordinates></Point>
</Placemark>
<Placemark>
<name>3G</name>
<Point><coordinates>85.1346455,25.74378262,0</coordinates></Point>
</Placemark>
<Placemark>
<name>3G</name>
<Point><coordinates>85.14977056,25.63147532,0</coordinates></Point>
</Placemark>
<Placemark>
<name>5G</name>
<Point><coordinates>85.11986787,25.57588257,0</coordinates></Point>
</Placemark>
<Placemark>
<name>5G</name>
<Point><coordinates>85.03821952,25.66483659,0</coordinates></Point>
</Placemark>
<Placemark>
<name>LTE</name>
<Point><coordinates>85.19939116,25.67320227,0</coordinates></Point>
</Placemark>
<Placemark>
<name>4G</name>
<Point><coordinates>85.13263781,25.61448284,0</coordinates></Point>
</Placemark>
<Placemark>
<name>4G</name>
<Point><coordinates>85.0564136,25.59500744,0</coordinates></Point>
</Placemark>
<Placemark>
<name>5G</name>
<Point><coordinates>85.25433744,25.64175088,0</coordinates></Point>
</Placemark>
<Placemark>
<name>4G</name>
<Point><coordinates>85.22875789,25.61523596,0</coordinates></Point>
</Placemark>
<Placemark>
<name>4G</name>
<Point><coordinates>85.13754802,25.68922955,0</coordinates></Point>
</Placemark>
<Placemark>
<name>3G</name>
<Point><coordinates>85.20741526,25.59991734,0</coordinates></Point>
</Placemark>
<Placemark>
<name>LTE</name>
<Point><coordinates>84.97699609,25.560929,0</coordinates></Point>
</Placemark>
<Placemark>
<name>5G</name>
<Point><coordinates>85.16048987,25.52590295,0</coordinates></Point>
</Placemark>
<Placemark>
<name>3G</name>
<Point><coordinates>85.09657195,25.43727464,0</coordinates></Point>
</Placemark>
<Placemark>
<name>4G</name>
<Point><coordinates>85.13303487,25.62236191,0</coordinates></Point>
</Placemark>
<Placemark>
<name>4G</name>
<Point><coordinates>85.07803716,25.57287414,0</coordinates></Point>
</Placemark>
<Placemark>
<name>3G</name>
<Point><coordinates>85.1407816,25.56416143,0</coordinates></Point>
</Placemark>
<Placemark>
<name>LTE</name>
<Point><coordinates>85.02321318,25.73025567,0</coordinates></Point>
</Placemark>
<Placemark>
<name>LTE</name>
<Point><coordinates>85.24345195,25.67530283,0</coordinates></Point>
</Placemark>
<Placemark>
<name>LTE</name>
<Point><coordinates>85.09185386,25.48848146,0</coordinates></Point>
</Placemark>
<Placemark>
<name>4G</name>
<Point><coordinates>85.28215284,25.5499565,0</coordinates></Point>
</Placemark>
<Placemark>
<name>5G</name>
<Point><coordinates>85.24873606,25.64488895,0</coordinates></Point>
</Placemark>
<Placemark>
<name>5G</name>
<Point><coordinates>85.05873747,25.49773493,0</coordinates></Point>
</Placemark>
<Placemark>
<name>4G</name>
<Point><coordinates>85.19056291,25.64593342,0</coordinates></Point>
</Placemark>
<Placemark>
<name>LTE</name>
<Point><coordinates>85.15351543,25.60784595,0</coordinates></Point>
</Placemark>
<Placemark>
<name>3G</name>
<Point><coordinates>85.10702419,25.62976459,0</coordinates></Point>
</Placemark>
<Placemark>
<name>LTE</name>
<Point><coordinates>85.018924,25.54699039,0</coordinates></Point>
</Placemark>
<Placemark>
<name>LTE</name>
<Point><coordinates>84.9929165,25.50555788,0</coordinates></Point>
</Placemark>
<Placemark>
<name>4G</name>
<Point><coordinates>85.06086004,25.48056779,0</coordinates></Point>
</Placemark>
<Placemark>
<name>3G</name>
<Point><coordinates>85.13715986,25.51184099,0</coordinates></Point>
</Placemark>
<Placemark>
<name>LTE</name>
<Point><coordinates>85.12866818,25.54426408,0</coordinates></Point>
</Placemark>
<Placemark>
<name>4G</name>
<Point><coordinates>85.13047685,25.63256848,0</coordinates></Point>
</Placemark>
<Placemark>
<name>4G</name>
<Point><coordinates>85.13762755,25.71846286,0</coordinates></Point>
</Placemark>
<Placemark>
<name>5G</name>
<Point><coordinates>85.16825949,25.7283031,0</coordinates></Point>
</Placemark>
<Placemark>
<name>4G</name>
<Point><coordinates>85.06980453,25.44623821,0</coordinates></Point>
</Placemark>
<Placemark>
<name>3G</name>
<Point><coordinates>85.06007021,25.65763159,0</coordinates></Point>
</Placemark>
<Placemark>
<name>5G</name>
<Point><coordinates>85.01675016,25.62619438,0</coordinates></Point>
</Placemark>
<Placemark>
<name>5G</name>
<Point><coordinates>85.02362488,25.4841625,0</coordinates></Point>
</Placemark>
<Placemark>
<name>4G</name>
<Point><coordinates>85.21608552,25.56666447,0</coordinates></Point>
</Placemark>
<Placemark>
<name>3G</name>
<Point><coordinates>85.24224269,25.58821098,0</coordinates></Point>
</Placemark>
<Placemark>
<name>3G</name>
<Point><coordinates>85.20875044,25.75114981,0</coordinates></Point>
</Placemark>
<Placemark>
<name>3G</name>
<Point><coordinates>85.21762044,25.48860959,0</coordinates></Point>
</Placemark>
<Placemark>
<name>5G</name>
<Point><coordinates>85.24336325,25.60729726,0</coordinates></Point>
</Placemark>
<Placemark>
<name>4G</name>
<Point><coordinates>85.11674422,25.54443786,0</coordinates></Point>
</Placemark>
<Placemark>
<name>4G</name>
<Point><coordinates>85.20197941,25.68341142,0</coordinates></Point>
</Placemark>
<Placemark>
<name>3G</name>
<Point><coordinates>85.22295307,25.44428544,0</coordinates></Point>
</Placemark>
<Placemark>
<name>4G</name>
<Point><coordinates>85.15179527,25.60461649,0</coordinates></Point>
</Placemark>
<Placemark>
<name>3G</name>
<Point><coordinates>85.10518955,25.64433949,0</coordinates></Point>
</Placemark>
<Placemark>
<name>5G</name>
<Point><coordinates>85.16576501,25.54493702,0</coordinates></Point>
</Placemark>
<Placemark>
<name>4G</name>
<Point><coordinates>85.01795764,25.71538361,0</coordinates></Point>
</Placemark>
<Placemark>
<name>4G</name>
<Point><coordinates>85.11641129,25.63203544,0</coordinates></Point>
</Placemark>
<Placemark>
<name>LTE</name>
<Point><coordinates>85.17910845,25.59558572,0</coordinates></Point>
</Placemark>
<Placemark>
<name>LTE</name>
<Point><coordinates>85.15483454,25.61963598,0</coordinates></Point>
</Placemark>
<Placemark>
<name>4G</name>
<Point><coordinates>85.20112937,25.57410977,0</coordinates></Point>
</Placemark>
<Placemark>
<name>LTE</name>
<Point><coordinates>85.19702527,25.71723808,0</coordinates></Point>
</Placemark>
<Placemark>
<name>5G</name>
<Point><coordinates>85.1049722,25.74730578,0</coordinates></Point>
</Placemark>
<Placemark>
<name>3G</name>
<Point><coordinates>85.16734437,25.57997351,0</coordinates></Point>
</Placemark>
<Placemark>
<name>LTE</name>
<Point><coordinates>85.17740842,25.7357613,0</coordinates></Point>
</Placemark>
<Placemark>
<name>5G</name>
<Point><coordinates>85.16269251,25.62691305,0</coordinates></Point>
</Placemark>
<Placemark>
<name>3G</name>
<Point><coordinates>85.03422762,25.63876917,0</coordinates></Point>
</Placemark>
<Placemark>
<name>4G</name>
<Point><coordinates>85.25399446,25.51502317,0</coordinates></Point>
</Placemark>
<Placemark>
<name>3G</name>
<Point><coordinates>85.08905282,25.65366646,0</coordinates></Point>
</Placemark>
<Placemark>
<name>3G</name>
<Point><coordinates>85.12661367,25.68844247,0</coordinates></Point>
</Placemark>
<Placemark>
<name>4G</name>
<Point><coordinates>85.03984847,25.64472126,0</coordinates></Point>
</Placemark>
<Placemark>
<name>LTE</name>
<Point><coordinates>84.98727456,25.60888621,0</coordinates></Point>
</Placemark>
<Placemark>
<name>LTE</name>
<Point><coordinates>85.0360229,25.54519158,0</coordinates></Point>
</Placemark>
<Placemark>
<name>LTE</name>
<Point><coordinates>85.22853121,25.57007709,0</coordinates></Point>
</Placemark>
<Placemark>
<name>3G</name>
<Point><coordinates>85.14159687,25.71599709,0</coordinates></Point>
</Placemark>
<Placemark>
<name>LTE</name>
<Point><coordinates>85.04819301,25.49218622,0</coordinates></Point>
</Placemark>
<Placemark>
<name>4G</name>
<Point><coordinates>85.12802028,25.43033415,0</coordinates></Point>
</Placemark>
<Placemark>
<name>4G</name>
<Point><coordinates>84.99165717,25.66969636,0</coordinates></Point>
</Placemark>
<Placemark>
<name>5G</name>
<Point><coordinates>85.2798681,25.68761543,0</coordinates></Point>
</Placemark>
<Placemark>
<name>4G</name>
<Point><coordinates>85.10760092,25.6888125,0</coordinates></Point>
</Placemark>
<Placemark>
<name>4G</name>
<Point><coordinates>85.15249527,25.72287709,0</coordinates></Point>
</Placemark>
<Placemark>
<name>3G</name>
<Point><coordinates>85.08394213,25.63765288,0</coordinates></Point>
</Placemark>
<Placemark>
<name>4G</name>
<Point><coordinates>85.17270106,25.61703811,0</coordinates></Point>
</Placemark>
<Placemark>
<name>3G</name>
<Point><coordinates>85.06066508,25.74843022,0</coordinates></Point>
</Placemark>
<Placemark>
<name>4G</name>
<Point><coordinates>85.23708588,25.67286516,0</coordinates></Point>
</Placemark>
<Placemark>
<name>3G</name>
<Point><coordinates>85.20511214,25.6699384,0</coordinates></Point>
</Placemark>
<Placemark>
<name>LTE</name>
<Point><coordinates>84.97696572,25.5888022,0</coordinates></Point>
</Placemark>
<Placemark>
<name>5G</name>
<Point><coordinates>85.2429211,25.47092601,0</coordinates></Point>
</Placemark>
<Placemark>
<name>4G</name>
<Point><coordinates>85.27114914,25.53781406,0</coordinates></Point>
</Placemark>
<Placemark>
<name>3G</name>
<Point><coordinates>85.17096956,25.43471485,0</coordinates></Point>
</Placemark>
<Placemark>
<name>LTE</name>
<Point><coordinates>85.18332108,25.58838249,0</coordinates></Point>
</Placemark>
<Placemark>
<name>LTE</name>
<Point><coordinates>85.06736502,25.62119178,0</coordinates></Point>
</Placemark>
<Placemark>
<name>5G</name>
<Point><coordinates>85.10905534,25.54328101,0</coordinates></Point>
</Placemark>
<Placemark>
<name>5G</name>
<Point><coordinates>85.04183049,25.45312501,0</coordinates></Point>
</Placemark>
<Placemark>
<name>3G</name>
<Point><coordinates>85.18685389,25.5771487,0</coordinates></Point>
</Placemark>
<Placemark>
<name>4G</name>
<Point><coordinates>85.20715334,25.48966687,0</coordinates></Point>
</Placemark>
<Placemark>
<name>LTE</name>
<Point><coordinates>85.03808489,25.72842193,0</coordinates></Point>
</Placemark>
<Placemark>
<name>4G</name>
<Point><coordinates>85.12788656,25.46275614,0</coordinates></Point>
</Placemark>
<Placemark>
<name>4G</name>
<Point><coordinates>85.0201859,25.58813475,0</coordinates></Point>
</Placemark>
<Placemark>
<name>4G</name>
<Point><coordinates>85.23444864,25.52300306,0</coordinates></Point>
</Placemark>
<Placemark>
<name>3G</name>
<Point><coordinates>85.10415244,25.76776344,0</coordinates></Point>
</Placemark>
<Placemark>
<name>4G</name>
<Point><coordinates>85.16040743,25.53062898,0</coordinates></Point>
</Placemark>
<Placemark>
<name>3G</name>
<Point><coordinates>85.17231068,25.7247112,0</coordinates></Point>
</Placemark>
<Placemark>
<name>3G</name>
<Point><coordinates>85.12188693,25.55481093,0</coordinates></Point>
</Placemark>
<Placemark>
<name>5G</name>
<Point><coordinates>85.27255422,25.67106748,0</coordinates></Point>
</Placemark>
<Placemark>
<name>4G</name>
<Point><coordinates>85.13785878,25.61118767,0</coordinates></Point>
</Placemark>
<Placemark>
<name>4G</name>
<Point><coordinates>84.99844669,25.5516147,0</coordinates></Point>
</Placemark>
<Placemark>
<name>LTE</name>
<Point><coordinates>85.00865641,25.55321337,0</coordinates></Point>
</Placemark>
<Placemark>
<name>3G</name>
<Point><coordinates>85.0138066,25.70654036,0</coordinates></Point>
</Placemark>
<Placemark>
<name>LTE</name>
<Point><coordinates>85.10645878,25.43043056,0</coordinates></Point>
</Placemark>
<Placemark>
<name>5G</name>
<Point><coordinates>85.20662318,25.43284047,0</coordinates></Point>
</Placemark>
<Placemark>
<name>LTE</name>
<Point><coordinates>85.07088119,25.72892616,0</coordinates></Point>
</Placemark>
<Placemark>
<name>4G</name>
<Point><coordinates>85.26971994,25.70579419,0</coordinates></Point>
</Placemark>
<Placemark>
<name>4G</name>
<Point><coordinates>85.2621089,25.56299272,0</coordinates></Point>
</Placemark>
<Placemark>
<name>4G</name>
<Point><coordinates>85.05223403,25.59956641,0</coordinates></Point>
</Placemark>
<Placemark>
<name>4G</name>
<Point><coordinates>85.30894408,25.549896,0</coordinates></Point>
</Placemark>
<Placemark>
<name>4G</name>
<Point><coordinates>85.13102102,25.6242465,0</coordinates></Point>
</Placemark>
<Placemark>
<name>4G</name>
<Point><coordinates>85.00890246,25.60341786,0</coordinates></Point>
</Placemark>
<Placemark>
<name>3G</name>
<Point><coordinates>85.08973577,25.55950772,0</coordinates></Point>
</Placemark>
<Placemark>
<name>4G</name>
<Point><coordinates>85.10482803,25.43992767,0</coordinates></Point>
</Placemark>
<Placemark>
<name>LTE</name>
<Point><coordinates>85.23140329,25.50767731,0</coordinates></Point>
</Placemark>
<Placemark>
<name>LTE</name>
<Point><coordinates>85.07922502,25.55925782,0</coordinates></Point>
</Placemark>
<Placemark>
<name>4G</name>
<Point><coordinates>85.18719588,25.67370168,0</coordinates></Point>
</Placemark>
<Placemark>
<name>5G</name>
<Point><coordinates>85.18852099,25.4843624,0</coordinates></Point>
</Placemark>
<Placemark>
<name>3G</name>
<Point><coordinates>85.23757973,25.61823576,0</coordinates></Point>
</Placemark>
<Placemark>
<name>LTE</name>
<Point><coordinates>85.04673422,25.54442346,0</coordinates></Point>
</Placemark>
<Placemark>
<name>LTE</name>
<Point><coordinates>85.15391538,25.64588766,0</coordinates></Point>
</Placemark>
<Placemark>
<name>LTE</name>
<Point><coordinates>84.97660944,25.51441704,0</coordinates></Point>
</Placemark>
<Placemark>
<name>4G</name>
<Point><coordinates>84.9966748,25.49080389,0</coordinates></Point>
</Placemark>
<Placemark>
<name>4G</name>
<Point><coordinates>85.05245614,25.48455914,0</coordinates></Point>
</Placemark>
<Placemark>
<name>5G</name>
<Point><coordinates>85.12309654,25.66701462,0</coordinates></Point>
</Placemark>
<Placemark>
<name>5G</name>
<Point><coordinates>85.10774038,25.76383751,0</coordinates></Point>
</Placemark>
<Placemark>
<name>LTE</name>
<Point><coordinates>85.21419261,25.47598596,0</coordinates></Point>
</Placemark>
<Placemark>
<name>3G</name>
<Point><coordinates>85.04684328,25.71218815,0</coordinates></Point>
</Placemark>
<Placemark>
<name>3G</name>
<Point><coordinates>85.15479006,25.52791454,0</coordinates></Point>
</Placemark>
<Placemark>
<name>5G</name>
<Point><coordinates>85.25336388,25.50975006,0</coordinates></Point>
</Placemark>
<Placemark>
<name>5G</name>
<Point><coordinates>85.09920211,25.5305681,0</coordinates></Point>
</Placemark>
<Placemark>
<name>LTE</name>
<Point><coordinates>85.21736559,25.64831661,0</coordinates></Point>
</Placemark>
<Placemark>
<name>3G</name>
<Point><coordinates>85.04792384,25.6619314,0</coordinates></Point>
</Placemark>
<Placemark>
<name>LTE</name>
<Point><coordinates>85.19659249,25.4250716,0</coordinates></Point>
</Placemark>
<Placemark>
<name>5G</name>
<Point><coordinates>85.27105994,25.60974786,0</coordinates></Point>
</Placemark>
<Placemark>
<name>3G</name>
<Point><coordinates>85.12770363,25.69436739,0</coordinates></Point>
</Placemark>
<Placemark>
<name>5G</name>
<Point><coordinates>85.12857105,25.43945695,0</coordinates></Point>
</Placemark>
<Placemark>
<name>LTE</name>
<Point><coordinates>85.24458143,25.5951413,0</coordinates></Point>
</Placemark>
<Placemark>
<name>3G</name>
<Point><coordinates>85.15725283,25.48658546,0</coordinates></Point>
</Placemark>
<Placemark>
<name>4G</name>
<Point><coordinates>85.05691074,25.45481923,0</coordinates></Point>
</Placemark>
<Placemark>
<name>3G</name>
<Point><coordinates>85.26760771,25.68077503,0</coordinates></Point>
</Placemark>
<Placemark>
<name>3G</name>
<Point><coordinates>85.06977514,25.73256884,0</coordinates></Point>
</Placemark>
<Placemark>
<name>3G</name>
<Point><coordinates>85.12057149,25.68647978,0</coordinates></Point>
</Placemark>
<Placemark>
<name>4G</name>
<Point><coordinates>85.24092237,25.6990722,0</coordinates></Point>
</Placemark>
<Placemark>
<name>LTE</name>
<Point><coordinates>85.1425736,25.51633486,0</coordinates></Point>
</Placemark>
<Placemark>
<name>4G</name>
<Point><coordinates>85.07325968,25.54860946,0</coordinates></Point>
</Placemark>
<Placemark>
<name>3G</name>
<Point><coordinates>85.13209936,25.43560885,0</coordinates></Point>
</Placemark>
<Placemark>
<name>4G</name>
<Point><coordinates>85.17136719,25.43651279,0</coordinates></Point>
</Placemark>
<Placemark>
<name>5G</name>
<Point><coordinates>85.18191855,25.49335392,0</coordinates></Point>
</Placemark>
<Placemark>
<name>3G</name>
<Point><coordinates>85.13251683,25.65604144,0</coordinates></Point>
</Placemark>
<Placemark>
<name>LTE</name>
<Point><coordinates>85.23262927,25.47640929,0</coordinates></Point>
</Placemark>
<Placemark>
<name>LTE</name>
<Point><coordinates>85.19933633,25.753197,0</coordinates></Point>
</Placemark>
<Placemark>
<name>LTE</name>
<Point><coordinates>85.14188881,25.6999483,0</coordinates></Point>
</Placemark>
<Placemark>
<name>4G</name>
<Point><coordinates>85.13661256,25.62285287,0</coordinates></Point>
</Placemark>
<Placemark>
<name>4G</name>
<Point><coordinates>85.26907855,25.59777167,0</coordinates></Point>
</Placemark>
<Placemark>
<name>3G</name>
<Point><coordinates>85.04757475,25.45494311,0</coordinates></Point>
</Placemark>
<Placemark>
<name>4G</name>
<Point><coordinates>84.98894989,25.67447361,0</coordinates></Point>
</Placemark>
<Placemark>
<name>3G</name>
<Point><coordinates>85.22574894,25.4411104,0</coordinates></Point>
</Placemark>
<Placemark>
<name>LTE</name>
<Point><coordinates>85.22358147,25.59033993,0</coordinates></Point>
</Placemark>
<Placemark>
<name>5G</name>
<Point><coordinates>85.06419504,25.62278324,0</coordinates></Point>
</Placemark>
<Placemark>
<name>4G</name>
<Point><coordinates>85.13087846,25.46461471,0</coordinates></Point>
</Placemark>
<Placemark>
<name>3G</name>
<Point><coordinates>85.25440723,25.50838488,0</coordinates></Point>
</Placemark>
<Placemark>
<name>3G</name>
<Point><coordinates>85.25998246,25.7253932,0</coordinates></Point>
</Placemark>
<Placemark>
<name>3G</name>
<Point><coordinates>85.24286714,25.72669977,0</coordinates></Point>
</Placemark>
<Placemark>
<name>5G</name>
<Point><coordinates>85.18639191,25.68779175,0</coordinates></Point>
</Placemark>
<Placemark>
<name>LTE</name>
<Point><coordinates>85.29466436,25.66088308,0</coordinates></Point>
</Placemark>
<Placemark>
<name>3G</name>
<Point><coordinates>85.12596156,25.75029832,0</coordinates></Point>
</Placemark>
<Placemark>
<name>3G</name>
<Point><coordinates>85.29161708,25.63226459,0</coordinates></Point>
</Placemark>
<Placemark>
<name>3G</name>
<Point><coordinates>85.06126875,25.71953055,0</coordinates></Point>
</Placemark>
<Placemark>
<name>3G</name>
<Point><coordinates>85.2596846,25.58939238,0</coordinates></Point>
</Placemark>
<Placemark>
<name>5G</name>
<Point><coordinates>85.13202616,25.64656334,0</coordinates></Point>
</Placemark>
<Placemark>
<name>3G</name>
<Point><coordinates>85.14332473,25.70217177,0</coordinates></Point>
</Placemark>
<Placemark>
<name>5G</name>
<Point><coordinates>85.11811525,25.74592593,0</coordinates></Point>
</Placemark>
<Placemark>
<name>LTE</name>
<Point><coordinates>85.00414626,25.63079284,0</coordinates></Point>
</Placemark>
<Placemark>
<name>4G</name>
<Point><coordinates>85.10239129,25.44063666,0</coordinates></Point>
</Placemark>
<Placemark>
<name>LTE</name>
<Point><coordinates>85.11908943,25.74257044,0</coordinates></Point>
</Placemark>
<Placemark>
<name>4G</name>
<Point><coordinates>85.095892,25.56309941,0</coordinates></Point>
</Placemark>
<Placemark>
<name>LTE</name>
<Point><coordinates>85.06336334,25.66840184,0</coordinates></Point>
</Placemark>
<Placemark>
<name>5G</name>
<Point><coordinates>84.96967531,25.53662878,0</coordinates></Point>
</Placemark>
<Placemark>
<name>3G</name>
<Point><coordinates>85.19940382,25.43519126,0</coordinates></Point>
</Placemark>
<Placemark>
<name>4G</name>
<Point><coordinates>85.25154192,25.54706752,0</coordinates></Point>
</Placemark>
<Placemark>
<name>4G</name>
<Point><coordinates>85.06927743,25.42981222,0</coordinates></Point>
</Placemark>
<Placemark>
<name>5G</name>
<Point><coordinates>85.17997028,25.66843962,0</coordinates></Point>
</Placemark>
<Placemark>
<name>LTE</name>
<Point><coordinates>85.00734349,25.71266488,0</coordinates></Point>
</Placemark>
<Placemark>
<name>3G</name>
<Point><coordinates>85.08779095,25.50369205,0</coordinates></Point>
</Placemark>
<Placemark>
<name>5G</name>
<Point><coordinates>85.08689979,25.76454382,0</coordinates></Point>
</Placemark>
<Placemark>
<name>5G</name>
<Point><coordinates>84.99734683,25.62190952,0</coordinates></Point>
</Placemark>
<Placemark>
<name>5G</name>
<Point><coordinates>85.0097194,25.6112025,0</coordinates></Point>
</Placemark>
<Placemark>
<name>5G</name>
<Point><coordinates>85.11898803,25.74523605,0</coordinates></Point>
</Placemark>
<Placemark>
<name>5G</name>
<Point><coordinates>85.26648443,25.61891702,0</coordinates></Point>
</Placemark>
<Placemark>
<name>5G</name>
<Point><coordinates>85.14141216,25.64408869,0</coordinates></Point>
</Placemark>
<Placemark>
<name>5G</name>
<Point><coordinates>85.18618021,25.75810471,0</coordinates></Point>
</Placemark>
<Placemark>
<name>LTE</name>
<Point><coordinates>85.15708782,25.76155258,0</coordinates></Point>
</Placemark>
<Placemark>
<name>5G</name>
<Point><coordinates>85.09107828,25.75035039,0</coordinates></Point>
</Placemark>
<Placemark>
<name>4G</name>
<Point><coordinates>85.19385155,25.69144119,0</coordinates></Point>
</Placemark>
<Placemark>
<name>4G</name>
<Point><coordinates>85.14924738,25.55965941,0</coordinates></Point>
</Placemark>
<Placemark>
<name>3G</name>
<Point><coordinates>85.12611902,25.73325023,0</coordinates></Point>
</Placemark>
<Placemark>
<name>3G</name>
<Point><coordinates>84.98879156,25.56151778,0</coordinates></Point>
</Placemark>
<Placemark>
<name>3G</name>
<Point><coordinates>85.19340834,25.42713793,0</coordinates></Point>
</Placemark>
<Placemark>
<name>5G</name>
<Point><coordinates>85.1540058,25.53604202,0</coordinates></Point>
</Placemark>
<Placemark>
<name>3G</name>
<Point><coordinates>85.13398025,25.58497702,0</coordinates></Point>
</Placemark>
<Placemark>
<name>LTE</name>
<Point><coordinates>85.2171381,25.54601755,0</coordinates></Point>
</Placemark>
<Placemark>
<name>LTE</name>
<Point><coordinates>85.12295913,25.43033994,0</coordinates></Point>
</Placemark>
<Placemark>
<name>3G</name>
<Point><coordinates>85.00655487,25.61364805,0</coordinates></Point>
</Placemark>
<Placemark>
<name>LTE</name>
<Point><coordinates>85.11487329,25.48114882,0</coordinates></Point>
</Placemark>
<Placemark>
<name>5G</name>
<Point><coordinates>85.30700655,25.60615974,0</coordinates></Point>
</Placemark>
<Placemark>
<name>5G</name>
<Point><coordinates>85.12958914,25.58460647,0</coordinates></Point>
</Placemark>
<Placemark>
<name>5G</name>
<Point><coordinates>85.07227748,25.60619662,0</coordinates></Point>
</Placemark>
<Placemark>
<name>LTE</name>
<Point><coordinates>85.12700943,25.4460967,0</coordinates></Point>
</Placemark>
<Placemark>
<name>4G</name>
<Point><coordinates>85.26242539,25.48298474,0</coordinates></Point>
</Placemark>
<Placemark>
<name>3G</name>
<Point><coordinates>85.18934252,25.50225043,0</coordinates></Point>
</Placemark>
<Placemark>
<name>4G</name>
<Point><coordinates>85.05516674,25.48517028,0</coordinates></Point>
</Placemark>
<Placemark>
<name>3G</name>
<Point><coordinates>85.14917444,25.53550451,0</coordinates></Point>
</Placemark>
<Placemark>
<name>LTE</name>
<Point><coordinates>85.24811401,25.64413757,0</coordinates></Point>
</Placemark>
<Placemark>
<name>4G</name>
<Point><coordinates>85.10154981,25.72293362,0</coordinates></Point>
</Placemark>
<Placemark>
<name>5G</name>
<Point><coordinates>85.21894394,25.7150561,0</coordinates></Point>
</Placemark>
<Placemark>
<name>5G</name>
<Point><coordinates>85.2179405,25.5265877,0</coordinates></Point>
</Placemark>
<Placemark>
<name>4G</name>
<Point><coordinates>85.23431167,25.45078381,0</coordinates></Point>
</Placemark>
<Placemark>
<name>5G</name>
<Point><coordinates>85.1256121,25.75685484,0</coordinates></Point>
</Placemark>
<Placemark>
<name>3G</name>
<Point><coordinates>85.2818165,25.63368957,0</coordinates></Point>
</Placemark>
<Placemark>
<name>3G</name>
<Point><coordinates>85.18439651,25.48226743,0</coordinates></Point>
</Placemark>
<Placemark>
<name>4G</name>
<Point><coordinates>85.20871245,25.50170815,0</coordinates></Point>
</Placemark>
<Placemark>
<name>LTE</name>
<Point><coordinates>85.16348089,25.70964671,0</coordinates></Point>
</Placemark>
<Placemark>
<name>5G</name>
<Point><coordinates>85.08990224,25.62107558,0</coordinates></Point>
</Placemark>
<Placemark>
<name>LTE</name>
<Point><coordinates>85.1983583,25.46476639,0</coordinates></Point>
</Placemark>
<Placemark>
<name>5G</name>
<Point><coordinates>85.03530052,25.62223959,0</coordinates></Point>
</Placemark>
<Placemark>
<name>4G</name>
<Point><coordinates>85.15249261,25.73829047,0</coordinates></Point>
</Placemark>
<Placemark>
<name>5G</name>
<Point><coordinates>85.05070745,25.63970318,0</coordinates></Point>
</Placemark>
<Placemark>
<name>5G</name>
<Point><coordinates>85.21955366,25.71363181,0</coordinates></Point>
</Placemark>
<Placemark>
<name>5G</name>
<Point><coordinates>85.28594802,25.67937517,0</coordinates></Point>
</Placemark>
<Placemark>
<name>4G</name>
<Point><coordinates>85.25395754,25.65519509,0</coordinates></Point>
</Placemark>
<Placemark>
<name>4G</name>
<Point><coordinates>85.03327748,25.51802813,0</coordinates></Point>
</Placemark>
<Placemark>
<name>LTE</name>
<Point><coordinates>85.22339041,25.70731335,0</coordinates></Point>
</Placemark>
<Placemark>
<name>4G</name>
<Point><coordinates>85.07278727,25.53023213,0</coordinates></Point>
</Placemark>
<Placemark>
<name>5G</name>
<Point><coordinates>85.03899393,25.67303104,0</coordinates></Point>
</Placemark>
<Placemark>
<name>3G</name>
<Point><coordinates>85.16056657,25.44626069,0</coordinates></Point>
</Placemark>
<Placemark>
<name>5G</name>
<Point><coordinates>85.08134873,25.65362768,0</coordinates></Point>
</Placemark>
<Placemark>
<name>LTE</name>
<Point><coordinates>85.18648954,25.53100025,0</coordinates></Point>
</Placemark>
<Placemark>
<name>LTE</name>
<Point><coordinates>85.28773137,25.68879795,0</coordinates></Point>
</Placemark>
<Placemark>
<name>4G</name>
<Point><coordinates>85.06790768,25.57610521,0</coordinates></Point>
</Placemark>
<Placemark>
<name>3G</name>
<Point><coordinates>85.24626774,25.57364766,0</coordinates></Point>
</Placemark>
<Placemark>
<name>4G</name>
<Point><coordinates>85.13696514,25.76470077,0</coordinates></Point>
</Placemark>
<Placemark>
<name>4G</name>
<Point><coordinates>85.12110157,25.44950295,0</coordinates></Point>
</Placemark>
<Placemark>
<name>5G</name>
<Point><coordinates>85.00903367,25.7052287,0</coordinates></Point>
</Placemark>
<Placemark>
<name>LTE</name>
<Point><coordinates>85.0725297,25.61553567,0</coordinates></Point>
</Placemark>
<Placemark>
<name>5G</name>
<Point><coordinates>85.10719988,25.64590351,0</coordinates></Point>
</Placemark>
<Placemark>
<name>5G</name>
<Point><coordinates>85.0469058,25.5322905,0</coordinates></Point>
</Placemark>
<Placemark>
<name>3G</name>
<Point><coordinates>85.15871764,25.73220871,0</coordinates></Point>
</Placemark>
<Placemark>
<name>LTE</name>
<Point><coordinates>85.08288418,25.61405142,0</coordinates></Point>
</Placemark>
<Placemark>
<name>LTE</name>
<Point><coordinates>85.21155302,25.59688854,0</coordinates></Point>
</Placemark>
<Placemark>
<name>4G</name>
<Point><coordinates>84.9590825,25.59526182,0</coordinates></Point>
</Placemark>
<Placemark>
<name>4G</name>
<Point><coordinates>85.19415011,25.54938083,0</coordinates></Point>
</Placemark>
<Placemark>
<name>4G</name>
<Point><coordinates>85.22660214,25.52003257,0</coordinates></Point>
</Placemark>
<Placemark>
<name>4G</name>
<Point><coordinates>85.16574817,25.67434233,0</coordinates></Point>
</Placemark>
<Placemark>
<name>LTE</name>
<Point><coordinates>84.99586799,25.54406565,0</coordinates></Point>
</Placemark>
<Placemark>
<name>4G</name>
<Point><coordinates>85.14595057,25.73546392,0</coordinates></Point>
</Placemark>
<Placemark>
<name>5G</name>
<Point><coordinates>85.0671012,25.59571772,0</coordinates></Point>
</Placemark>
<Placemark>
<name>3G</name>
<Point><coordinates>85.22459913,25.44207958,0</coordinates></Point>
</Placemark>
<Placemark>
<name>LTE</name>
<Point><coordinates>85.05698752,25.45479429,0</coordinates></Point>
</Placemark>
<Placemark>
<name>LTE</name>
<Point><coordinates>85.15950314,25.53067335,0</coordinates></Point>
</Placemark>
<Placemark>
<name>LTE</name>
<Point><coordinates>85.10467711,25.59426651,0</coordinates></Point>
</Placemark>
<Placemark>
<name>4G</name>
<Point><coordinates>85.04732355,25.68138157,0</coordinates></Point>
</Placemark>
<Placemark>
<name>3G</name>
<Point><coordinates>85.25280169,25.69626906,0</coordinates></Point>
</Placemark>
<Placemark>
<name>4G</name>
<Point><coordinates>85.29211473,25.54491677,0</coordinates></Point>
</Placemark>
<Placemark>
<name>4G</name>
<Point><coordinates>85.03758685,25.53427755,0</coordinates></Point>
</Placemark>
<Placemark>
<name>4G</name>
<Point><coordinates>85.24863663,25.49745915,0</coordinates></Point>
</Placemark>
<Placemark>
<name>LTE</name>
<Point><coordinates>85.09767278,25.65736962,0</coordinates></Point>
</Placemark>
<Placemark>
<name>4G</name>
<Point><coordinates>85.18917841,25.59316378,0</coordinates></Point>
</Placemark>
<Placemark>
<name>5G</name>
<Point><coordinates>85.04423054,25.68525753,0</coordinates></Point>
</Placemark>
<Placemark>
<name>4G</name>
<Point><coordinates>85.11009431,25.57008675,0</coordinates></Point>
</Placemark>
<Placemark>
<name>4G</name>
<Point><coordinates>85.13524041,25.45237196,0</coordinates></Point>
</Placemark>
<Placemark>
<name>4G</name>
<Point><coordinates>85.22557916,25.44278399,0</coordinates></Point>
</Placemark>
<Placemark>
<name>5G</name>
<Point><coordinates>84.97656948,25.57189075,0</coordinates></Point>
</Placemark>
<Placemark>
<name>4G</name>
<Point><coordinates>85.03133953,25.66693099,0</coordinates></Point>
</Placemark>
<Placemark>
<name>5G</name>
<Point><coordinates>85.13241637,25.76776723,0</coordinates></Point>
</Placemark>
<Placemark>
<name>LTE</name>
<Point><coordinates>85.01589817,25.46592548,0</coordinates></Point>
</Placemark>
<Placemark>
<name>3G</name>
<Point><coordinates>85.26040307,25.70733617,0</coordinates></Point>
</Placemark>
<Placemark>
<name>3G</name>
<Point><coordinates>85.18347604,25.45365608,0</coordinates></Point>
</Placemark>
<Placemark>
<name>3G</name>
<Point><coordinates>85.00827597,25.60014051,0</coordinates></Point>
</Placemark>
<Placemark>
<name>3G</name>
<Point><coordinates>85.25252938,25.60523275,0</coordinates></Point>
</Placemark>
<Placemark>
<name>3G</name>
<Point><coordinates>85.26377716,25.71573419,0</coordinates></Point>
</Placemark>
<Placemark>
<name>LTE</name>
<Point><coordinates>85.20067834,25.50385148,0</coordinates></Point>
</Placemark>
<Placemark>
<name>4G</name>
<Point><coordinates>85.21215618,25.60844522,0</coordinates></Point>
</Placemark>
<Placemark>
<name>3G</name>
<Point><coordinates>85.2461099,25.66680351,0</coordinates></Point>
</Placemark>
<Placemark>
<name>5G</name>
<Point><coordinates>85.09202504,25.75770095,0</coordinates></Point>
</Placemark>
<Placemark>
<name>4G</name>
<Point><coordinates>85.12965294,25.48869933,0</coordinates></Point>
</Placemark>
<Placemark>
<name>4G</name>
<Point><coordinates>85.1883279,25.503833,0</coordinates></Point>
</Placemark>
<Placemark>
<name>LTE</name>
<Point><coordinates>85.1820854,25.65797022,0</coordinates></Point>
</Placemark>
<Placemark>
<name>4G</name>
<Point><coordinates>84.97482214,25.55824389,0</coordinates></Point>
</Placemark>
<Placemark>
<name>LTE</name>
<Point><coordinates>85.11773516,25.75757451,0</coordinates></Point>
</Placemark>
<Placemark>
<name>5G</name>
<Point><coordinates>85.00864817,25.63462862,0</coordinates></Point>
</Placemark>
<Placemark>
<name>4G</name>
<Point><coordinates>85.2738979,25.58775474,0</coordinates></Point>
</Placemark>
<Placemark>
<name>3G</name>
<Point><coordinates>84.97648404,25.66512456,0</coordinates></Point>
</Placemark>
<Placemark>
<name>5G</name>
<Point><coordinates>85.13545228,25.65648755,0</coordinates></Point>
</Placemark>
<Placemark>
<name>5G</name>
<Point><coordinates>85.11488295,25.44625694,0</coordinates></Point>
</Placemark>
<Placemark>
<name>4G</name>
<Point><coordinates>85.23431094,25.45751137,0</coordinates></Point>
</Placemark>
<Placemark>
<name>5G</name>
<Point><coordinates>85.14565712,25.6834951,0</coordinates></Point>
</Placemark>
<Placemark>
<name>5G</name>
<Point><coordinates>85.28724738,25.51119059,0</coordinates></Point>
</Placemark>
<Placemark>
<name>3G</name>
<Point><coordinates>85.18085927,25.60865917,0</coordinates></Point>
</Placemark>
<Placemark>
<name>3G</name>
<Point><coordinates>85.17247529,25.60848262,0</coordinates></Point>
</Placemark>
<Placemark>
<name>3G</name>
<Point><coordinates>85.01486227,25.65019251,0</coordinates></Point>
</Placemark>
<Placemark>
<name>LTE</name>
<Point><coordinates>85.24696523,25.60240492,0</coordinates></Point>
</Placemark>
<Placemark>
<name>3G</name>
<Point><coordinates>85.09041732,25.74149475,0</coordinates></Point>
</Placemark>
<Placemark>
<name>4G</name>
<Point><coordinates>85.25276396,25.58509903,0</coordinates></Point>
</Placemark>
<Placemark>
<name>5G</name>
<Point><coordinates>85.12879348,25.58914752,0</coordinates></Point>
</Placemark>
<Placemark>
<name>4G</name>
<Point><coordinates>85.25072287,25.46822033,0</coordinates></Point>
</Placemark>
<Placemark>
<name>LTE</name>
<Point><coordinates>85.16832354,25.54527728,0</coordinates></Point>
</Placemark>
<Placemark>
<name>LTE</name>
<Point><coordinates>85.27850881,25.61692028,0</coordinates></Point>
</Placemark>
<Placemark>
<name>LTE</name>
<Point><coordinates>85.17752369,25.70234033,0</coordinates></Point>
</Placemark>
<Placemark>
<name>5G</name>
<Point><coordinates>85.13706946,25.46830901,0</coordinates></Point>
</Placemark>
<Placemark>
<name>3G</name>
<Point><coordinates>85.2155747,25.74277814,0</coordinates></Point>
</Placemark>
<Placemark>
<name>4G</name>
<Point><coordinates>85.23286088,25.55074453,0</coordinates></Point>
</Placemark>
<Placemark>
<name>LTE</name>
<Point><coordinates>85.13648424,25.55379282,0</coordinates></Point>
</Placemark>
<Placemark>
<name>LTE</name>
<Point><coordinates>85.02760725,25.45587541,0</coordinates></Point>
</Placemark>
<Placemark>
<name>3G</name>
<Point><coordinates>85.01395175,25.57107667,0</coordinates></Point>
</Placemark>
<Placemark>
<name>4G</name>
<Point><coordinates>85.06482035,25.61651984,0</coordinates></Point>
</Placemark>
<Placemark>
<name>3G</name>
<Point><coordinates>85.07003588,25.51926228,0</coordinates></Point>
</Placemark>
<Placemark>
<name>4G</name>
<Point><coordinates>85.23073384,25.73455594,0</coordinates></Point>
</Placemark>
<Placemark>
<name>LTE</name>
<Point><coordinates>85.1717282,25.66852682,0</coordinates></Point>
</Placemark>
<Placemark>
<name>5G</name>
<Point><coordinates>85.15364704,25.5635605,0</coordinates></Point>
</Placemark>
<Placemark>
<name>LTE</name>
<Point><coordinates>85.01094038,25.63042733,0</coordinates></Point>
</Placemark>
<Placemark>
<name>4G</name>
<Point><coordinates>85.14543171,25.76976923,0</coordinates></Point>
</Placemark>
<Placemark>
<name>LTE</name>
<Point><coordinates>85.0348134,25.67566811,0</coordinates></Point>
</Placemark>
<Placemark>
<name>4G</name>
<Point><coordinates>85.17289944,25.63169225,0</coordinates></Point>
</Placemark>
<Placemark>
<name>3G</name>
<Point><coordinates>85.01634162,25.578113,0</coordinates></Point>
</Placemark>
<Placemark>
<name>4G</name>
<Point><coordinates>85.13689265,25.65265475,0</coordinates></Point>
</Placemark>
<Placemark>
<name>LTE</name>
<Point><coordinates>85.24170625,25.59742898,0</coordinates></Point>
</Placemark>
<Placemark>
<name>5G</name>
<Point><coordinates>85.15514948,25.51605179,0</coordinates></Point>
</Placemark>
<Placemark>
<name>4G</name>
<Point><coordinates>85.11157243,25.43229553,0</coordinates></Point>
</Placemark>
<Placemark>
<name>LTE</name>
<Point><coordinates>85.19050612,25.58669667,0</coordinates></Point>
</Placemark>
<Placemark>
<name>3G</name>
<Point><coordinates>85.0458508,25.69423687,0</coordinates></Point>
</Placemark>
<Placemark>
<name>3G</name>
<Point><coordinates>85.20915005,25.44243815,0</coordinates></Point>
</Placemark>
<Placemark>
<name>5G</name>
<Point><coordinates>85.07283175,25.73012755,0</coordinates></Point>
</Placemark>
<Placemark>
<name>4G</name>
<Point><coordinates>85.07449475,25.69576,0</coordinates></Point>
</Placemark>
<Placemark>
<name>LTE</name>
<Point><coordinates>85.05231327,25.71477644,0</coordinates></Point>
</Placemark>
<Placemark>
<name>5G</name>
<Point><coordinates>85.11725763,25.7609992,0</coordinates></Point>
</Placemark>
<Placemark>
<name>3G</name>
<Point><coordinates>85.03454011,25.68223385,0</coordinates></Point>
</Placemark>
<Placemark>
<name>3G</name>
<Point><coordinates>85.30721952,25.55317439,0</coordinates></Point>
</Placemark>
<Placemark>
<name>LTE</name>
<Point><coordinates>85.23656285,25.63971139,0</coordinates></Point>
</Placemark>
<Placemark>
<name>LTE</name>
<Point><coordinates>85.15360209,25.51051723,0</coordinates></Point>
</Placemark>
<Placemark>
<name>LTE</name>
<Point><coordinates>85.24942181,25.72099861,0</coordinates></Point>
</Placemark>
<Placemark>
<name>3G</name>
<Point><coordinates>85.22879892,25.4531119,0</coordinates></Point>
</Placemark>
<Placemark>
<name>5G</name>
<Point><coordinates>85.12957499,25.6866186,0</coordinates></Point>
</Placemark>
<Placemark>
<name>4G</name>
<Point><coordinates>85.16546251,25.74205922,0</coordinates></Point>
</Placemark>
<Placemark>
<name>LTE</name>
<Point><coordinates>85.07310509,25.69812308,0</coordinates></Point>
</Placemark>
<Placemark>
<name>5G</name>
<Point><coordinates>85.06087435,25.72479479,0</coordinates></Point>
</Placemark>
<Placemark>
<name>5G</name>
<Point><coordinates>85.14643238,25.55025707,0</coordinates></Point>
</Placemark>
<Placemark>
<name>3G</name>
<Point><coordinates>85.1811174,25.47043955,0</coordinates></Point>
</Placemark>
<Placemark>
<name>LTE</name>
<Point><coordinates>85.14614916,25.6547454,0</coordinates></Point>
</Placemark>
<Placemark>
<name>LTE</name>
<Point><coordinates>85.13525458,25.76531316,0</coordinates></Point>
</Placemark>
<Placemark>
<name>3G</name>
<Point><coordinates>85.290999,25.56395413,0</coordinates></Point>
</Placemark>
<Placemark>
<name>LTE</name>
<Point><coordinates>85.06644308,25.60118225,0</coordinates></Point>
</Placemark>
<Placemark>
<name>3G</name>
<Point><coordinates>85.0282787,25.63691593,0</coordinates></Point>
</Placemark>
<Placemark>
<name>4G</name>
<Point><coordinates>85.06205493,25.7325116,0</coordinates></Point>
</Placemark>
<Placemark>
<name>4G</name>
<Point><coordinates>85.07869314,25.63400936,0</coordinates></Point>
</Placemark>
<Placemark>
<name>LTE</name>
<Point><coordinates>84.97925626,25.64974672,0</coordinates></Point>
</Placemark>
<Placemark>
<name>3G</name>
<Point><coordinates>85.13701356,25.64905928,0</coordinates></Point>
</Placemark>
<Placemark>
<name>LTE</name>
<Point><coordinates>85.0008523,25.49836242,0</coordinates></Point>
</Placemark>
<Placemark>
<name>3G</name>
<Point><coordinates>85.02876817,25.49204764,0</coordinates></Point>
</Placemark>
<Placemark>
<name>4G</name>
<Point><coordinates>85.16548544,25.6741863,0</coordinates></Point>
</Placemark>
<Placemark>
<name>4G</name>
<Point><coordinates>85.26846961,25.52183602,0</coordinates></Point>
</Placemark>
<Placemark>
<name>3G</name>
<Point><coordinates>85.03005354,25.48853706,0</coordinates></Point>
</Placemark>
<Placemark>
<name>3G</name>
<Point><coordinates>85.12637467,25.44797564,0</coordinates></Point>
</Placemark>
<Placemark>
<name>3G</name>
<Point><coordinates>85.13256064,25.66218702,0</coordinates></Point>
</Placemark>
<Placemark>
<name>5G</name>
<Point><coordinates>85.10255185,25.6060821,0</coordinates></Point>
</Placemark>
<Placemark>
<name>3G</name>
<Point><coordinates>85.20703327,25.50482826,0</coordinates></Point>
</Placemark>
<Placemark>
<name>4G</name>
<Point><coordinates>85.13645268,25.51286354,0</coordinates></Point>
</Placemark>
<Placemark>
<name>3G</name>
<Point><coordinates>85.08548606,25.63238182,0</coordinates></Point>
</Placemark>
<Placemark>
<name>5G</name>
<Point><coordinates>85.31141323,25.61594004,0</coordinates></Point>
</Placemark>
<Placemark>
<name>5G</name>
<Point><coordinates>85.13457628,25.61318848,0</coordinates></Point>
</Placemark>
<Placemark>
<name>5G</name>
<Point><coordinates>85.19736305,25.47399583,0</coordinates></Point>
</Placemark>
<Placemark>
<name>5G</name>
<Point><coordinates>85.0913186,25.56556646,0</coordinates></Point>
</Placemark>
<Placemark>
<name>LTE</name>
<Point><coordinates>85.1165173,25.53686829,0</coordinates></Point>
</Placemark>
<Placemark>
<name>LTE</name>
<Point><coordinates>85.12010703,25.55709053,0</coordinates></Point>
</Placemark>
<Placemark>
<name>LTE</name>
<Point><coordinates>85.2153179,25.51984756,0</coordinates></Point>
</Placemark>
<Placemark>
<name>5G</name>
<Point><coordinates>85.16995618,25.52926429,0</coordinates></Point>
</Placemark>
<Placemark>
<name>LTE</name>
<Point><coordinates>85.04785314,25.53204252,0</coordinates></Point>
</Placemark>
<Placemark>
<name>5G</name>
<Point><coordinates>85.15248153,25.65379034,0</coordinates></Point>
</Placemark>
<Placemark>
<name>3G</name>
<Point><coordinates>85.06719211,25.46340003,0</coordinates></Point>
</Placemark>
<Placemark>
<name>3G</name>
<Point><coordinates>85.04657335,25.53151529,0</coordinates></Point>
</Placemark>
<Placemark>
<name>3G</name>
<Point><coordinates>85.03768748,25.7384852,0</coordinates></Point>
</Placemark>
<Placemark>
<name>3G</name>
<Point><coordinates>85.25273302,25.72867232,0</coordinates></Point>
</Placemark>
<Placemark>
<name>4G</name>
<Point><coordinates>85.04287489,25.69681171,0</coordinates></Point>
</Placemark>
<Placemark>
<name>4G</name>
<Point><coordinates>85.28332235,25.60778127,0</coordinates></Point>
</Placemark>
<Placemark>
<name>LTE</name>
<Point><coordinates>85.06683082,25.43304602,0</coordinates></Point>
</Placemark>
<Placemark>
<name>5G</name>
<Point><coordinates>85.08817109,25.58988294,0</coordinates></Point>
</Placemark>
<Placemark>
<name>5G</name>
<Point><coordinates>85.05125809,25.73917624,0</coordinates></Point>
</Placemark>
<Placemark>
<name>LTE</name>
<Point><coordinates>85.12185516,25.51852451,0</coordinates></Point>
</Placemark>
<Placemark>
<name>3G</name>
<Point><coordinates>85.18969708,25.65858905,0</coordinates></Point>
</Placemark>
<Placemark>
<name>4G</name>
<Point><coordinates>85.20241466,25.46698655,0</coordinates></Point>
</Placemark>
<Placemark>
<name>5G</name>
<Point><coordinates>85.07340171,25.51664088,0</coordinates></Point>
</Placemark>
<Placemark>
<name>4G</name>
<Point><coordinates>85.25137327,25.52516487,0</coordinates></Point>
</Placemark>
<Placemark>
<name>3G</name>
<Point><coordinates>85.13293797,25.68980546,0</coordinates></Point>
</Placemark>
<Placemark>
<name>LTE</name>
<Point><coordinates>85.08555521,25.60214464,0</coordinates></Point>
</Placemark>
<Placemark>
<name>5G</name>
<Point><coordinates>85.01387421,25.54387524,0</coordinates></Point>
</Placemark>
<Placemark>
<name>4G</name>
<Point><coordinates>85.0247736,25.4607539,0</coordinates></Point>
</Placemark>
<Placemark>
<name>4G</name>
<Point><coordinates>85.09236891,25.71757961,0</coordinates></Point>
</Placemark>
<Placemark>
<name>5G</name>
<Point><coordinates>85.13966031,25.43690539,0</coordinates></Point>
</Placemark>
<Placemark>
<name>LTE</name>
<Point><coordinates>85.10080595,25.68071624,0</coordinates></Point>
</Placemark>
<Placemark>
<name>3G</name>
<Point><coordinates>85.16635004,25.73216847,0</coordinates></Point>
</Placemark>
<Placemark>
<name>4G</name>
<Point><coordinates>85.28896207,25.59056443,0</coordinates></Point>
</Placemark>
<Placemark>
<name>5G</name>
<Point><coordinates>85.09818622,25.75280009,0</coordinates></Point>
</Placemark>
<Placemark>
<name>LTE</name>
<Point><coordinates>84.97500761,25.64163581,0</coordinates></Point>
</Placemark>
<Placemark>
<name>5G</name>
<Point><coordinates>85.10213198,25.70077352,0</coordinates></Point>
</Placemark>
<Placemark>
<name>3G</name>
<Point><coordinates>85.04902011,25.44394788,0</coordinates></Point>
</Placemark>
<Placemark>
<name>5G</name>
<Point><coordinates>84.97390661,25.57333345,0</coordinates></Point>
</Placemark>
<Placemark>
<name>4G</name>
<Point><coordinates>85.11758303,25.65946058,0</coordinates></Point>
</Placemark>
<Placemark>
<name>LTE</name>
<Point><coordinates>85.09915519,25.73525544,0</coordinates></Point>
</Placemark>
<Placemark>
<name>LTE</name>
<Point><coordinates>85.29202638,25.5938352,0</coordinates></Point>
</Placemark>
<Placemark>
<name>4G</name>
<Point><coordinates>85.07368029,25.65016385,0</coordinates></Point>
</Placemark>
<Placemark>
<name>4G</name>
<Point><coordinates>85.09276382,25.58923468,0</coordinates></Point>
</Placemark>
<Placemark>
<name>4G</name>
<Point><coordinates>85.01626442,25.57566818,0</coordinates></Point>
</Placemark>
<Placemark>
<name>3G</name>
<Point><coordinates>85.00800067,25.53464035,0</coordinates></Point>
</Placemark>
<Placemark>
<name>3G</name>
<Point><coordinates>85.06616397,25.62347868,0</coordinates></Point>
</Placemark>
<Placemark>
<name>4G</name>
<Point><coordinates>85.04383333,25.7304973,0</coordinates></Point>
</Placemark>
<Placemark>
<name>4G</name>
<Point><coordinates>85.20617378,25.73696643,0</coordinates></Point>
</Placemark>
<Placemark>
<name>LTE</name>
<Point><coordinates>85.07853328,25.59460438,0</coordinates></Point>
</Placemark>
<Placemark>
<name>5G</name>
<Point><coordinates>85.00992325,25.60790514,0</coordinates></Point>
</Placemark>
<Placemark>
<name>4G</name>
<Point><coordinates>85.18758001,25.50899535,0</coordinates></Point>
</Placemark>
<Placemark>
<name>3G</name>
<Point><coordinates>85.26585813,25.55877198,0</coordinates></Point>
</Placemark>
<Placemark>
<name>4G</name>
<Point><coordinates>84.98781078,25.68272586,0</coordinates></Point>
</Placemark>
<Placemark>
<name>5G</name>
<Point><coordinates>85.22559942,25.53593313,0</coordinates></Point>
</Placemark>
<Placemark>
<name>5G</name>
<Point><coordinates>85.05827968,25.67057728,0</coordinates></Point>
</Placemark>
<Placemark>
<name>4G</name>
<Point><coordinates>85.23821734,25.72434436,0</coordinates></Point>
</Placemark>
<Placemark>
<name>LTE</name>
<Point><coordinates>85.02598741,25.58432191,0</coordinates></Point>
</Placemark>
<Placemark>
<name>3G</name>
<Point><coordinates>85.16563111,25.44687651,0</coordinates></Point>
</Placemark>
<Placemark>
<name>5G</name>
<Point><coordinates>85.05752479,25.73766067,0</coordinates></Point>
</Placemark>
<Placemark>
<name>5G</name>
<Point><coordinates>85.28520144,25.65462167,0</coordinates></Point>
</Placemark>
<Placemark>
<name>LTE</name>
<Point><coordinates>85.13067791,25.50796133,0</coordinates></Point>
</Placemark>
<Placemark>
<name>4G</name>
<Point><coordinates>85.15462751,25.76886363,0</coordinates></Point>
</Placemark>
<Placemark>
<name>LTE</name>
<Point><coordinates>85.11244076,25.56209421,0</coordinates></Point>
</Placemark>
<Placemark>
<name>4G</name>
<Point><coordinates>85.19542153,25.75513696,0</coordinates></Point>
</Placemark>
<Placemark>
<name>4G</name>
<Point><coordinates>84.99562782,25.65441269,0</coordinates></Point>
</Placemark>
<Placemark>
<name>3G</name>
<Point><coordinates>85.28361703,25.50055225,0</coordinates></Point>
</Placemark>
<Placemark>
<name>3G</name>
<Point><coordinates>85.03498555,25.71300806,0</coordinates></Point>
</Placemark>
<Placemark>
<name>4G</name>
<Point><coordinates>85.01390099,25.56384513,0</coordinates></Point>
</Placemark>
<Placemark>
<name>4G</name>
<Point><coordinates>85.10520537,25.49754613,0</coordinates></Point>
</Placemark>
<Placemark>
<name>3G</name>
<Point><coordinates>85.0611332,25.58423635,0</coordinates></Point>
</Placemark>
<Placemark>
<name>3G</name>
<Point><coordinates>84.99149998,25.63137148,0</coordinates></Point>
</Placemark>
<Placemark>
<name>5G</name>
<Point><coordinates>85.24724248,25.71298729,0</coordinates></Point>
</Placemark>
<Placemark>
<name>LTE</name>
<Point><coordinates>85.08866792,25.47211064,0</coordinates></Point>
</Placemark>
<Placemark>
<name>4G</name>
<Point><coordinates>85.14409316,25.53945341,0</coordinates></Point>
</Placemark>
<Placemark>
<name>LTE</name>
<Point><coordinates>85.11542183,25.63064159,0</coordinates></Point>
</Placemark>
<Placemark>
<name>3G</name>
<Point><coordinates>85.11698725,25.74790394,0</coordinates></Point>
</Placemark>
<Placemark>
<name>3G</name>
<Point><coordinates>85.10789656,25.52303847,0</coordinates></Point>
</Placemark>
<Placemark>
<name>4G</name>
<Point><coordinates>85.12556738,25.50529427,0</coordinates></Point>
</Placemark>
<Placemark>
<name>4G</name>
<Point><coordinates>85.28122249,25.67842534,0</coordinates></Point>
</Placemark>
<Placemark>
<name>4G</name>
<Point><coordinates>85.20708654,25.43939519,0</coordinates></Point>
</Placemark>
<Placemark>
<name>3G</name>
<Point><coordinates>85.03702332,25.69476434,0</coordinates></Point>
</Placemark>
<Placemark>
<name>3G</name>
<Point><coordinates>85.29696654,25.59913506,0</coordinates></Point>
</Placemark>
<Placemark>
<name>5G</name>
<Point><coordinates>85.18681141,25.60221149,0</coordinates></Point>
</Placemark>
<Placemark>
<name>3G</name>
<Point><coordinates>85.2483235,25.527188,0</coordinates></Point>
</Placemark>
<Placemark>
<name>LTE</name>
<Point><coordinates>85.03606997,25.58820357,0</coordinates></Point>
</Placemark>
<Placemark>
<name>5G</name>
<Point><coordinates>85.00652478,25.6849899,0</coordinates></Point>
</Placemark>
<Placemark>
<name>5G</name>
<Point><coordinates>85.05259458,25.69603887,0</coordinates></Point>
</Placemark>
<Placemark>
<name>3G</name>
<Point><coordinates>85.09008336,25.45422912,0</coordinates></Point>
</Placemark>
<Placemark>
<name>3G</name>
<Point><coordinates>85.28794502,25.53791888,0</coordinates></Point>
</Placemark>
<Placemark>
<name>3G</name>
<Point><coordinates>85.00383706,25.60043231,0</coordinates></Point>
</Placemark>
<Placemark>
<name>LTE</name>
<Point><coordinates>85.23091905,25.7327278,0</coordinates></Point>
</Placemark>
<Placemark>
<name>LTE</name>
<Point><coordinates>85.11104617,25.63939407,0</coordinates></Point>
</Placemark>
<Placemark>
<name>4G</name>
<Point><coordinates>85.19501505,25.73857968,0</coordinates></Point>
</Placemark>
<Placemark>
<name>LTE</name>
<Point><coordinates>85.06954211,25.58295474,0</coordinates></Point>
</Placemark>
<Placemark>
<name>5G</name>
<Point><coordinates>85.07228392,25.7001603,0</coordinates></Point>
</Placemark>
<Placemark>
<name>4G</name>
<Point><coordinates>85.24688854,25.62973625,0</coordinates></Point>
</Placemark>
<Placemark>
<name>5G</name>
<Point><coordinates>85.10126682,25.64479193,0</coordinates></Point>
</Placemark>
<Placemark>
<name>LTE</name>
<Point><coordinates>85.1393528,25.61454271,0</coordinates></Point>
</Placemark>
<Placemark>
<name>LTE</name>
<Point><coordinates>85.26771661,25.68331368,0</coordinates></Point>
</Placemark>
<Placemark>
<name>3G</name>
<Point><coordinates>85.14635212,25.57032485,0</coordinates></Point>
</Placemark>
<Placemark>
<name>3G</name>
<Point><coordinates>85.08006144,25.50787597,0</coordinates></Point>
</Placemark>
<Placemark>
<name>5G</name>
<Point><coordinates>85.18186363,25.42505692,0</coordinates></Point>
</Placemark>
<Placemark>
<name>4G</name>
<Point><coordinates>85.19732616,25.73075582,0</coordinates></Point>
</Placemark>
<Placemark>
<name>LTE</name>
<Point><coordinates>85.18313089,25.42382091,0</coordinates></Point>
</Placemark>
<Placemark>
<name>4G</name>
<Point><coordinates>85.08449542,25.47750051,0</coordinates></Point>
</Placemark>
<Placemark>
<name>3G</name>
<Point><coordinates>85.09733744,25.54514807,0</coordinates></Point>
</Placemark>
<Placemark>
<name>5G</name>
<Point><coordinates>84.98827914,25.60817057,0</coordinates></Point>
</Placemark>
<Placemark>
<name>5G</name>
<Point><coordinates>85.1994334,25.72471263,0</coordinates></Point>
</Placemark>
<Placemark>
<name>5G</name>
<Point><coordinates>85.14236727,25.62953448,0</coordinates></Point>
</Placemark>
<Placemark>
<name>3G</name>
<Point><coordinates>85.11669487,25.71574486,0</coordinates></Point>
</Placemark>
<Placemark>
<name>LTE</name>
<Point><coordinates>85.13487239,25.65633648,0</coordinates></Point>
</Placemark>
<Placemark>
<name>5G</name>
<Point><coordinates>85.26279965,25.57158166,0</coordinates></Point>
</Placemark>
<Placemark>
<name>LTE</name>
<Point><coordinates>85.01954144,25.64554827,0</coordinates></Point>
</Placemark>
<Placemark>
<name>4G</name>
<Point><coordinates>84.99000756,25.61425697,0</coordinates></Point>
</Placemark>
<Placemark>
<name>5G</name>
<Point><coordinates>85.08679593,25.6637453,0</coordinates></Point>
</Placemark>
<Placemark>
<name>3G</name>
<Point><coordinates>85.17592515,25.72440522,0</coordinates></Point>
</Placemark>
<Placemark>
<name>4G</name>
<Point><coordinates>85.08178166,25.70478434,0</coordinates></Point>
</Placemark>
<Placemark>
<name>3G</name>
<Point><coordinates>84.97804286,25.58420802,0</coordinates></Point>
</Placemark>
<Placemark>
<name>LTE</name>
<Point><coordinates>85.1080296,25.74506296,0</coordinates></Point>
</Placemark>
<Placemark>
<name>5G</name>
<Point><coordinates>85.18827943,25.59507969,0</coordinates></Point>
</Placemark>
<Placemark>
<name>4G</name>
<Point><coordinates>85.2658873,25.59867436,0</coordinates></Point>
</Placemark>
<Placemark>
<name>3G</name>
<Point><coordinates>85.26928492,25.65560521,0</coordinates></Point>
</Placemark>
<Placemark>
<name>LTE</name>
<Point><coordinates>85.20968877,25.4368887,0</coordinates></Point>
</Placemark>
<Placemark>
<name>3G</name>
<Point><coordinates>84.97087035,25.59458856,0</coordinates></Point>
</Placemark>
<Placemark>
<name>LTE</name>
<Point><coordinates>85.0759021,25.5889794,0</coordinates></Point>
</Placemark>
<Placemark>
<name>LTE</name>
<Point><coordinates>85.21136685,25.53274894,0</coordinates></Point>
</Placemark>
<Placemark>
<name>4G</name>
<Point><coordinates>85.12556272,25.66156004,0</coordinates></Point>
</Placemark>
<Placemark>
<name>5G</name>
<Point><coordinates>85.20973951,25.75375297,0</coordinates></Point>
</Placemark>
<Placemark>
<name>3G</name>
<Point><coordinates>85.16502496,25.61488177,0</coordinates></Point>
</Placemark>
<Placemark>
<name>4G</name>
<Point><coordinates>85.26932413,25.59215074,0</coordinates></Point>
</Placemark>
<Placemark>
<name>3G</name>
<Point><coordinates>85.11367562,25.5169649,0</coordinates></Point>
</Placemark>
<Placemark>
<name>5G</name>
<Point><coordinates>85.04673726,25.53673808,0</coordinates></Point>
</Placemark>
<Placemark>
<name>4G</name>
<Point><coordinates>85.16396232,25.44380986,0</coordinates></Point>
</Placemark>
<Placemark>
<name>LTE</name>
<Point><coordinates>85.18339328,25.5947128,0</coordinates></Point>
</Placemark>
<Placemark>
<name>3G</name>
<Point><coordinates>85.09196853,25.45171426,0</coordinates></Point>
</Placemark>
<Placemark>
<name>LTE</name>
<Point><coordinates>85.14868335,25.48233185,0</coordinates></Point>
</Placemark>
<Placemark>
<name>4G</name>
<Point><coordinates>85.23654381,25.69885721,0</coordinates></Point>
</Placemark>
<Placemark>
<name>4G</name>
<Point><coordinates>85.15093515,25.73311096,0</coordinates></Point>
</Placemark>
<Placemark>
<name>LTE</name>
<Point><coordinates>85.0473611,25.45222991,0</coordinates></Point>
</Placemark>
<Placemark>
<name>LTE</name>
<Point><coordinates>85.00992269,25.47464111,0</coordinates></Point>
</Placemark>
<Placemark>
<name>3G</name>
<Point><coordinates>85.22916384,25.66373952,0</coordinates></Point>
</Placemark>
<Placemark>
<name>5G</name>
<Point><coordinates>85.22947877,25.62469392,0</coordinates></Point>
</Placemark>
<Placemark>
<name>LTE</name>
<Point><coordinates>85.14445659,25.55638473,0</coordinates></Point>
</Placemark>
<Placemark>
<name>3G</name>
<Point><coordinates>85.01251887,25.46849024,0</coordinates></Point>
</Placemark>
<Placemark>
<name>LTE</name>
<Point><coordinates>85.24305088,25.68948494,0</coordinates></Point>
</Placemark>
<Placemark>
<name>5G</name>
<Point><coordinates>85.04978968,25.56267125,0</coordinates></Point>
</Placemark>
<Placemark>
<name>LTE</name>
<Point><coordinates>85.04851504,25.47050062,0</coordinates></Point>
</Placemark>
<Placemark>
<name>4G</name>
<Point><coordinates>85.29327899,25.59969902,0</coordinates></Point>
</Placemark>
<Placemark>
<name>LTE</name>
<Point><coordinates>84.98143558,25.56878591,0</coordinates></Point>
</Placemark>
<Placemark>
<name>LTE</name>
<Point><coordinates>85.00492515,25.4877115,0</coordinates></Point>
</Placemark>
<Placemark>
<name>4G</name>
<Point><coordinates>84.9995372,25.53763837,0</coordinates></Point>
</Placemark>
<Placemark>
<name>LTE</name>
<Point><coordinates>85.12738451,25.739327,0</coordinates></Point>
</Placemark>
<Placemark>
<name>LTE</name>
<Point><coordinates>85.11649616,25.58669655,0</coordinates></Point>
</Placemark>
<Placemark>
<name>5G</name>
<Point><coordinates>85.18930913,25.64321322,0</coordinates></Point>
</Placemark>
<Placemark>
<name>LTE</name>
<Point><coordinates>85.14401254,25.55739662,0</coordinates></Point>
</Placemark>
<Placemark>
<name>5G</name>
<Point><coordinates>85.09269056,25.59427156,0</coordinates></Point>
</Placemark>
<Placemark>
<name>4G</name>
<Point><coordinates>85.16081507,25.74326574,0</coordinates></Point>
</Placemark>
<Placemark>
<name>LTE</name>
<Point><coordinates>85.05805081,25.69282196,0</coordinates></Point>
</Placemark>
<Placemark>
<name>LTE</name>
<Point><coordinates>85.23857331,25.72931532,0</coordinates></Point>
</Placemark>
<Placemark>
<name>5G</name>
<Point><coordinates>85.14931806,25.74716664,0</coordinates></Point>
</Placemark>
<Placemark>
<name>3G</name>
<Point><coordinates>85.16143059,25.70330104,0</coordinates></Point>
</Placemark>
<Placemark>
<name>3G</name>
<Point><coordinates>85.17414752,25.58562902,0</coordinates></Point>
</Placemark>
<Placemark>
<name>4G</name>
<Point><coordinates>85.25931324,25.49783618,0</coordinates></Point>
</Placemark>
<Placemark>
<name>LTE</name>
<Point><coordinates>85.20654193,25.75406355,0</coordinates></Point>
</Placemark>
<Placemark>
<name>LTE</name>
<Point><coordinates>85.19427784,25.56706079,0</coordinates></Point>
</Placemark>
<Placemark>
<name>3G</name>
<Point><coordinates>85.18644275,25.50529291,0</coordinates></Point>
</Placemark>
<Placemark>
<name>4G</name>
<Point><coordinates>85.19794282,25.48912667,0</coordinates></Point>
</Placemark>
<Placemark>
<name>4G</name>
<Point><coordinates>85.14013836,25.4569819,0</coordinates></Point>
</Placemark>
<Placemark>
<name>4G</name>
<Point><coordinates>85.11886408,25.68400998,0</coordinates></Point>
</Placemark>
<Placemark>
<name>5G</name>
<Point><coordinates>85.06770337,25.63502948,0</coordinates></Point>
</Placemark>
<Placemark>
<name>LTE</name>
<Point><coordinates>85.09662591,25.60956472,0</coordinates></Point>
</Placemark>
<Placemark>
<name>3G</name>
<Point><coordinates>85.11581729,25.749395,0</coordinates></Point>
</Placemark>
<Placemark>
<name>4G</name>
<Point><coordinates>85.14748807,25.73015341,0</coordinates></Point>
</Placemark>
<Placemark>
<name>4G</name>
<Point><coordinates>85.16146715,25.52519548,0</coordinates></Point>
</Placemark>
<Placemark>
<name>LTE</name>
<Point><coordinates>85.29144432,25.66082166,0</coordinates></Point>
</Placemark>
<Placemark>
<name>5G</name>
<Point><coordinates>85.01890529,25.65605284,0</coordinates></Point>
</Placemark>
<Placemark>
<name>4G</name>
<Point><coordinates>85.03099165,25.71480235,0</coordinates></Point>
</Placemark>
<Placemark>
<name>5G</name>
<Point><coordinates>84.97119198,25.63221958,0</coordinates></Point>
</Placemark>
<Placemark>
<name>LTE</name>
<Point><coordinates>85.20113809,25.43796063,0</coordinates></Point>
</Placemark>
<Placemark>
<name>LTE</name>
<Point><coordinates>85.22946973,25.52805058,0</coordinates></Point>
</Placemark>
<Placemark>
<name>LTE</name>
<Point><coordinates>85.0888292,25.64659224,0</coordinates></Point>
</Placemark>
<Placemark>
<name>4G</name>
<Point><coordinates>84.99699134,25.65897288,0</coordinates></Point>
</Placemark>
<Placemark>
<name>4G</name>
<Point><coordinates>85.18439453,25.71674052,0</coordinates></Point>
</Placemark>
<Placemark>
<name>4G</name>
<Point><coordinates>84.99993472,25.64788022,0</coordinates></Point>
</Placemark>
<Placemark>
<name>3G</name>
<Point><coordinates>85.07267992,25.53593926,0</coordinates></Point>
</Placemark>
<Placemark>
<name>4G</name>
<Point><coordinates>85.16345213,25.6754945,0</coordinates></Point>
</Placemark>
<Placemark>
<name>4G</name>
<Point><coordinates>85.08797426,25.47394335,0</coordinates></Point>
</Placemark>
<Placemark>
<name>4G</name>
<Point><coordinates>85.01765039,25.7000852,0</coordinates></Point>
</Placemark>
<Placemark>
<name>4G</name>
<Point><coordinates>85.16524041,25.57093139,0</coordinates></Point>
</Placemark>
<Placemark>
<name>LTE</name>
<Point><coordinates>85.14305146,25.63650844,0</coordinates></Point>
</Placemark>
<Placemark>
<name>4G</name>
<Point><coordinates>85.18643258,25.46758503,0</coordinates></Point>
</Placemark>
<Placemark>
<name>LTE</name>
<Point><coordinates>85.26845175,25.57702821,0</coordinates></Point>
</Placemark>
<Placemark>
<name>3G</name>
<Point><coordinates>85.22402546,25.66132817,0</coordinates></Point>
</Placemark>
<Placemark>
<name>4G</name>
<Point><coordinates>85.19930243,25.49501868,0</coordinates></Point>
</Placemark>
<Placemark>
<name>4G</name>
<Point><coordinates>85.07177823,25.50670067,0</coordinates></Point>
</Placemark>
<Placemark>
<name>4G</name>
<Point><coordinates>85.27980361,25.55488355,0</coordinates></Point>
</Placemark>
<Placemark>
<name>LTE</name>
<Point><coordinates>85.10088574,25.42518029,0</coordinates></Point>
</Placemark>
<Placemark>
<name>4G</name>
<Point><coordinates>85.11281216,25.48523723,0</coordinates></Point>
</Placemark>
<Placemark>
<name>4G</name>
<Point><coordinates>85.1706925,25.53442403,0</coordinates></Point>
</Placemark>
<Placemark>
<name>LTE</name>
<Point><coordinates>85.03053023,25.46783608,0</coordinates></Point>
</Placemark>
<Placemark>
<name>LTE</name>
<Point><coordinates>85.26724463,25.58411092,0</coordinates></Point>
</Placemark>
<Placemark>
<name>LTE</name>
<Point><coordinates>85.1599519,25.46226392,0</coordinates></Point>
</Placemark>
<Placemark>
<name>3G</name>
<Point><coordinates>85.0201531,25.62948328,0</coordinates></Point>
</Placemark>
<Placemark>
<name>4G</name>
<Point><coordinates>85.01290123,25.54726446,0</coordinates></Point>
</Placemark>
<Placemark>
<name>3G</name>
<Point><coordinates>85.28385585,25.61154928,0</coordinates></Point>
</Placemark>
<Placemark>
<name>5G</name>
<Point><coordinates>85.0438514,25.70042374,0</coordinates></Point>
</Placemark>
<Placemark>
<name>4G</name>
<Point><coordinates>85.09003527,25.6714041,0</coordinates></Point>
</Placemark>
<Placemark>
<name>LTE</name>
<Point><coordinates>85.05323888,25.57676,0</coordinates></Point>
</Placemark>
<Placemark>
<name>5G</name>
<Point><coordinates>85.16797233,25.71878936,0</coordinates></Point>
</Placemark>
<Placemark>
<name>LTE</name>
<Point><coordinates>85.06180749,25.73391232,0</coordinates></Point>
</Placemark>
<Placemark>
<name>5G</name>
<Point><coordinates>85.29785618,25.53432873,0</coordinates></Point>
</Placemark>
<Placemark>
<name>LTE</name>
<Point><coordinates>85.12139636,25.41693982,0</coordinates></Point>
</Placemark>
<Placemark>
<name>4G</name>
<Point><coordinates>85.0338043,25.60988428,0</coordinates></Point>
</Placemark>
<Placemark>
<name>4G</name>
<Point><coordinates>85.17870058,25.42040366,0</coordinates></Point>
</Placemark>
<Placemark>
<name>3G</name>
<Point><coordinates>85.0828179,25.52149086,0</coordinates></Point>
</Placemark>
<Placemark>
<name>4G</name>
<Point><coordinates>85.21007416,25.73393664,0</coordinates></Point>
</Placemark>
<Placemark>
<name>LTE</name>
<Point><coordinates>85.22476996,25.46467022,0</coordinates></Point>
</Placemark>
<Placemark>
<name>3G</name>
<Point><coordinates>85.02621346,25.67216819,0</coordinates></Point>
</Placemark>
<Placemark>
<name>4G</name>
<Point><coordinates>85.05726098,25.65209167,0</coordinates></Point>
</Placemark>
<Placemark>
<name>3G</name>
<Point><coordinates>85.23289531,25.63838207,0</coordinates></Point>
</Placemark>
<Placemark>
<name>3G</name>
<Point><coordinates>85.23425613,25.61038929,0</coordinates></Point>
</Placemark>
<Placemark>
<name>4G</name>
<Point><coordinates>85.09185894,25.52190287,0</coordinates></Point>
</Placemark>
<Placemark>
<name>LTE</name>
<Point><coordinates>85.08060204,25.65736698,0</coordinates></Point>
</Placemark>
<Placemark>
<name>3G</name>
<Point><coordinates>85.00826139,25.50911169,0</coordinates></Point>
</Placemark>
<Placemark>
<name>5G</name>
<Point><coordinates>85.17112267,25.52098768,0</coordinates></Point>
</Placemark>
<Placemark>
<name>4G</name>
<Point><coordinates>85.18085658,25.54259374,0</coordinates></Point>
</Placemark>
<Placemark>
<name>3G</name>
<Point><coordinates>85.07631656,25.65045467,0</coordinates></Point>
</Placemark>
<Placemark>
<name>3G</name>
<Point><coordinates>85.08941354,25.60311613,0</coordinates></Point>
</Placemark>
<Placemark>
<name>LTE</name>
<Point><coordinates>85.19002877,25.44925894,0</coordinates></Point>
</Placemark>
<Placemark>
<name>3G</name>
<Point><coordinates>85.25926958,25.59800464,0</coordinates></Point>
</Placemark>
<Placemark>
<name>LTE</name>
<Point><coordinates>85.05643587,25.47731794,0</coordinates></Point>
</Placemark>
<Placemark>
<name>4G</name>
<Point><coordinates>85.09478657,25.56160506,0</coordinates></Point>
</Placemark>
<Placemark>
<name>LTE</name>
<Point><coordinates>84.99535397,25.52980744,0</coordinates></Point>
</Placemark>
<Placemark>
<name>3G</name>
<Point><coordinates>85.0253571,25.69356532,0</coordinates></Point>
</Placemark>
<Placemark>
<name>LTE</name>
<Point><coordinates>85.20592351,25.51930703,0</coordinates></Point>
</Placemark>
<Placemark>
<name>LTE</name>
<Point><coordinates>85.23276176,25.64402174,0</coordinates></Point>
</Placemark>
<Placemark>
<name>LTE</name>
<Point><coordinates>85.0206506,25.48240385,0</coordinates></Point>
</Placemark>
<Placemark>
<name>5G</name>
<Point><coordinates>85.16796825,25.45490661,0</coordinates></Point>
</Placemark>
<Placemark>
<name>LTE</name>
<Point><coordinates>85.08738421,25.72072473,0</coordinates></Point>
</Placemark>
<Placemark>
<name>3G</name>
<Point><coordinates>85.05058696,25.56447706,0</coordinates></Point>
</Placemark>
<Placemark>
<name>LTE</name>
<Point><coordinates>85.27634652,25.48312455,0</coordinates></Point>
</Placemark>
<Placemark>
<name>5G</name>
<Point><coordinates>85.02497762,25.5029738,0</coordinates></Point>
</Placemark>
<Placemark>
<name>LTE</name>
<Point><coordinates>85.07829739,25.71065622,0</coordinates></Point>
</Placemark>
<Placemark>
<name>5G</name>
<Point><coordinates>85.17910401,25.49013972,0</coordinates></Point>
</Placemark>
<Placemark>
<name>5G</name>
<Point><coordinates>85.15430055,25.63380085,0</coordinates></Point>
</Placemark>
<Placemark>
<name>5G</name>
<Point><coordinates>85.26292773,25.6481954,0</coordinates></Point>
</Placemark>
<Placemark>
<name>5G</name>
<Point><coordinates>85.27489889,25.56604394,0</coordinates></Point>
</Placemark>
<Placemark>
<name>5G</name>
<Point><coordinates>85.17062732,25.75618031,0</coordinates></Point>
</Placemark>
<Placemark>
<name>4G</name>
<Point><coordinates>85.31506529,25.61095395,0</coordinates></Point>
</Placemark>
<Placemark>
<name>4G</name>
<Point><coordinates>85.16900988,25.57993969,0</coordinates></Point>
</Placemark>
<Placemark>
<name>5G</name>
<Point><coordinates>85.11105794,25.50454841,0</coordinates></Point>
</Placemark>
<Placemark>
<name>3G</name>
<Point><coordinates>85.28401067,25.54001624,0</coordinates></Point>
</Placemark>
<Placemark>
<name>LTE</name>
<Point><coordinates>84.97090907,25.64090162,0</coordinates></Point>
</Placemark>
<Placemark>
<name>LTE</name>
<Point><coordinates>85.00392162,25.67317745,0</coordinates></Point>
</Placemark>
<Placemark>
<name>4G</name>
<Point><coordinates>84.97550823,25.66947661,0</coordinates></Point>
</Placemark>
<Placemark>
<name>4G</name>
<Point><coordinates>85.1360959,25.63782823,0</coordinates></Point>
</Placemark>
<Placemark>
<name>3G</name>
<Point><coordinates>85.08788161,25.5552846,0</coordinates></Point>
</Placemark>
<Placemark>
<name>5G</name>
<Point><coordinates>85.28034473,25.58069019,0</coordinates></Point>
</Placemark>
<Placemark>
<name>3G</name>
<Point><coordinates>85.16812912,25.62592129,0</coordinates></Point>
</Placemark>
<Placemark>
<name>4G</name>
<Point><coordinates>85.05895242,25.69201074,0</coordinates></Point>
</Placemark>
<Placemark>
<name>4G</name>
<Point><coordinates>85.13188385,25.65193931,0</coordinates></Point>
</Placemark>
<Placemark>
<name>LTE</name>
<Point><coordinates>85.08676275,25.70434633,0</coordinates></Point>
</Placemark>
<Placemark>
<name>3G</name>
<Point><coordinates>85.2152609,25.64232707,0</coordinates></Point>
</Placemark>
<Placemark>
<name>LTE</name>
<Point><coordinates>85.18478214,25.54071249,0</coordinates></Point>
</Placemark>
<Placemark>
<name>LTE</name>
<Point><coordinates>85.13214684,25.60561759,0</coordinates></Point>
</Placemark>
<Placemark>
<name>5G</name>
<Point><coordinates>85.17715294,25.48395709,0</coordinates></Point>
</Placemark>
<Placemark>
<name>5G</name>
<Point><coordinates>85.04621976,25.68419851,0</coordinates></Point>
</Placemark>
<Placemark>
<name>LTE</name>
<Point><coordinates>85.14273554,25.44268812,0</coordinates></Point>
</Placemark>
<Placemark>
<name>4G</name>
<Point><coordinates>85.07085593,25.57952294,0</coordinates></Point>
</Placemark>
<Placemark>
<name>LTE</name>
<Point><coordinates>85.21694252,25.62169201,0</coordinates></Point>
</Placemark>
<Placemark>
<name>4G</name>
<Point><coordinates>85.00384071,25.68997681,0</coordinates></Point>
</Placemark>
<Placemark>
<name>4G</name>
<Point><coordinates>85.18988338,25.62863158,0</coordinates></Point>
</Placemark>
<Placemark>
<name>4G</name>
<Point><coordinates>85.18030083,25.53474693,0</coordinates></Point>
</Placemark>
<Placemark>
<name>5G</name>
<Point><coordinates>85.10653607,25.46401014,0</coordinates></Point>
</Placemark>
<Placemark>
<name>LTE</name>
<Point><coordinates>85.19047246,25.4822058,0</coordinates></Point>
</Placemark>
<Placemark>
<name>4G</name>
<Point><coordinates>85.03281322,25.5581278,0</coordinates></Point>
</Placemark>
<Placemark>
<name>5G</name>
<Point><coordinates>85.17389927,25.42883262,0</coordinates></Point>
</Placemark>
<Placemark>
<name>LTE</name>
<Point><coordinates>84.98075033,25.50789356,0</coordinates></Point>
</Placemark>
<Placemark>
<name>LTE</name>
<Point><coordinates>85.16714309,25.69493913,0</coordinates></Point>
</Placemark>
<Placemark>
<name>4G</name>
<Point><coordinates>84.99463551,25.69624781,0</coordinates></Point>
</Placemark>
<Placemark>
<name>3G</name>
<Point><coordinates>85.01060787,25.50352775,0</coordinates></Point>
</Placemark>
<Placemark>
<name>3G</name>
<Point><coordinates>85.17489575,25.73080261,0</coordinates></Point>
</Placemark>
<Placemark>
<name>4G</name>
<Point><coordinates>85.1037633,25.74046019,0</coordinates></Point>
</Placemark>
<Placemark>
<name>LTE</name>
<Point><coordinates>84.96886721,25.60561759,0</coordinates></Point>
</Placemark>
<Placemark>
<name>4G</name>
<Point><coordinates>85.0972193,25.74692788,0</coordinates></Point>
</Placemark>
<Placemark>
<name>LTE</name>
<Point><coordinates>85.01767814,25.55803771,0</coordinates></Point>
</Placemark>
<Placemark>
<name>4G</name>
<Point><coordinates>85.00730386,25.67701431,0</coordinates></Point>
</Placemark>
<Placemark>
<name>4G</name>
<Point><coordinates>85.2654905,25.71700271,0</coordinates></Point>
</Placemark>
<Placemark>
<name>LTE</name>
<Point><coordinates>85.02934253,25.60795513,0</coordinates></Point>
</Placemark>
<Placemark>
<name>5G</name>
<Point><coordinates>85.1916329,25.67291942,0</coordinates></Point>
</Placemark>
<Placemark>
<name>LTE</name>
<Point><coordinates>85.20196902,25.7333679,0</coordinates></Point>
</Placemark>
<Placemark>
<name>LTE</name>
<Point><coordinates>85.22387974,25.72443617,0</coordinates></Point>
</Placemark>
<Placemark>
<name>5G</name>
<Point><coordinates>84.98215724,25.57237942,0</coordinates></Point>
</Placemark>
<Placemark>
<name>LTE</name>
<Point><coordinates>85.00231258,25.70677615,0</coordinates></Point>
</Placemark>
<Placemark>
<name>3G</name>
<Point><coordinates>85.3068352,25.56355086,0</coordinates></Point>
</Placemark>
<Placemark>
<name>LTE</name>
<Point><coordinates>85.17607333,25.43219969,0</coordinates></Point>
</Placemark>
<Placemark>
<name>5G</name>
<Point><coordinates>85.14032331,25.65140475,0</coordinates></Point>
</Placemark>
<Placemark>
<name>4G</name>
<Point><coordinates>85.26699986,25.6798041,0</coordinates></Point>
</Placemark>
<Placemark>
<name>3G</name>
<Point><coordinates>85.28825432,25.64400984,0</coordinates></Point>
</Placemark>
<Placemark>
<name>LTE</name>
<Point><coordinates>85.18327912,25.54337659,0</coordinates></Point>
</Placemark>
<Placemark>
<name>5G</name>
<Point><coordinates>85.05589044,25.67657073,0</coordinates></Point>
</Placemark>
<Placemark>
<name>5G</name>
<Point><coordinates>85.03025112,25.7023557,0</coordinates></Point>
</Placemark>
<Placemark>
<name>5G</name>
<Point><coordinates>85.18439506,25.46928089,0</coordinates></Point>
</Placemark>
<Placemark>
<name>3G</name>
<Point><coordinates>85.04443807,25.56108002,0</coordinates></Point>
</Placemark>
<Placemark>
<name>5G</name>
<Point><coordinates>85.1131879,25.47403064,0</coordinates></Point>
</Placemark>
<Placemark>
<name>4G</name>
<Point><coordinates>85.27342944,25.67135106,0</coordinates></Point>
</Placemark>
<Placemark>
<name>4G</name>
<Point><coordinates>85.26280657,25.57910497,0</coordinates></Point>
</Placemark>
<Placemark>
<name>5G</name>
<Point><coordinates>85.12254362,25.57456968,0</coordinates></Point>
</Placemark>
<Placemark>
<name>5G</name>
<Point><coordinates>85.06700593,25.50348334,0</coordinates></Point>
</Placemark>
<Placemark>
<name>LTE</name>
<Point><coordinates>85.19500398,25.53762127,0</coordinates></Point>
</Placemark>
<Placemark>
<name>3G</name>
<Point><coordinates>85.07891818,25.64014412,0</coordinates></Point>
</Placemark>
<Placemark>
<name>LTE</name>
<Point><coordinates>85.03406807,25.61392352,0</coordinates></Point>
</Placemark>
<Placemark>
<name>5G</name>
<Point><coordinates>85.10314782,25.42645665,0</coordinates></Point>
</Placemark>
<Placemark>
<name>3G</name>
<Point><coordinates>85.14130166,25.67715174,0</coordinates></Point>
</Placemark>
<Placemark>
<name>4G</name>
<Point><coordinates>84.9611423,25.61767562,0</coordinates></Point>
</Placemark>
<Placemark>
<name>5G</name>
<Point><coordinates>85.04805821,25.56447841,0</coordinates></Point>
</Placemark>
<Placemark>
<name>LTE</name>
<Point><coordinates>85.17750873,25.43128962,0</coordinates></Point>
</Placemark>
<Placemark>
<name>4G</name>
<Point><coordinates>85.27598022,25.57188111,0</coordinates></Point>
</Placemark>
<Placemark>
<name>4G</name>
<Point><coordinates>85.04955781,25.60884773,0</coordinates></Point>
</Placemark>
<Placemark>
<name>LTE</name>
<Point><coordinates>85.24635118,25.45458819,0</coordinates></Point>
</Placemark>
<Placemark>
<name>5G</name>
<Point><coordinates>85.28446463,25.66679477,0</coordinates></Point>
</Placemark>
<Placemark>
<name>3G</name>
<Point><coordinates>85.00407858,25.69281903,0</coordinates></Point>
</Placemark>
<Placemark>
<name>LTE</name>
<Point><coordinates>85.24835943,25.58222889,0</coordinates></Point>
</Placemark>
<Placemark>
<name>LTE</name>
<Point><coordinates>85.21673244,25.47714793,0</coordinates></Point>
</Placemark>
<Placemark>
<name>5G</name>
<Point><coordinates>85.06944883,25.55666408,0</coordinates></Point>
</Placemark>
<Placemark>
<name>4G</name>
<Point><coordinates>85.13908957,25.65587892,0</coordinates></Point>
</Placemark>
<Placemark>
<name>4G</name>
<Point><coordinates>85.1304699,25.58261204,0</coordinates></Point>
</Placemark>
<Placemark>
<name>LTE</name>
<Point><coordinates>85.25451994,25.47450832,0</coordinates></Point>
</Placemark>
<Placemark>
<name>5G</name>
<Point><coordinates>85.15999394,25.60405463,0</coordinates></Point>
</Placemark>
<Placemark>
<name>4G</name>
<Point><coordinates>85.03515756,25.64544868,0</coordinates></Point>
</Placemark>
<Placemark>
<name>LTE</name>
<Point><coordinates>85.11655125,25.7686304,0</coordinates></Point>
</Placemark>
<Placemark>
<name>LTE</name>
<Point><coordinates>84.99388062,25.67549304,0</coordinates></Point>
</Placemark>
<Placemark>
<name>3G</name>
<Point><coordinates>85.28734078,25.55122335,0</coordinates></Point>
</Placemark>
<Placemark>
<name>3G</name>
<Point><coordinates>85.13554463,25.49560037,0</coordinates></Point>
</Placemark>
<Placemark>
<name>LTE</name>
<Point><coordinates>85.14454462,25.41827336,0</coordinates></Point>
</Placemark>
<Placemark>
<name>5G</name>
<Point><coordinates>85.19095864,25.44576108,0</coordinates></Point>
</Placemark>
<Placemark>
<name>3G</name>
<Point><coordinates>85.14582485,25.73073475,0</coordinates></Point>
</Placemark>
<Placemark>
<name>LTE</name>
<Point><coordinates>85.05632582,25.54122273,0</coordinates></Point>
</Placemark>
<Placemark>
<name>3G</name>
<Point><coordinates>85.08175716,25.49235037,0</coordinates></Point>
</Placemark>
<Placemark>
<name>LTE</name>
<Point><coordinates>85.16987584,25.71567759,0</coordinates></Point>
</Placemark>
<Placemark>
<name>4G</name>
<Point><coordinates>85.0792463,25.73320583,0</coordinates></Point>
</Placemark>
<Placemark>
<name>3G</name>
<Point><coordinates>84.98314108,25.60167817,0</coordinates></Point>
</Placemark>
<Placemark>
<name>4G</name>
<Point><coordinates>85.03471866,25.55150017,0</coordinates></Point>
</Placemark>
<Placemark>
<name>3G</name>
<Point><coordinates>85.20760436,25.70152681,0</coordinates></Point>
</Placemark>
<Placemark>
<name>4G</name>
<Point><coordinates>85.08873991,25.53008912,0</coordinates></Point>
</Placemark>
<Placemark>
<name>5G</name>
<Point><coordinates>85.02012959,25.50090106,0</coordinates></Point>
</Placemark>
<Placemark>
<name>5G</name>
<Point><coordinates>85.16528791,25.64776395,0</coordinates></Point>
</Placemark>
<Placemark>
<name>4G</name>
<Point><coordinates>85.20687214,25.50300501,0</coordinates></Point>
</Placemark>
<Placemark>
<name>LTE</name>
<Point><coordinates>85.07139754,25.74044912,0</coordinates></Point>
</Placemark>
<Placemark>
<name>LTE</name>
<Point><coordinates>85.06714935,25.68564636,0</coordinates></Point>
</Placemark>
<Placemark>
<name>3G</name>
<Point><coordinates>85.2730961,25.5784067,0</coordinates></Point>
</Placemark>
<Placemark>
<name>LTE</name>
<Point><coordinates>85.2681686,25.67291907,0</coordinates></Point>
</Placemark>
<Placemark>
<name>4G</name>
<Point><coordinates>85.14535349,25.6612743,0</coordinates></Point>
</Placemark>
<Placemark>
<name>4G</name>
<Point><coordinates>85.11465157,25.47413372,0</coordinates></Point>
</Placemark>
<Placemark>
<name>5G</name>
<Point><coordinates>85.12281502,25.71067996,0</coordinates></Point>
</Placemark>
<Placemark>
<name>3G</name>
<Point><coordinates>85.11325193,25.62173875,0</coordinates></Point>
</Placemark>
<Placemark>
<name>4G</name>
<Point><coordinates>85.15210668,25.70056375,0</coordinates></Point>
</Placemark>
<Placemark>
<name>4G</name>
<Point><coordinates>85.14751489,25.5515736,0</coordinates></Point>
</Placemark>
<Placemark>
<name>LTE</name>
<Point><coordinates>85.20027047,25.49071574,0</coordinates></Point>
</Placemark>
<Placemark>
<name>3G</name>
<Point><coordinates>85.27239857,25.52464007,0</coordinates></Point>
</Placemark>
<Placemark>
<name>3G</name>
<Point><coordinates>85.12178391,25.75033481,0</coordinates></Point>
</Placemark>
<Placemark>
<name>4G</name>
<Point><coordinates>85.14568186,25.4569251,0</coordinates></Point>
</Placemark>
<Placemark>
<name>3G</name>
<Point><coordinates>84.98175684,25.67457812,0</coordinates></Point>
</Placemark>
<Placemark>
<name>3G</name>
<Point><coordinates>85.07895471,25.63205268,0</coordinates></Point>
</Placemark>
<Placemark>
<name>3G</name>
<Point><coordinates>85.17474881,25.74818413,0</coordinates></Point>
</Placemark>
<Placemark>
<name>4G</name>
<Point><coordinates>85.11103292,25.5563592,0</coordinates></Point>
</Placemark>
<Placemark>
<name>3G</name>
<Point><coordinates>85.02127809,25.46766701,0</coordinates></Point>
</Placemark>
<Placemark>
<name>4G</name>
<Point><coordinates>85.2393677,25.54135787,0</coordinates></Point>
</Placemark>
<Placemark>
<name>4G</name>
<Point><coordinates>85.15306763,25.72892374,0</coordinates></Point>
</Placemark>
<Placemark>
<name>4G</name>
<Point><coordinates>85.03205042,25.65101588,0</coordinates></Point>
</Placemark>
<Placemark>
<name>5G</name>
<Point><coordinates>84.98616857,25.68134588,0</coordinates></Point>
</Placemark>
<Placemark>
<name>5G</name>
<Point><coordinates>85.23036466,25.67252234,0</coordinates></Point>
</Placemark>
<Placemark>
<name>3G</name>
<Point><coordinates>85.09434086,25.48344366,0</coordinates></Point>
</Placemark>
<Placemark>
<name>4G</name>
<Point><coordinates>85.26236859,25.53014176,0</coordinates></Point>
</Placemark>
<Placemark>
<name>4G</name>
<Point><coordinates>85.03794882,25.64082476,0</coordinates></Point>
</Placemark>
<Placemark>
<name>3G</name>
<Point><coordinates>85.26155085,25.51819734,0</coordinates></Point>
</Placemark>
<Placemark>
<name>4G</name>
<Point><coordinates>85.03945988,25.58850669,0</coordinates></Point>
</Placemark>
<Placemark>
<name>3G</name>
<Point><coordinates>85.15082529,25.49145495,0</coordinates></Point>
</Placemark>
<Placemark>
<name>5G</name>
<Point><coordinates>85.04006188,25.46010299,0</coordinates></Point>
</Placemark>
<Placemark>
<name>4G</name>
<Point><coordinates>85.22017783,25.52989804,0</coordinates></Point>
</Placemark>
<Placemark>
<name>4G</name>
<Point><coordinates>85.05839624,25.7049771,0</coordinates></Point>
</Placemark>
<Placemark>
<name>3G</name>
<Point><coordinates>85.04028519,25.689727,0</coordinates></Point>
</Placemark>
<Placemark>
<name>LTE</name>
<Point><coordinates>85.05996905,25.560647,0</coordinates></Point>
</Placemark>
<Placemark>
<name>5G</name>
<Point><coordinates>85.12837142,25.71894057,0</coordinates></Point>
</Placemark>
<Placemark>
<name>3G</name>
<Point><coordinates>85.21151018,25.53224003,0</coordinates></Point>
</Placemark>
<Placemark>
<name>LTE</name>
<Point><coordinates>85.1538771,25.53108182,0</coordinates></Point>
</Placemark>
<Placemark>
<name>3G</name>
<Point><coordinates>85.28400459,25.60318799,0</coordinates></Point>
</Placemark>
<Placemark>
<name>LTE</name>
<Point><coordinates>85.15683021,25.65199155,0</coordinates></Point>
</Placemark>
<Placemark>
<name>4G</name>
<Point><coordinates>85.3107516,25.5583988,0</coordinates></Point>
</Placemark>
<Placemark>
<name>3G</name>
<Point><coordinates>85.06603699,25.64150522,0</coordinates></Point>
</Placemark>
<Placemark>
<name>3G</name>
<Point><coordinates>85.27716546,25.67764751,0</coordinates></Point>
</Placemark>
<Placemark>
<name>5G</name>
<Point><coordinates>85.07444376,25.50797947,0</coordinates></Point>
</Placemark>
<Placemark>
<name>3G</name>
<Point><coordinates>85.10571485,25.57787388,0</coordinates></Point>
</Placemark>
<Placemark>
<name>LTE</name>
<Point><coordinates>85.20859057,25.46532636,0</coordinates></Point>
</Placemark>
<Placemark>
<name>4G</name>
<Point><coordinates>85.00310025,25.69158739,0</coordinates></Point>
</Placemark>
<Placemark>
<name>5G</name>
<Point><coordinates>85.16341485,25.5092264,0</coordinates></Point>
</Placemark>
<Placemark>
<name>3G</name>
<Point><coordinates>85.07905663,25.60952335,0</coordinates></Point>
</Placemark>
<Placemark>
<name>3G</name>
<Point><coordinates>85.03435116,25.71664317,0</coordinates></Point>
</Placemark>
<Placemark>
<name>5G</name>
<Point><coordinates>85.2425887,25.49033326,0</coordinates></Point>
</Placemark>
<Placemark>
<name>5G</name>
<Point><coordinates>85.18292134,25.70579373,0</coordinates></Point>
</Placemark>
<Placemark>
<name>4G</name>
<Point><coordinates>85.20950373,25.56013094,0</coordinates></Point>
</Placemark>
<Placemark>
<name>LTE</name>
<Point><coordinates>85.11798958,25.5858795,0</coordinates></Point>
</Placemark>
<Placemark>
<name>LTE</name>
<Point><coordinates>84.9956308,25.5026577,0</coordinates></Point>
</Placemark>
<Placemark>
<name>3G</name>
<Point><coordinates>85.14985992,25.64730727,0</coordinates></Point>
</Placemark>
<Placemark>
<name>3G</name>
<Point><coordinates>85.07188329,25.52249027,0</coordinates></Point>
</Placemark>
<Placemark>
<name>LTE</name>
<Point><coordinates>85.24540513,25.54879782,0</coordinates></Point>
</Placemark>
<Placemark>
<name>5G</name>
<Point><coordinates>85.28580638,25.50521263,0</coordinates></Point>
</Placemark>
<Placemark>
<name>5G</name>
<Point><coordinates>85.19153919,25.60178331,0</coordinates></Point>
</Placemark>
<Placemark>
<name>4G</name>
<Point><coordinates>85.07370248,25.72943535,0</coordinates></Point>
</Placemark>
<Placemark>
<name>4G</name>
<Point><coordinates>85.15620554,25.58079679,0</coordinates></Point>
</Placemark>
<Placemark>
<name>3G</name>
<Point><coordinates>85.08997546,25.65596254,0</coordinates></Point>
</Placemark>
<Placemark>
<name>5G</name>
<Point><coordinates>85.22850835,25.62828154,0</coordinates></Point>
</Placemark>
<Placemark>
<name>5G</name>
<Point><coordinates>85.16120489,25.5230099,0</coordinates></Point>
</Placemark>
<Placemark>
<name>3G</name>
<Point><coordinates>85.11314212,25.74578977,0</coordinates></Point>
</Placemark>
<Placemark>
<name>5G</name>
<Point><coordinates>85.26423594,25.4963687,0</coordinates></Point>
</Placemark>
<Placemark>
<name>3G</name>
<Point><coordinates>85.00043876,25.69901742,0</coordinates></Point>
</Placemark>
<Placemark>
<name>LTE</name>
<Point><coordinates>85.01929211,25.51682818,0</coordinates></Point>
</Placemark>
<Placemark>
<name>5G</name>
<Point><coordinates>85.06625309,25.65851161,0</coordinates></Point>
</Placemark>
<Placemark>
<name>3G</name>
<Point><coordinates>85.22280244,25.63025361,0</coordinates></Point>
</Placemark>
<Placemark>
<name>4G</name>
<Point><coordinates>85.17331334,25.7095,0</coordinates></Point>
</Placemark>
<Placemark>
<name>5G</name>
<Point><coordinates>85.18037957,25.52226641,0</coordinates></Point>
</Placemark>
<Placemark>
<name>LTE</name>
<Point><coordinates>85.13042516,25.75970012,0</coordinates></Point>
</Placemark>
<Placemark>
<name>4G</name>
<Point><coordinates>85.10330943,25.60575124,0</coordinates></Point>
</Placemark>
<Placemark>
<name>4G</name>
<Point><coordinates>85.14539664,25.52479023,0</coordinates></Point>
</Placemark>
<Placemark>
<name>5G</name>
<Point><coordinates>85.06941565,25.71215776,0</coordinates></Point>
</Placemark>
<Placemark>
<name>4G</name>
<Point><coordinates>85.05729532,25.51296315,0</coordinates></Point>
</Placemark>
<Placemark>
<name>4G</name>
<Point><coordinates>85.06720526,25.70459409,0</coordinates></Point>
</Placemark>
<Placemark>
<name>4G</name>
<Point><coordinates>85.11992934,25.47952056,0</coordinates></Point>
</Placemark>
<Placemark>
<name>LTE</name>
<Point><coordinates>85.24777738,25.61885789,0</coordinates></Point>
</Placemark>
<Placemark>
<name>4G</name>
<Point><coordinates>85.07709496,25.59890852,0</coordinates></Point>
</Placemark>
<Placemark>
<name>5G</name>
<Point><coordinates>85.26057733,25.4716583,0</coordinates></Point>
</Placemark>
<Placemark>
<name>5G</name>
<Point><coordinates>85.18580237,25.70170567,0</coordinates></Point>
</Placemark>
<Placemark>
<name>5G</name>
<Point><coordinates>85.30004416,25.65668304,0</coordinates></Point>
</Placemark>
<Placemark>
<name>3G</name>
<Point><coordinates>85.11772157,25.44536878,0</coordinates></Point>
</Placemark>
<Placemark>
<name>5G</name>
<Point><coordinates>85.12939462,25.7474407,0</coordinates></Point>
</Placemark>
<Placemark>
<name>4G</name>
<Point><coordinates>84.98720343,25.56216817,0</coordinates></Point>
</Placemark>
<Placemark>
<name>LTE</name>
<Point><coordinates>85.24541575,25.65593015,0</coordinates></Point>
</Placemark>
<Placemark>
<name>LTE</name>
<Point><coordinates>85.25297258,25.60309035,0</coordinates></Point>
</Placemark>
<Placemark>
<name>LTE</name>
<Point><coordinates>84.97211877,25.55145002,0</coordinates></Point>
</Placemark>
<Placemark>
<name>5G</name>
<Point><coordinates>85.23615325,25.52718137,0</coordinates></Point>
</Placemark>
<Placemark>
<name>LTE</name>
<Point><coordinates>85.10962024,25.7030947,0</coordinates></Point>
</Placemark>
<Placemark>
<name>5G</name>
<Point><coordinates>85.01561007,25.56695967,0</coordinates></Point>
</Placemark>
<Placemark>
<name>3G</name>
<Point><coordinates>85.10967054,25.69272027,0</coordinates></Point>
</Placemark>
<Placemark>
<name>LTE</name>
<Point><coordinates>85.0858812,25.47065227,0</coordinates></Point>
</Placemark>
<Placemark>
<name>LTE</name>
<Point><coordinates>85.28982959,25.68041778,0</coordinates></Point>
</Placemark>
<Placemark>
<name>LTE</name>
<Point><coordinates>85.20129709,25.56739906,0</coordinates></Point>
</Placemark>
<Placemark>
<name>LTE</name>
<Point><coordinates>84.9987125,25.59520496,0</coordinates></Point>
</Placemark>
<Placemark>
<name>3G</name>
<Point><coordinates>85.22173324,25.62663265,0</coordinates></Point>
</Placemark>
<Placemark>
<name>5G</name>
<Point><coordinates>85.12618213,25.74058055,0</coordinates></Point>
</Placemark>
<Placemark>
<name>4G</name>
<Point><coordinates>85.07902446,25.48848179,0</coordinates></Point>
</Placemark>
<Placemark>
<name>3G</name>
<Point><coordinates>85.07175982,25.72773511,0</coordinates></Point>
</Placemark>
<Placemark>
<name>5G</name>
<Point><coordinates>85.2110015,25.70809961,0</coordinates></Point>
</Placemark>
<Placemark>
<name>3G</name>
<Point><coordinates>85.01410076,25.70519834,0</coordinates></Point>
</Placemark>
<Placemark>
<name>3G</name>
<Point><coordinates>85.15926311,25.49803413,0</coordinates></Point>
</Placemark>
<Placemark>
<name>5G</name>
<Point><coordinates>85.052639,25.66323249,0</coordinates></Point>
</Placemark>
<Placemark>
<name>3G</name>
<Point><coordinates>85.27647036,25.58686096,0</coordinates></Point>
</Placemark>
<Placemark>
<name>5G</name>
<Point><coordinates>85.09268217,25.52285925,0</coordinates></Point>
</Placemark>
<Placemark>
<name>5G</name>
<Point><coordinates>85.12292273,25.60193756,0</coordinates></Point>
</Placemark>
<Placemark>
<name>LTE</name>
<Point><coordinates>85.23308403,25.45031739,0</coordinates></Point>
</Placemark>
<Placemark>
<name>3G</name>
<Point><coordinates>85.25424437,25.62488325,0</coordinates></Point>
</Placemark>
<Placemark>
<name>5G</name>
<Point><coordinates>85.0795788,25.45341106,0</coordinates></Point>
</Placemark>
<Placemark>
<name>3G</name>
<Point><coordinates>85.17810308,25.54360862,0</coordinates></Point>
</Placemark>
<Placemark>
<name>4G</name>
<Point><coordinates>85.27016475,25.49463304,0</coordinates></Point>
</Placemark>
<Placemark>
<name>4G</name>
<Point><coordinates>85.01163647,25.69093234,0</coordinates></Point>
</Placemark>
<Placemark>
<name>5G</name>
<Point><coordinates>85.27851312,25.64441124,0</coordinates></Point>
</Placemark>
<Placemark>
<name>3G</name>
<Point><coordinates>85.2815047,25.65063935,0</coordinates></Point>
</Placemark>
<Placemark>
<name>3G</name>
<Point><coordinates>85.24963119,25.73040816,0</coordinates></Point>
</Placemark>
<Placemark>
<name>3G</name>
<Point><coordinates>85.03541982,25.67738182,0</coordinates></Point>
</Placemark>
<Placemark>
<name>3G</name>
<Point><coordinates>85.03505444,25.47087498,0</coordinates></Point>
</Placemark>
<Placemark>
<name>3G</name>
<Point><coordinates>85.1412818,25.73784049,0</coordinates></Point>
</Placemark>
<Placemark>
<name>4G</name>
<Point><coordinates>85.06063332,25.73159174,0</coordinates></Point>
</Placemark>
<Placemark>
<name>3G</name>
<Point><coordinates>85.11323259,25.4790762,0</coordinates></Point>
</Placemark>
<Placemark>
<name>LTE</name>
<Point><coordinates>85.02022781,25.4618993,0</coordinates></Point>
</Placemark>
<Placemark>
<name>LTE</name>
<Point><coordinates>85.26516923,25.63901063,0</coordinates></Point>
</Placemark>
<Placemark>
<name>5G</name>
<Point><coordinates>85.2781676,25.67175197,0</coordinates></Point>
</Placemark>
<Placemark>
<name>4G</name>
<Point><coordinates>84.97486637,25.52395191,0</coordinates></Point>
</Placemark>
<Placemark>
<name>5G</name>
<Point><coordinates>85.15233614,25.61399523,0</coordinates></Point>
</Placemark>
<Placemark>
<name>LTE</name>
<Point><coordinates>85.01905068,25.68949364,0</coordinates></Point>
</Placemark>
<Placemark>
<name>5G</name>
<Point><coordinates>85.10332462,25.75380778,0</coordinates></Point>
</Placemark>
<Placemark>
<name>4G</name>
<Point><coordinates>85.26560268,25.56426075,0</coordinates></Point>
</Placemark>
<Placemark>
<name>4G</name>
<Point><coordinates>85.1343938,25.74639733,0</coordinates></Point>
</Placemark>
<Placemark>
<name>5G</name>
<Point><coordinates>85.18632464,25.75730836,0</coordinates></Point>
</Placemark>
<Placemark>
<name>5G</name>
<Point><coordinates>85.14401306,25.60615832,0</coordinates></Point>
</Placemark>
<Placemark>
<name>4G</name>
<Point><coordinates>84.99699685,25.67623205,0</coordinates></Point>
</Placemark>
<Placemark>
<name>4G</name>
<Point><coordinates>85.16888509,25.52605602,0</coordinates></Point>
</Placemark>
<Placemark>
<name>5G</name>
<Point><coordinates>85.15906451,25.75101938,0</coordinates></Point>
</Placemark>
<Placemark>
<name>LTE</name>
<Point><coordinates>84.97805419,25.60148575,0</coordinates></Point>
</Placemark>
<Placemark>
<name>LTE</name>
<Point><coordinates>85.04527592,25.58134696,0</coordinates></Point>
</Placemark>
<Placemark>
<name>LTE</name>
<Point><coordinates>85.10315574,25.6733381,0</coordinates></Point>
</Placemark>
<Placemark>
<name>LTE</name>
<Point><coordinates>85.12992642,25.44662478,0</coordinates></Point>
</Placemark>
<Placemark>
<name>4G</name>
<Point><coordinates>85.28681885,25.67000005,0</coordinates></Point>
</Placemark>
<Placemark>
<name>3G</name>
<Point><coordinates>85.23496305,25.46570338,0</coordinates></Point>
</Placemark>
<Placemark>
<name>4G</name>
<Point><coordinates>85.08293909,25.72785316,0</coordinates></Point>
</Placemark>
<Placemark>
<name>5G</name>
<Point><coordinates>85.15880759,25.5888658,0</coordinates></Point>
</Placemark>
<Placemark>
<name>3G</name>
<Point><coordinates>85.1808263,25.53625362,0</coordinates></Point>
</Placemark>
<Placemark>
<name>3G</name>
<Point><coordinates>85.07590975,25.75136234,0</coordinates></Point>
</Placemark>
<Placemark>
<name>5G</name>
<Point><coordinates>85.30419856,25.53179482,0</coordinates></Point>
</Placemark>
<Placemark>
<name>3G</name>
<Point><coordinates>85.30585367,25.57671664,0</coordinates></Point>
</Placemark>
<Placemark>
<name>4G</name>
<Point><coordinates>85.30865527,25.54771357,0</coordinates></Point>
</Placemark>
<Placemark>
<name>LTE</name>
<Point><coordinates>85.02884863,25.69804917,0</coordinates></Point>
</Placemark>
<Placemark>
<name>LTE</name>
<Point><coordinates>85.23060305,25.66028779,0</coordinates></Point>
</Placemark>
<Placemark>
<name>4G</name>
<Point><coordinates>85.01557119,25.5608023,0</coordinates></Point>
</Placemark>
<Placemark>
<name>5G</name>
<Point><coordinates>85.3110341,25.56368465,0</coordinates></Point>
</Placemark>
<Placemark>
<name>5G</name>
<Point><coordinates>85.2963891,25.52347937,0</coordinates></Point>
</Placemark>
<Placemark>
<name>4G</name>
<Point><coordinates>85.31412558,25.5764102,0</coordinates></Point>
</Placemark>
<Placemark>
<name>4G</name>
<Point><coordinates>85.20222134,25.67485633,0</coordinates></Point>
</Placemark>
<Placemark>
<name>4G</name>
<Point><coordinates>85.24460925,25.5067296,0</coordinates></Point>
</Placemark>
<Placemark>
<name>5G</name>
<Point><coordinates>85.19059673,25.46356253,0</coordinates></Point>
</Placemark>
<Placemark>
<name>3G</name>
<Point><coordinates>85.0679156,25.44235514,0</coordinates></Point>
</Placemark>
<Placemark>
<name>LTE</name>
<Point><coordinates>85.27812297,25.59109349,0</coordinates></Point>
</Placemark>
<Placemark>
<name>4G</name>
<Point><coordinates>85.27963499,25.51286064,0</coordinates></Point>
</Placemark>
<Placemark>
<name>5G</name>
<Point><coordinates>85.18976823,25.64231535,0</coordinates></Point>
</Placemark>
<Placemark>
<name>5G</name>
<Point><coordinates>85.15999198,25.45964168,0</coordinates></Point>
</Placemark>
<Placemark>
<name>5G</name>
<Point><coordinates>85.00162061,25.53022032,0</coordinates></Point>
</Placemark>
<Placemark>
<name>5G</name>
<Point><coordinates>85.29146717,25.67254832,0</coordinates></Point>
</Placemark>
<Placemark>
<name>LTE</name>
<Point><coordinates>85.02485673,25.70625488,0</coordinates></Point>
</Placemark>
<Placemark>
<name>3G</name>
<Point><coordinates>85.05558113,25.67548953,0</coordinates></Point>
</Placemark>
<Placemark>
<name>LTE</name>
<Point><coordinates>85.22562148,25.55071156,0</coordinates></Point>
</Placemark>
<Placemark>
<name>LTE</name>
<Point><coordinates>85.17283452,25.73252363,0</coordinates></Point>
</Placemark>
<Placemark>
<name>3G</name>
<Point><coordinates>85.19954466,25.72182256,0</coordinates></Point>
</Placemark>
<Placemark>
<name>LTE</name>
<Point><coordinates>85.03142532,25.54186091,0</coordinates></Point>
</Placemark>
<Placemark>
<name>5G</name>
<Point><coordinates>85.10791349,25.46545368,0</coordinates></Point>
</Placemark>
<Placemark>
<name>3G</name>
<Point><coordinates>85.01790322,25.63410398,0</coordinates></Point>
</Placemark>
<Placemark>
<name>5G</name>
<Point><coordinates>85.17868077,25.64864292,0</coordinates></Point>
</Placemark>
<Placemark>
<name>LTE</name>
<Point><coordinates>85.1331831,25.45701475,0</coordinates></Point>
</Placemark>
<Placemark>
<name>4G</name>
<Point><coordinates>85.18365505,25.63426529,0</coordinates></Point>
</Placemark>
<Placemark>
<name>4G</name>
<Point><coordinates>85.15042457,25.73019403,0</coordinates></Point>
</Placemark>
<Placemark>
<name>LTE</name>
<Point><coordinates>85.08998849,25.56861257,0</coordinates></Point>
</Placemark>
<Placemark>
<name>3G</name>
<Point><coordinates>84.98253688,25.53398631,0</coordinates></Point>
</Placemark>
<Placemark>
<name>LTE</name>
<Point><coordinates>85.08895679,25.61757063,0</coordinates></Point>
</Placemark>
<Placemark>
<name>LTE</name>
<Point><coordinates>85.1156001,25.73124744,0</coordinates></Point>
</Placemark>
<Placemark>
<name>4G</name>
<Point><coordinates>85.16272007,25.42724353,0</coordinates></Point>
</Placemark>
<Placemark>
<name>5G</name>
<Point><coordinates>85.11135628,25.6193021,0</coordinates></Point>
</Placemark>
<Placemark>
<name>LTE</name>
<Point><coordinates>85.04776542,25.55935933,0</coordinates></Point>
</Placemark>
<Placemark>
<name>4G</name>
<Point><coordinates>84.97002544,25.57150275,0</coordinates></Point>
</Placemark>
<Placemark>
<name>4G</name>
<Point><coordinates>85.27385772,25.63890758,0</coordinates></Point>
</Placemark>
<Placemark>
<name>3G</name>
<Point><coordinates>85.23058242,25.66892479,0</coordinates></Point>
</Placemark>
<Placemark>
<name>LTE</name>
<Point><coordinates>85.2248595,25.54682087,0</coordinates></Point>
</Placemark>
<Placemark>
<name>5G</name>
<Point><coordinates>85.02702788,25.61107828,0</coordinates></Point>
</Placemark>
<Placemark>
<name>3G</name>
<Point><coordinates>85.15568259,25.43526237,0</coordinates></Point>
</Placemark>
<Placemark>
<name>4G</name>
<Point><coordinates>85.2822523,25.698959,0</coordinates></Point>
</Placemark>
<Placemark>
<name>5G</name>
<Point><coordinates>85.05448667,25.61375382,0</coordinates></Point>
</Placemark>
<Placemark>
<name>3G</name>
<Point><coordinates>85.04632514,25.61354439,0</coordinates></Point>
</Placemark>
<Placemark>
<name>LTE</name>
<Point><coordinates>85.06024725,25.55987082,0</coordinates></Point>
</Placemark>
<Placemark>
<name>5G</name>
<Point><coordinates>85.21990701,25.45522555,0</coordinates></Point>
</Placemark>
<Placemark>
<name>LTE</name>
<Point><coordinates>85.1196694,25.56155221,0</coordinates></Point>
</Placemark>
<Placemark>
<name>5G</name>
<Point><coordinates>85.19864202,25.47185664,0</coordinates></Point>
</Placemark>
<Placemark>
<name>3G</name>
<Point><coordinates>85.12527864,25.51403572,0</coordinates></Point>
</Placemark>
<Placemark>
<name>LTE</name>
<Point><coordinates>85.13035197,25.75844841,0</coordinates></Point>
</Placemark>
<Placemark>
<name>LTE</name>
<Point><coordinates>85.17786601,25.63830319,0</coordinates></Point>
</Placemark>
<Placemark>
<name>3G</name>
<Point><coordinates>85.15083999,25.51391453,0</coordinates></Point>
</Placemark>
<Placemark>
<name>3G</name>
<Point><coordinates>85.1068512,25.46492169,0</coordinates></Point>
</Placemark>
<Placemark>
<name>LTE</name>
<Point><coordinates>85.05177352,25.45238739,0</coordinates></Point>
</Placemark>
<Placemark>
<name>3G</name>
<Point><coordinates>85.15601948,25.46743724,0</coordinates></Point>
</Placemark>
<Placemark>
<name>5G</name>
<Point><coordinates>85.12092868,25.74357612,0</coordinates></Point>
</Placemark>
<Placemark>
<name>4G</name>
<Point><coordinates>85.19727692,25.45277567,0</coordinates></Point>
</Placemark>
<Placemark>
<name>LTE</name>
<Point><coordinates>85.1975258,25.65192854,0</coordinates></Point>
</Placemark>
<Placemark>
<name>LTE</name>
<Point><coordinates>85.28172411,25.63397407,0</coordinates></Point>
</Placemark>
<Placemark>
<name>LTE</name>
<Point><coordinates>85.19951696,25.51212856,0</coordinates></Point>
</Placemark>
<Placemark>
<name>3G</name>
<Point><coordinates>85.29167822,25.54382615,0</coordinates></Point>
</Placemark>
<Placemark>
<name>5G</name>
<Point><coordinates>85.01658373,25.6767534,0</coordinates></Point>
</Placemark>
<Placemark>
<name>3G</name>
<Point><coordinates>85.21880608,25.59534899,0</coordinates></Point>
</Placemark>
<Placemark>
<name>3G</name>
<Point><coordinates>85.11905584,25.55690966,0</coordinates></Point>
</Placemark>
<Placemark>
<name>LTE</name>
<Point><coordinates>85.16805285,25.60254967,0</coordinates></Point>
</Placemark>
<Placemark>
<name>5G</name>
<Point><coordinates>85.17446291,25.65524906,0</coordinates></Point>
</Placemark>
<Placemark>
<name>3G</name>
<Point><coordinates>85.30580885,25.58377528,0</coordinates></Point>
</Placemark>
<Placemark>
<name>4G</name>
<Point><coordinates>85.22132788,25.64144218,0</coordinates></Point>
</Placemark>
<Placemark>
<name>LTE</name>
<Point><coordinates>85.086551,25.67793904,0</coordinates></Point>
</Placemark>
<Placemark>
<name>4G</name>
<Point><coordinates>84.99731181,25.5838899,0</coordinates></Point>
</Placemark>
<Placemark>
<name>3G</name>
<Point><coordinates>85.16243966,25.58825888,0</coordinates></Point>
</Placemark>
<Placemark>
<name>4G</name>
<Point><coordinates>85.29289647,25.53553122,0</coordinates></Point>
</Placemark>
<Placemark>
<name>LTE</name>
<Point><coordinates>85.16603793,25.66716044,0</coordinates></Point>
</Placemark>
<Placemark>
<name>5G</name>
<Point><coordinates>84.982731,25.5550451,0</coordinates></Point>
</Placemark>
<Placemark>
<name>4G</name>
<Point><coordinates>85.21482983,25.47450691,0</coordinates></Point>
</Placemark>
<Placemark>
<name>3G</name>
<Point><coordinates>85.2391208,25.64926881,0</coordinates></Point>
</Placemark>
<Placemark>
<name>5G</name>
<Point><coordinates>85.29027338,25.66813071,0</coordinates></Point>
</Placemark>
<Placemark>
<name>4G</name>
<Point><coordinates>85.28445882,25.49422586,0</coordinates></Point>
</Placemark>
<Placemark>
<name>LTE</name>
<Point><coordinates>85.29723426,25.58275181,0</coordinates></Point>
</Placemark>
<Placemark>
<name>3G</name>
<Point><coordinates>85.27754033,25.59089497,0</coordinates></Point>
</Placemark>
<Placemark>
<name>LTE</name>
<Point><coordinates>85.11749463,25.74605363,0</coordinates></Point>
</Placemark>
<Placemark>
<name>4G</name>
<Point><coordinates>85.07791852,25.61329589,0</coordinates></Point>
</Placemark>
<Placemark>
<name>3G</name>
<Point><coordinates>85.19328916,25.44216024,0</coordinates></Point>
</Placemark>
<Placemark>
<name>LTE</name>
<Point><coordinates>85.081524,25.51856906,0</coordinates></Point>
</Placemark>
<Placemark>
<name>4G</name>
<Point><coordinates>85.12607719,25.71335269,0</coordinates></Point>
</Placemark>
<Placemark>
<name>3G</name>
<Point><coordinates>85.19856189,25.62967823,0</coordinates></Point>
</Placemark>
<Placemark>
<name>LTE</name>
<Point><coordinates>85.05627412,25.47366837,0</coordinates></Point>
</Placemark>
<Placemark>
<name>4G</name>
<Point><coordinates>85.11694854,25.65172113,0</coordinates></Point>
</Placemark>
<Placemark>
<name>3G</name>
<Point><coordinates>85.11564557,25.58232723,0</coordinates></Point>
</Placemark>
<Placemark>
<name>4G</name>
<Point><coordinates>85.11648812,25.73860853,0</coordinates></Point>
</Placemark>
<Placemark>
<name>3G</name>
<Point><coordinates>85.29575793,25.56095056,0</coordinates></Point>
</Placemark>
<Placemark>
<name>5G</name>
<Point><coordinates>85.07375405,25.71970203,0</coordinates></Point>
</Placemark>
<Placemark>
<name>3G</name>
<Point><coordinates>85.17466329,25.64207125,0</coordinates></Point>
</Placemark>
<Placemark>
<name>LTE</name>
<Point><coordinates>85.06628365,25.65101793,0</coordinates></Point>
</Placemark>
<Placemark>
<name>3G</name>
<Point><coordinates>85.15441543,25.5893786,0</coordinates></Point>
</Placemark>
<Placemark>
<name>LTE</name>
<Point><coordinates>85.26755151,25.4983764,0</coordinates></Point>
</Placemark>
<Placemark>
<name>LTE</name>
<Point><coordinates>84.97792343,25.55991962,0</coordinates></Point>
</Placemark>
<Placemark>
<name>5G</name>
<Point><coordinates>85.0660387,25.64479073,0</coordinates></Point>
</Placemark>
<Placemark>
<name>LTE</name>
<Point><coordinates>84.97639103,25.52454763,0</coordinates></Point>
</Placemark>
<Placemark>
<name>5G</name>
<Point><coordinates>85.02134852,25.64588547,0</coordinates></Point>
</Placemark>
<Placemark>
<name>LTE</name>
<Point><coordinates>85.27798578,25.61208257,0</coordinates></Point>
</Placemark>
<Placemark>
<name>4G</name>
<Point><coordinates>85.11149595,25.46493349,0</coordinates></Point>
</Placemark>
<Placemark>
<name>5G</name>
<Point><coordinates>85.23697898,25.62573115,0</coordinates></Point>
</Placemark>
<Placemark>
<name>5G</name>
<Point><coordinates>85.3113952,25.62181637,0</coordinates></Point>
</Placemark>
<Placemark>
<name>LTE</name>
<Point><coordinates>85.17477291,25.57383431,0</coordinates></Point>
</Placemark>
<Placemark>
<name>LTE</name>
<Point><coordinates>85.11709378,25.64854952,0</coordinates></Point>
</Placemark>
<Placemark>
<name>5G</name>
<Point><coordinates>85.21039718,25.64866643,0</coordinates></Point>
</Placemark>
<Placemark>
<name>LTE</name>
<Point><coordinates>85.01777385,25.63354357,0</coordinates></Point>
</Placemark>
<Placemark>
<name>3G</name>
<Point><coordinates>85.29678218,25.5508978,0</coordinates></Point>
</Placemark>
<Placemark>
<name>4G</name>
<Point><coordinates>84.98612855,25.67805205,0</coordinates></Point>
</Placemark>
<Placemark>
<name>3G</name>
<Point><coordinates>85.01377212,25.63621819,0</coordinates></Point>
</Placemark>
<Placemark>
<name>4G</name>
<Point><coordinates>85.30349551,25.59223953,0</coordinates></Point>
</Placemark>
<Placemark>
<name>LTE</name>
<Point><coordinates>85.12457899,25.6725575,0</coordinates></Point>
</Placemark>
<Placemark>
<name>3G</name>
<Point><coordinates>85.28972942,25.65284787,0</coordinates></Point>
</Placemark>
<Placemark>
<name>5G</name>
<Point><coordinates>85.28086029,25.65589281,0</coordinates></Point>
</Placemark>
<Placemark>
<name>LTE</name>
<Point><coordinates>85.26386667,25.47422092,0</coordinates></Point>
</Placemark>
<Placemark>
<name>4G</name>
<Point><coordinates>85.05914776,25.57684474,0</coordinates></Point>
</Placemark>
<Placemark>
<name>3G</name>
<Point><coordinates>85.24723733,25.69773104,0</coordinates></Point>
</Placemark>
<Placemark>
<name>5G</name>
<Point><coordinates>85.17858665,25.45350884,0</coordinates></Point>
</Placemark>
<Placemark>
<name>LTE</name>
<Point><coordinates>85.06674341,25.52817744,0</coordinates></Point>
</Placemark>
<Placemark>
<name>5G</name>
<Point><coordinates>85.1871928,25.7548411,0</coordinates></Point>
</Placemark>
<Placemark>
<name>4G</name>
<Point><coordinates>85.09585443,25.50931818,0</coordinates></Point>
</Placemark>
<Placemark>
<name>LTE</name>
<Point><coordinates>85.15486625,25.53307177,0</coordinates></Point>
</Placemark>
<Placemark>
<name>5G</name>
<Point><coordinates>85.17957614,25.65586971,0</coordinates></Point>
</Placemark>
<Placemark>
<name>5G</name>
<Point><coordinates>85.16755272,25.63473825,0</coordinates></Point>
</Placemark>
<Placemark>
<name>LTE</name>
<Point><coordinates>85.13620474,25.49340213,0</coordinates></Point>
</Placemark>
<Placemark>
<name>LTE</name>
<Point><coordinates>85.19194153,25.56796102,0</coordinates></Point>
</Placemark>
<Placemark>
<name>3G</name>
<Point><coordinates>85.0403662,25.55174269,0</coordinates></Point>
</Placemark>
<Placemark>
<name>3G</name>
<Point><coordinates>85.11860954,25.71910795,0</coordinates></Point>
</Placemark>
<Placemark>
<name>3G</name>
<Point><coordinates>85.29638439,25.58925347,0</coordinates></Point>
</Placemark>
<Placemark>
<name>5G</name>
<Point><coordinates>85.24057484,25.52359501,0</coordinates></Point>
</Placemark>
<Placemark>
<name>5G</name>
<Point><coordinates>85.17422507,25.76058574,0</coordinates></Point>
</Placemark>
<Placemark>
<name>3G</name>
<Point><coordinates>85.0787658,25.44589317,0</coordinates></Point>
</Placemark>
<Placemark>
<name>4G</name>
<Point><coordinates>85.07504246,25.48399176,0</coordinates></Point>
</Placemark>
<Placemark>
<name>3G</name>
<Point><coordinates>85.12023505,25.655419,0</coordinates></Point>
</Placemark>
<Placemark>
<name>4G</name>
<Point><coordinates>85.24107214,25.56062293,0</coordinates></Point>
</Placemark>
<Placemark>
<name>4G</name>
<Point><coordinates>85.0665195,25.65689916,0</coordinates></Point>
</Placemark>
<Placemark>
<name>3G</name>
<Point><coordinates>85.00726406,25.62613183,0</coordinates></Point>
</Placemark>
<Placemark>
<name>3G</name>
<Point><coordinates>85.17642185,25.4445868,0</coordinates></Point>
</Placemark>
<Placemark>
<name>5G</name>
<Point><coordinates>84.97778386,25.62005296,0</coordinates></Point>
</Placemark>
<Placemark>
<name>5G</name>
<Point><coordinates>85.16771584,25.56593101,0</coordinates></Point>
</Placemark>
<Placemark>
<name>LTE</name>
<Point><coordinates>85.05225816,25.67936427,0</coordinates></Point>
</Placemark>
<Placemark>
<name>5G</name>
<Point><coordinates>85.2256375,25.55226488,0</coordinates></Point>
</Placemark>
<Placemark>
<name>5G</name>
<Point><coordinates>85.05719958,25.69933225,0</coordinates></Point>
</Placemark>
<Placemark>
<name>LTE</name>
<Point><coordinates>85.19994948,25.71615493,0</coordinates></Point>
</Placemark>
<Placemark>
<name>4G</name>
<Point><coordinates>85.16785841,25.55384441,0</coordinates></Point>
</Placemark>
<Placemark>
<name>5G</name>
<Point><coordinates>85.10335539,25.46507535,0</coordinates></Point>
</Placemark>
<Placemark>
<name>3G</name>
<Point><coordinates>85.03961502,25.44361836,0</coordinates></Point>
</Placemark>
<Placemark>
<name>LTE</name>
<Point><coordinates>84.97693083,25.55288641,0</coordinates></Point>
</Placemark>
<Placemark>
<name>5G</name>
<Point><coordinates>85.20490694,25.69449,0</coordinates></Point>
</Placemark>
<Placemark>
<name>4G</name>
<Point><coordinates>85.05305959,25.5763467,0</coordinates></Point>
</Placemark>
<Placemark>
<name>3G</name>
<Point><coordinates>84.9935147,25.59871039,0</coordinates></Point>
</Placemark>
<Placemark>
<name>LTE</name>
<Point><coordinates>85.05028227,25.59269762,0</coordinates></Point>
</Placemark>
<Placemark>
<name>3G</name>
<Point><coordinates>85.0596392,25.50701178,0</coordinates></Point>
</Placemark>
<Placemark>
<name>5G</name>
<Point><coordinates>85.01089633,25.62481058,0</coordinates></Point>
</Placemark>
<Placemark>
<name>4G</name>
<Point><coordinates>85.19401259,25.67139368,0</coordinates></Point>
</Placemark>
<Placemark>
<name>3G</name>
<Point><coordinates>85.02211693,25.72646185,0</coordinates></Point>
</Placemark>
<Placemark>
<name>4G</name>
<Point><coordinates>85.27089,25.61239693,0</coordinates></Point>
</Placemark>
<Placemark>
<name>LTE</name>
<Point><coordinates>85.23185543,25.59828166,0</coordinates></Point>
</Placemark>
<Placemark>
<name>4G</name>
<Point><coordinates>85.07862745,25.52863894,0</coordinates></Point>
</Placemark>
<Placemark>
<name>LTE</name>
<Point><coordinates>85.2013612,25.45058393,0</coordinates></Point>
</Placemark>
<Placemark>
<name>3G</name>
<Point><coordinates>85.1133368,25.63305373,0</coordinates></Point>
</Placemark>
<Placemark>
<name>5G</name>
<Point><coordinates>85.04673597,25.6399868,0</coordinates></Point>
</Placemark>
<Placemark>
<name>LTE</name>
<Point><coordinates>85.09039157,25.47296941,0</coordinates></Point>
</Placemark>
<Placemark>
<name>4G</name>
<Point><coordinates>85.15600285,25.57073122,0</coordinates></Point>
</Placemark>
<Placemark>
<name>4G</name>
<Point><coordinates>85.18565489,25.73171707,0</coordinates></Point>
</Placemark>
<Placemark>
<name>4G</name>
<Point><coordinates>85.19012576,25.42840964,0</coordinates></Point>
</Placemark>
<Placemark>
<name>4G</name>
<Point><coordinates>85.21196636,25.6800551,0</coordinates></Point>
</Placemark>
<Placemark>
<name>4G</name>
<Point><coordinates>85.21247509,25.68104926,0</coordinates></Point>
</Placemark>
<Placemark>
<name>5G</name>
<Point><coordinates>85.14663106,25.68185302,0</coordinates></Point>
</Placemark>
<Placemark>
<name>LTE</name>
<Point><coordinates>85.23232603,25.54411118,0</coordinates></Point>
</Placemark>
<Placemark>
<name>3G</name>
<Point><coordinates>85.1279992,25.50126728,0</coordinates></Point>
</Placemark>
<Placemark>
<name>3G</name>
<Point><coordinates>85.14594177,25.56805724,0</coordinates></Point>
</Placemark>
<Placemark>
<name>4G</name>
<Point><coordinates>85.11057968,25.72218161,0</coordinates></Point>
</Placemark>
<Placemark>
<name>4G</name>
<Point><coordinates>85.30346667,25.65504981,0</coordinates></Point>
</Placemark>
<Placemark>
<name>LTE</name>
<Point><coordinates>85.08383397,25.63658429,0</coordinates></Point>
</Placemark>
<Placemark>
<name>LTE</name>
<Point><coordinates>85.27236579,25.54431863,0</coordinates></Point>
</Placemark>
<Placemark>
<name>3G</name>
<Point><coordinates>85.02157645,25.58628802,0</coordinates></Point>
</Placemark>
<Placemark>
<name>5G</name>
<Point><coordinates>85.14494594,25.5837894,0</coordinates></Point>
</Placemark>
<Placemark>
<name>3G</name>
<Point><coordinates>85.22345448,25.66809307,0</coordinates></Point>
</Placemark>
<Placemark>
<name>4G</name>
<Point><coordinates>85.26326511,25.64884194,0</coordinates></Point>
</Placemark>
<Placemark>
<name>4G</name>
<Point><coordinates>84.97841983,25.5466289,0</coordinates></Point>
</Placemark>
<Placemark>
<name>4G</name>
<Point><coordinates>85.18587461,25.69464942,0</coordinates></Point>
</Placemark>
<Placemark>
<name>LTE</name>
<Point><coordinates>85.23473841,25.52636007,0</coordinates></Point>
</Placemark>
<Placemark>
<name>LTE</name>
<Point><coordinates>85.12350771,25.45549583,0</coordinates></Point>
</Placemark>
<Placemark>
<name>4G</name>
<Point><coordinates>85.14182063,25.750794,0</coordinates></Point>
</Placemark>
<Placemark>
<name>LTE</name>
<Point><coordinates>85.05427854,25.51740892,0</coordinates></Point>
</Placemark>
<Placemark>
<name>LTE</name>
<Point><coordinates>85.01585054,25.47321142,0</coordinates></Point>
</Placemark>
<Placemark>
<name>3G</name>
<Point><coordinates>85.16225915,25.73953691,0</coordinates></Point>
</Placemark>
<Placemark>
<name>5G</name>
<Point><coordinates>85.06962757,25.53895336,0</coordinates></Point>
</Placemark>
<Placemark>
<name>4G</name>
<Point><coordinates>85.16967831,25.44988097,0</coordinates></Point>
</Placemark>
<Placemark>
<name>4G</name>
<Point><coordinates>84.99270244,25.53885208,0</coordinates></Point>
</Placemark>
<Placemark>
<name>LTE</name>
<Point><coordinates>85.06475183,25.62192303,0</coordinates></Point>
</Placemark>
<Placemark>
<name>3G</name>
<Point><coordinates>85.00085647,25.65074229,0</coordinates></Point>
</Placemark>
<Placemark>
<name>LTE</name>
<Point><coordinates>84.99914428,25.64909414,0</coordinates></Point>
</Placemark>
<Placemark>
<name>3G</name>
<Point><coordinates>85.27102915,25.71175891,0</coordinates></Point>
</Placemark>
<Placemark>
<name>4G</name>
<Point><coordinates>85.10602239,25.41827329,0</coordinates></Point>
</Placemark>
<Placemark>
<name>3G</name>
<Point><coordinates>85.1224234,25.63399022,0</coordinates></Point>
</Placemark>
<Placemark>
<name>LTE</name>
<Point><coordinates>85.23992428,25.73915624,0</coordinates></Point>
</Placemark>
<Placemark>
<name>4G</name>
<Point><coordinates>85.0622856,25.69370503,0</coordinates></Point>
</Placemark>
<Placemark>
<name>3G</name>
<Point><coordinates>85.09463934,25.42841675,0</coordinates></Point>
</Placemark>
<Placemark>
<name>5G</name>
<Point><coordinates>85.14508243,25.58527376,0</coordinates></Point>
</Placemark>
<Placemark>
<name>LTE</name>
<Point><coordinates>85.21165915,25.63224216,0</coordinates></Point>
</Placemark>
<Placemark>
<name>LTE</name>
<Point><coordinates>85.24732364,25.71020528,0</coordinates></Point>
</Placemark>
<Placemark>
<name>LTE</name>
<Point><coordinates>85.1194775,25.4741584,0</coordinates></Point>
</Placemark>
<Placemark>
<name>3G</name>
<Point><coordinates>85.06797668,25.57711262,0</coordinates></Point>
</Placemark>
<Placemark>
<name>4G</name>
<Point><coordinates>85.15018003,25.64261889,0</coordinates></Point>
</Placemark>
<Placemark>
<name>5G</name>
<Point><coordinates>85.1744097,25.63043105,0</coordinates></Point>
</Placemark>
<Placemark>
<name>5G</name>
<Point><coordinates>84.99035328,25.69100905,0</coordinates></Point>
</Placemark>
<Placemark>
<name>4G</name>
<Point><coordinates>85.26104958,25.61322706,0</coordinates></Point>
</Placemark>
<Placemark>
<name>LTE</name>
<Point><coordinates>84.96952709,25.53573625,0</coordinates></Point>
</Placemark>
<Placemark>
<name>5G</name>
<Point><coordinates>85.24440066,25.58767263,0</coordinates></Point>
</Placemark>
<Placemark>
<name>5G</name>
<Point><coordinates>85.19951534,25.43925057,0</coordinates></Point>
</Placemark>
<Placemark>
<name>LTE</name>
<Point><coordinates>85.22671494,25.56980697,0</coordinates></Point>
</Placemark>
<Placemark>
<name>4G</name>
<Point><coordinates>85.11296044,25.51884732,0</coordinates></Point>
</Placemark>
<Placemark>
<name>LTE</name>
<Point><coordinates>85.20393393,25.68374134,0</coordinates></Point>
</Placemark>
<Placemark>
<name>3G</name>
<Point><coordinates>85.17341762,25.58874215,0</coordinates></Point>
</Placemark>
<Placemark>
<name>3G</name>
<Point><coordinates>85.03991205,25.71217746,0</coordinates></Point>
</Placemark>
<Placemark>
<name>LTE</name>
<Point><coordinates>85.12526533,25.52409633,0</coordinates></Point>
</Placemark>
<Placemark>
<name>5G</name>
<Point><coordinates>85.14611649,25.52886163,0</coordinates></Point>
</Placemark>
<Placemark>
<name>4G</name>
<Point><coordinates>85.07019731,25.49941008,0</coordinates></Point>
</Placemark>
<Placemark>
<name>3G</name>
<Point><coordinates>85.13009978,25.72646253,0</coordinates></Point>
</Placemark>
<Placemark>
<name>LTE</name>
<Point><coordinates>85.15415627,25.73332907,0</coordinates></Point>
</Placemark>
<Placemark>
<name>LTE</name>
<Point><coordinates>85.16604691,25.47662897,0</coordinates></Point>
</Placemark>
<Placemark>
<name>3G</name>
<Point><coordinates>85.13147092,25.69799508,0</coordinates></Point>
</Placemark>
<Placemark>
<name>LTE</name>
<Point><coordinates>85.23825809,25.4611629,0</coordinates></Point>
</Placemark>
<Placemark>
<name>LTE</name>
<Point><coordinates>85.11277095,25.69974702,0</coordinates></Point>
</Placemark>
<Placemark>
<name>LTE</name>
<Point><coordinates>85.0432495,25.54102729,0</coordinates></Point>
</Placemark>
<Placemark>
<name>3G</name>
<Point><coordinates>85.13008892,25.51078998,0</coordinates></Point>
</Placemark>
<Placemark>
<name>LTE</name>
<Point><coordinates>85.15353517,25.58800965,0</coordinates></Point>
</Placemark>
<Placemark>
<name>3G</name>
<Point><coordinates>85.07824616,25.61126106,0</coordinates></Point>
</Placemark>
<Placemark>
<name>4G</name>
<Point><coordinates>85.3062749,25.5998724,0</coordinates></Point>
</Placemark>
<Placemark>
<name>3G</name>
<Point><coordinates>85.14216559,25.65303462,0</coordinates></Point>
</Placemark>
<Placemark>
<name>3G</name>
<Point><coordinates>85.04452789,25.46929058,0</coordinates></Point>
</Placemark>
<Placemark>
<name>5G</name>
<Point><coordinates>85.08293574,25.48144223,0</coordinates></Point>
</Placemark>
<Placemark>
<name>4G</name>
<Point><coordinates>85.11935096,25.6820725,0</coordinates></Point>
</Placemark>
<Placemark>
<name>3G</name>
<Point><coordinates>85.2159522,25.69852893,0</coordinates></Point>
</Placemark>
<Placemark>
<name>3G</name>
<Point><coordinates>85.11896646,25.72027943,0</coordinates></Point>
</Placemark>
<Placemark>
<name>LTE</name>
<Point><coordinates>85.18655528,25.6704268,0</coordinates></Point>
</Placemark>
<Placemark>
<name>LTE</name>
<Point><coordinates>85.21393111,25.48919679,0</coordinates></Point>
</Placemark>
<Placemark>
<name>LTE</name>
<Point><coordinates>85.25029985,25.68822586,0</coordinates></Point>
</Placemark>
<Placemark>
<name>4G</name>
<Point><coordinates>85.16385233,25.52385194,0</coordinates></Point>
</Placemark>
<Placemark>
<name>3G</name>
<Point><coordinates>85.21060389,25.74358467,0</coordinates></Point>
</Placemark>
<Placemark>
<name>3G</name>
<Point><coordinates>85.04407672,25.73311514,0</coordinates></Point>
</Placemark>
<Placemark>
<name>4G</name>
<Point><coordinates>85.27082298,25.68416605,0</coordinates></Point>
</Placemark>
<Placemark>
<name>3G</name>
<Point><coordinates>85.24928354,25.6174249,0</coordinates></Point>
</Placemark>
<Placemark>
<name>5G</name>
<Point><coordinates>85.17767538,25.42114085,0</coordinates></Point>
</Placemark>
<Placemark>
<name>LTE</name>
<Point><coordinates>85.08644057,25.69463816,0</coordinates></Point>
</Placemark>
<Placemark>
<name>LTE</name>
<Point><coordinates>85.05432991,25.50120701,0</coordinates></Point>
</Placemark>
<Placemark>
<name>5G</name>
<Point><coordinates>85.0369883,25.74229145,0</coordinates></Point>
</Placemark>
<Placemark>
<name>3G</name>
<Point><coordinates>85.31192625,25.60263939,0</coordinates></Point>
</Placemark>
<Placemark>
<name>LTE</name>
<Point><coordinates>85.17127336,25.44274192,0</coordinates></Point>
</Placemark>
<Placemark>
<name>3G</name>
<Point><coordinates>85.16501637,25.68587917,0</coordinates></Point>
</Placemark>
<Placemark>
<name>LTE</name>
<Point><coordinates>85.20297936,25.693681,0</coordinates></Point>
</Placemark>
<Placemark>
<name>3G</name>
<Point><coordinates>85.21343493,25.55669936,0</coordinates></Point>
</Placemark>
<Placemark>
<name>4G</name>
<Point><coordinates>85.00565381,25.56233678,0</coordinates></Point>
</Placemark>
<Placemark>
<name>4G</name>
<Point><coordinates>85.29544501,25.51102657,0</coordinates></Point>
</Placemark>
<Placemark>
<name>3G</name>
<Point><coordinates>85.25526942,25.71195852,0</coordinates></Point>
</Placemark>
<Placemark>
<name>LTE</name>
<Point><coordinates>85.11199157,25.48978029,0</coordinates></Point>
</Placemark>
<Placemark>
<name>4G</name>
<Point><coordinates>85.06928855,25.73364265,0</coordinates></Point>
</Placemark>
<Placemark>
<name>4G</name>
<Point><coordinates>85.18102872,25.50668514,0</coordinates></Point>
</Placemark>
<Placemark>
<name>5G</name>
<Point><coordinates>85.17139563,25.69546713,0</coordinates></Point>
</Placemark>
<Placemark>
<name>4G</name>
<Point><coordinates>85.12648412,25.70573956,0</coordinates></Point>
</Placemark>
<Placemark>
<name>4G</name>
<Point><coordinates>85.10059304,25.45967899,0</coordinates></Point>
</Placemark>
<Placemark>
<name>3G</name>
<Point><coordinates>85.20009428,25.5021961,0</coordinates></Point>
</Placemark>
<Placemark>
<name>5G</name>
<Point><coordinates>85.03372101,25.59494873,0</coordinates></Point>
</Placemark>
<Placemark>
<name>5G</name>
<Point><coordinates>85.12176249,25.57591732,0</coordinates></Point>
</Placemark>
<Placemark>
<name>3G</name>
<Point><coordinates>85.08870593,25.68543791,0</coordinates></Point>
</Placemark>
<Placemark>
<name>5G</name>
<Point><coordinates>85.21080431,25.60963334,0</coordinates></Point>
</Placemark>
<Placemark>
<name>5G</name>
<Point><coordinates>85.00611822,25.58849895,0</coordinates></Point>
</Placemark>
<Placemark>
<name>LTE</name>
<Point><coordinates>85.01513233,25.53070776,0</coordinates></Point>
</Placemark>
<Placemark>
<name>4G</name>
<Point><coordinates>85.08730804,25.53095414,0</coordinates></Point>
</Placemark>
<Placemark>
<name>LTE</name>
<Point><coordinates>85.22229368,25.7454261,0</coordinates></Point>
</Placemark>
<Placemark>
<name>5G</name>
<Point><coordinates>85.05435481,25.4461811,0</coordinates></Point>
</Placemark>
<Placemark>
<name>5G</name>
<Point><coordinates>85.12448526,25.73187405,0</coordinates></Point>
</Placemark>
<Placemark>
<name>4G</name>
<Point><coordinates>85.11983751,25.53126787,0</coordinates></Point>
</Placemark>
<Placemark>
<name>5G</name>
<Point><coordinates>85.13689458,25.66497635,0</coordinates></Point>
</Placemark>
<Placemark>
<name>3G</name>
<Point><coordinates>85.21648141,25.67773243,0</coordinates></Point>
</Placemark>
<Placemark>
<name>LTE</name>
<Point><coordinates>85.29261517,25.63528745,0</coordinates></Point>
</Placemark>
<Placemark>
<name>5G</name>
<Point><coordinates>85.11579948,25.43671426,0</coordinates></Point>
</Placemark>
<Placemark>
<name>5G</name>
<Point><coordinates>85.02148477,25.72470067,0</coordinates></Point>
</Placemark>
<Placemark>
<name>3G</name>
<Point><coordinates>84.99955718,25.61396686,0</coordinates></Point>
</Placemark>
<Placemark>
<name>LTE</name>
<Point><coordinates>85.24562209,25.578991,0</coordinates></Point>
</Placemark>
<Placemark>
<name>LTE</name>
<Point><coordinates>85.15331661,25.66642055,0</coordinates></Point>
</Placemark>
<Placemark>
<name>LTE</name>
<Point><coordinates>85.02806547,25.49676489,0</coordinates></Point>
</Placemark>
<Placemark>
<name>3G</name>
<Point><coordinates>85.11890059,25.5116055,0</coordinates></Point>
</Placemark>
<Placemark>
<name>4G</name>
<Point><coordinates>85.13374043,25.74393946,0</coordinates></Point>
</Placemark>
<Placemark>
<name>5G</name>
<Point><coordinates>85.16511919,25.66242821,0</coordinates></Point>
</Placemark>
<Placemark>
<name>LTE</name>
<Point><coordinates>84.97044528,25.53553387,0</coordinates></Point>
</Placemark>
<Placemark>
<name>5G</name>
<Point><coordinates>85.09542599,25.54970922,0</coordinates></Point>
</Placemark>
<Placemark>
<name>5G</name>
<Point><coordinates>85.18742587,25.76273119,0</coordinates></Point>
</Placemark>
<Placemark>
<name>3G</name>
<Point><coordinates>85.21278322,25.47602101,0</coordinates></Point>
</Placemark>
<Placemark>
<name>LTE</name>
<Point><coordinates>85.18673944,25.53227961,0</coordinates></Point>
</Placemark>
<Placemark>
<name>LTE</name>
<Point><coordinates>84.98704075,25.54401858,0</coordinates></Point>
</Placemark>
<Placemark>
<name>LTE</name>
<Point><coordinates>85.15372235,25.54934748,0</coordinates></Point>
</Placemark>
<Placemark>
<name>4G</name>
<Point><coordinates>85.10710006,25.51053873,0</coordinates></Point>
</Placemark>
<Placemark>
<name>3G</name>
<Point><coordinates>85.12272261,25.54360862,0</coordinates></Point>
</Placemark>
<Placemark>
<name>5G</name>
<Point><coordinates>85.20550386,25.5150512,0</coordinates></Point>
</Placemark>
<Placemark>
<name>LTE</name>
<Point><coordinates>85.2655763,25.50472696,0</coordinates></Point>
</Placemark>
<Placemark>
<name>LTE</name>
<Point><coordinates>85.2289355,25.56373023,0</coordinates></Point>
</Placemark>
<Placemark>
<name>4G</name>
<Point><coordinates>85.02580016,25.62897775,0</coordinates></Point>
</Placemark>
<Placemark>
<name>4G</name>
<Point><coordinates>85.15718104,25.68279561,0</coordinates></Point>
</Placemark>
<Placemark>
<name>4G</name>
<Point><coordinates>85.0008834,25.58279936,0</coordinates></Point>
</Placemark>
<Placemark>
<name>LTE</name>
<Point><coordinates>85.14658543,25.51803995,0</coordinates></Point>
</Placemark>
<Placemark>
<name>3G</name>
<Point><coordinates>85.05706538,25.46624156,0</coordinates></Point>
</Placemark>
<Placemark>
<name>LTE</name>
<Point><coordinates>85.15672939,25.58579808,0</coordinates></Point>
</Placemark>
<Placemark>
<name>5G</name>
<Point><coordinates>85.20660863,25.56786604,0</coordinates></Point>
</Placemark>
<Placemark>
<name>4G</name>
<Point><coordinates>85.17906111,25.49042889,0</coordinates></Point>
</Placemark>
<Placemark>
<name>4G</name>
<Point><coordinates>85.12044174,25.6814529,0</coordinates></Point>
</Placemark>
<Placemark>
<name>4G</name>
<Point><coordinates>85.26165117,25.63422946,0</coordinates></Point>
</Placemark>
<Placemark>
<name>4G</name>
<Point><coordinates>85.18582141,25.75101352,0</coordinates></Point>
</Placemark>
<Placemark>
<name>5G</name>
<Point><coordinates>85.2754335,25.60803044,0</coordinates></Point>
</Placemark>
<Placemark>
<name>4G</name>
<Point><coordinates>85.20001289,25.59227431,0</coordinates></Point>
</Placemark>
<Placemark>
<name>3G</name>
<Point><coordinates>85.2390402,25.58920033,0</coordinates></Point>
</Placemark>
<Placemark>
<name>5G</name>
<Point><coordinates>85.03507003,25.51185685,0</coordinates></Point>
</Placemark>
<Placemark>
<name>LTE</name>
<Point><coordinates>85.20474875,25.74872154,0</coordinates></Point>
</Placemark>
<Placemark>
<name>3G</name>
<Point><coordinates>85.0629357,25.51977518,0</coordinates></Point>
</Placemark>
<Placemark>
<name>4G</name>
<Point><coordinates>85.25326944,25.63683335,0</coordinates></Point>
</Placemark>
<Placemark>
<name>3G</name>
<Point><coordinates>85.05281397,25.71038852,0</coordinates></Point>
</Placemark>
<Placemark>
<name>3G</name>
<Point><coordinates>85.12592217,25.62645616,0</coordinates></Point>
</Placemark>
<Placemark>
<name>3G</name>
<Point><coordinates>85.19558775,25.69992856,0</coordinates></Point>
</Placemark>
<Placemark>
<name>4G</name>
<Point><coordinates>85.28913681,25.58861432,0</coordinates></Point>
</Placemark>
<Placemark>
<name>4G</name>
<Point><coordinates>85.11623602,25.52298886,0</coordinates></Point>
</Placemark>
<Placemark>
<name>3G</name>
<Point><coordinates>85.24218879,25.65467948,0</coordinates></Point>
</Placemark>
<Placemark>
<name>3G</name>
<Point><coordinates>85.07042181,25.71708337,0</coordinates></Point>
</Placemark>
<Placemark>
<name>3G</name>
<Point><coordinates>85.27205803,25.62012967,0</coordinates></Point>
</Placemark>
<Placemark>
<name>5G</name>
<Point><coordinates>84.97013023,25.54975319,0</coordinates></Point>
</Placemark>
<Placemark>
<name>LTE</name>
<Point><coordinates>85.23233432,25.47796095,0</coordinates></Point>
</Placemark>
<Placemark>
<name>4G</name>
<Point><coordinates>85.02364625,25.45682212,0</coordinates></Point>
</Placemark>
<Placemark>
<name>5G</name>
<Point><coordinates>85.10081733,25.68493842,0</coordinates></Point>
</Placemark>
<Placemark>
<name>3G</name>
<Point><coordinates>85.09012283,25.6242861,0</coordinates></Point>
</Placemark>
<Placemark>
<name>4G</name>
<Point><coordinates>85.16555328,25.47982433,0</coordinates></Point>
</Placemark>
<Placemark>
<name>3G</name>
<Point><coordinates>85.1451083,25.49613461,0</coordinates></Point>
</Placemark>
<Placemark>
<name>LTE</name>
<Point><coordinates>85.28173101,25.67789921,0</coordinates></Point>
</Placemark>
<Placemark>
<name>5G</name>
<Point><coordinates>85.11054561,25.56487038,0</coordinates></Point>
</Placemark>
<Placemark>
<name>4G</name>
<Point><coordinates>85.17854792,25.73319411,0</coordinates></Point>
</Placemark>
<Placemark>
<name>4G</name>
<Point><coordinates>85.09012236,25.45756894,0</coordinates></Point>
</Placemark>
<Placemark>
<name>LTE</name>
<Point><coordinates>85.13140836,25.73683834,0</coordinates></Point>
</Placemark>
<Placemark>
<name>LTE</name>
<Point><coordinates>85.21814573,25.64438418,0</coordinates></Point>
</Placemark>
<Placemark>
<name>4G</name>
<Point><coordinates>85.0285659,25.54678667,0</coordinates></Point>
</Placemark>
<Placemark>
<name>LTE</name>
<Point><coordinates>85.11408375,25.65029056,0</coordinates></Point>
</Placemark>
<Placemark>
<name>3G</name>
<Point><coordinates>85.0249724,25.58922338,0</coordinates></Point>
</Placemark>
<Placemark>
<name>LTE</name>
<Point><coordinates>85.10907664,25.65276853,0</coordinates></Point>
</Placemark>
<Placemark>
<name>LTE</name>
<Point><coordinates>85.27787464,25.61823932,0</coordinates></Point>
</Placemark>
<Placemark>
<name>LTE</name>
<Point><coordinates>85.02871769,25.45439145,0</coordinates></Point>
</Placemark>
<Placemark>
<name>5G</name>
<Point><coordinates>85.18861437,25.51546189,0</coordinates></Point>
</Placemark>
<Placemark>
<name>5G</name>
<Point><coordinates>85.03766178,25.63235987,0</coordinates></Point>
</Placemark>
<Placemark>
<name>LTE</name>
<Point><coordinates>85.15851382,25.60345794,0</coordinates></Point>
</Placemark>
<Placemark>
<name>LTE</name>
<Point><coordinates>84.98824448,25.60465811,0</coordinates></Point>
</Placemark>
<Placemark>
<name>4G</name>
<Point><coordinates>85.06510408,25.46374846,0</coordinates></Point>
</Placemark>
<Placemark>
<name>5G</name>
<Point><coordinates>85.12214832,25.58452598,0</coordinates></Point>
</Placemark>
<Placemark>
<name>3G</name>
<Point><coordinates>85.23282124,25.45034177,0</coordinates></Point>
</Placemark>
<Placemark>
<name>5G</name>
<Point><coordinates>85.24934689,25.68019426,0</coordinates></Point>
</Placemark>
<Placemark>
<name>4G</name>
<Point><coordinates>85.23069484,25.53843352,0</coordinates></Point>
</Placemark>
<Placemark>
<name>5G</name>
<Point><coordinates>85.0431183,25.70539832,0</coordinates></Point>
</Placemark>
<Placemark>
<name>3G</name>
<Point><coordinates>85.17082338,25.55471423,0</coordinates></Point>
</Placemark>
<Placemark>
<name>4G</name>
<Point><coordinates>85.17619822,25.56364965,0</coordinates></Point>
</Placemark>
<Placemark>
<name>4G</name>
<Point><coordinates>84.99046672,25.6316234,0</coordinates></Point>
</Placemark>
<Placemark>
<name>LTE</name>
<Point><coordinates>85.23496641,25.66253576,0</coordinates></Point>
</Placemark>
<Placemark>
<name>4G</name>
<Point><coordinates>85.23283912,25.54801655,0</coordinates></Point>
</Placemark>
<Placemark>
<name>LTE</name>
<Point><coordinates>85.23727297,25.64842334,0</coordinates></Point>
</Placemark>
<Placemark>
<name>5G</name>
<Point><coordinates>85.00829038,25.65232906,0</coordinates></Point>
</Placemark>
<Placemark>
<name>LTE</name>
<Point><coordinates>85.07537707,25.71470082,0</coordinates></Point>
</Placemark>
<Placemark>
<name>3G</name>
<Point><coordinates>85.05035209,25.59473553,0</coordinates></Point>
</Placemark>
<Placemark>
<name>3G</name>
<Point><coordinates>85.12675073,25.47830515,0</coordinates></Point>
</Placemark>
<Placemark>
<name>LTE</name>
<Point><coordinates>85.17000801,25.56925908,0</coordinates></Point>
</Placemark>
<Placemark>
<name>5G</name>
<Point><coordinates>85.21315828,25.61509312,0</coordinates></Point>
</Placemark>
<Placemark>
<name>3G</name>
<Point><coordinates>85.17733516,25.45305188,0</coordinates></Point>
</Placemark>
<Placemark>
<name>LTE</name>
<Point><coordinates>85.25477328,25.53875199,0</coordinates></Point>
</Placemark>
<Placemark>
<name>LTE</name>
<Point><coordinates>85.23059314,25.57014201,0</coordinates></Point>
</Placemark>
<Placemark>
<name>LTE</name>
<Point><coordinates>85.23501718,25.64503713,0</coordinates></Point>
</Placemark>
<Placemark>
<name>5G</name>
<Point><coordinates>85.04849263,25.63603011,0</coordinates></Point>
</Placemark>
<Placemark>
<name>4G</name>
<Point><coordinates>85.09445658,25.55749781,0</coordinates></Point>
</Placemark>
<Placemark>
<name>3G</name>
<Point><coordinates>85.01299614,25.56076401,0</coordinates></Point>
</Placemark>
<Placemark>
<name>3G</name>
<Point><coordinates>84.98155341,25.67461331,0</coordinates></Point>
</Placemark>
<Placemark>
<name>5G</name>
<Point><coordinates>85.24721899,25.55375999,0</coordinates></Point>
</Placemark>
<Placemark>
<name>3G</name>
<Point><coordinates>85.18850324,25.46243082,0</coordinates></Point>
</Placemark>
<Placemark>
<name>LTE</name>
<Point><coordinates>85.21386227,25.61415177,0</coordinates></Point>
</Placemark>
<Placemark>
<name>5G</name>
<Point><coordinates>85.03587638,25.45154225,0</coordinates></Point>
</Placemark>
<Placemark>
<name>5G</name>
<Point><coordinates>85.0009168,25.69927152,0</coordinates></Point>
</Placemark>
<Placemark>
<name>4G</name>
<Point><coordinates>84.9918194,25.59528489,0</coordinates></Point>
</Placemark>
<Placemark>
<name>5G</name>
<Point><coordinates>85.07911276,25.5539612,0</coordinates></Point>
</Placemark>
<Placemark>
<name>4G</name>
<Point><coordinates>85.17072083,25.56386551,0</coordinates></Point>
</Placemark>
<Placemark>
<name>3G</name>
<Point><coordinates>85.10967119,25.61635074,0</coordinates></Point>
</Placemark>
<Placemark>
<name>4G</name>
<Point><coordinates>85.25145706,25.64661879,0</coordinates></Point>
</Placemark>
<Placemark>
<name>LTE</name>
<Point><coordinates>85.24847447,25.47147104,0</coordinates></Point>
</Placemark>
<Placemark>
<name>5G</name>
<Point><coordinates>85.29022948,25.55983503,0</coordinates></Point>
</Placemark>
<Placemark>
<name>5G</name>
<Point><coordinates>85.09141864,25.71912187,0</coordinates></Point>
</Placemark>
<Placemark>
<name>5G</name>
<Point><coordinates>85.23984913,25.51778975,0</coordinates></Point>
</Placemark>
<Placemark>
<name>4G</name>
<Point><coordinates>85.15874581,25.44428069,0</coordinates></Point>
</Placemark>
<Placemark>
<name>3G</name>
<Point><coordinates>85.23574412,25.65939816,0</coordinates></Point>
</Placemark>
<Placemark>
<name>3G</name>
<Point><coordinates>85.28902698,25.538799,0</coordinates></Point>
</Placemark>
<Placemark>
<name>5G</name>
<Point><coordinates>85.09797984,25.50906937,0</coordinates></Point>
</Placemark>
<Placemark>
<name>LTE</name>
<Point><coordinates>85.19397389,25.43796484,0</coordinates></Point>
</Placemark>
<Placemark>
<name>LTE</name>
<Point><coordinates>85.16379982,25.4487451,0</coordinates></Point>
</Placemark>
<Placemark>
<name>4G</name>
<Point><coordinates>85.00775343,25.57655115,0</coordinates></Point>
</Placemark>
<Placemark>
<name>5G</name>
<Point><coordinates>84.96238971,25.55460114,0</coordinates></Point>
</Placemark>
<Placemark>
<name>5G</name>
<Point><coordinates>85.31095088,25.63434829,0</coordinates></Point>
</Placemark>
<Placemark>
<name>5G</name>
<Point><coordinates>85.14667263,25.56229948,0</coordinates></Point>
</Placemark>
<Placemark>
<name>LTE</name>
<Point><coordinates>85.01200011,25.63837962,0</coordinates></Point>
</Placemark>
<Placemark>
<name>3G</name>
<Point><coordinates>84.98164683,25.52782136,0</coordinates></Point>
</Placemark>
<Placemark>
<name>5G</name>
<Point><coordinates>85.07261883,25.53022655,0</coordinates></Point>
</Placemark>
<Placemark>
<name>5G</name>
<Point><coordinates>85.14810064,25.51676574,0</coordinates></Point>
</Placemark>
<Placemark>
<name>LTE</name>
<Point><coordinates>85.15027128,25.7681118,0</coordinates></Point>
</Placemark>
<Placemark>
<name>LTE</name>
<Point><coordinates>85.0804036,25.48334487,0</coordinates></Point>
</Placemark>
<Placemark>
<name>4G</name>
<Point><coordinates>85.14393138,25.67842075,0</coordinates></Point>
</Placemark>
<Placemark>
<name>LTE</name>
<Point><coordinates>85.034638,25.57050451,0</coordinates></Point>
</Placemark>
<Placemark>
<name>5G</name>
<Point><coordinates>85.12676209,25.59212995,0</coordinates></Point>
</Placemark>
<Placemark>
<name>4G</name>
<Point><coordinates>85.26345629,25.67077976,0</coordinates></Point>
</Placemark>
<Placemark>
<name>3G</name>
<Point><coordinates>85.23717506,25.6997298,0</coordinates></Point>
</Placemark>
<Placemark>
<name>4G</name>
<Point><coordinates>85.25828857,25.51049478,0</coordinates></Point>
</Placemark>
<Placemark>
<name>4G</name>
<Point><coordinates>85.25079601,25.64767196,0</coordinates></Point>
</Placemark>
<Placemark>
<name>LTE</name>
<Point><coordinates>85.03647877,25.47489404,0</coordinates></Point>
</Placemark>
<Placemark>
<name>4G</name>
<Point><coordinates>85.12216336,25.4456144,0</coordinates></Point>
</Placemark>
<Placemark>
<name>4G</name>
<Point><coordinates>84.99382012,25.5789428,0</coordinates></Point>
</Placemark>
<Placemark>
<name>3G</name>
<Point><coordinates>85.10702854,25.74850213,0</coordinates></Point>
</Placemark>
<Placemark>
<name>5G</name>
<Point><coordinates>85.00934602,25.58880965,0</coordinates></Point>
</Placemark>
<Placemark>
<name>LTE</name>
<Point><coordinates>85.13860272,25.62754409,0</coordinates></Point>
</Placemark>
<Placemark>
<name>3G</name>
<Point><coordinates>85.04005386,25.57651968,0</coordinates></Point>
</Placemark>
<Placemark>
<name>4G</name>
<Point><coordinates>85.25130519,25.63162241,0</coordinates></Point>
</Placemark>
<Placemark>
<name>4G</name>
<Point><coordinates>85.21397782,25.66724471,0</coordinates></Point>
</Placemark>
<Placemark>
<name>LTE</name>
<Point><coordinates>85.22867152,25.53735409,0</coordinates></Point>
</Placemark>
<Placemark>
<name>3G</name>
<Point><coordinates>85.10010187,25.62347404,0</coordinates></Point>
</Placemark>
<Placemark>
<name>LTE</name>
<Point><coordinates>85.09262683,25.632671,0</coordinates></Point>
</Placemark>
<Placemark>
<name>5G</name>
<Point><coordinates>85.15929449,25.59424449,0</coordinates></Point>
</Placemark>
<Placemark>
<name>LTE</name>
<Point><coordinates>85.20262359,25.45318074,0</coordinates></Point>
</Placemark>
<Placemark>
<name>5G</name>
<Point><coordinates>85.10885401,25.44060299,0</coordinates></Point>
</Placemark>
<Placemark>
<name>5G</name>
<Point><coordinates>85.27135993,25.62199737,0</coordinates></Point>
</Placemark>
<Placemark>
<name>LTE</name>
<Point><coordinates>85.08061515,25.68603266,0</coordinates></Point>
</Placemark>
<Placemark>
<name>LTE</name>
<Point><coordinates>85.21759,25.47924493,0</coordinates></Point>
</Placemark>
<Placemark>
<name>5G</name>
<Point><coordinates>85.29892163,25.54360736,0</coordinates></Point>
</Placemark>
<Placemark>
<name>LTE</name>
<Point><coordinates>85.08420351,25.6948727,0</coordinates></Point>
</Placemark>
<Placemark>
<name>4G</name>
<Point><coordinates>85.14562463,25.51971151,0</coordinates></Point>
</Placemark>
<Placemark>
<name>5G</name>
<Point><coordinates>85.28127664,25.49524055,0</coordinates></Point>
</Placemark>
<Placemark>
<name>4G</name>
<Point><coordinates>84.97222997,25.53446505,0</coordinates></Point>
</Placemark>
<Placemark>
<name>3G</name>
<Point><coordinates>85.19099919,25.48431045,0</coordinates></Point>
</Placemark>
<Placemark>
<name>3G</name>
<Point><coordinates>85.19832923,25.74527175,0</coordinates></Point>
</Placemark>
<Placemark>
<name>5G</name>
<Point><coordinates>85.28845403,25.55546178,0</coordinates></Point>
</Placemark>
<Placemark>
<name>3G</name>
<Point><coordinates>85.05557148,25.53250765,0</coordinates></Point>
</Placemark>
<Placemark>
<name>3G</name>
<Point><coordinates>85.10397959,25.6779214,0</coordinates></Point>
</Placemark>
<Placemark>
<name>5G</name>
<Point><coordinates>85.2833068,25.69840176,0</coordinates></Point>
</Placemark>
<Placemark>
<name>LTE</name>
<Point><coordinates>84.97773811,25.53987092,0</coordinates></Point>
</Placemark>
<Placemark>
<name>3G</name>
<Point><coordinates>85.12444976,25.64641118,0</coordinates></Point>
</Placemark>
<Placemark>
<name>5G</name>
<Point><coordinates>85.23748409,25.68567778,0</coordinates></Point>
</Placemark>
<Placemark>
<name>LTE</name>
<Point><coordinates>85.21533259,25.46518699,0</coordinates></Point>
</Placemark>
<Placemark>
<name>LTE</name>
<Point><coordinates>85.1742079,25.6895936,0</coordinates></Point>
</Placemark>
<Placemark>
<name>5G</name>
<Point><coordinates>85.03263987,25.68185903,0</coordinates></Point>
</Placemark>
<Placemark>
<name>5G</name>
<Point><coordinates>85.26364491,25.67633655,0</coordinates></Point>
</Placemark>
<Placemark>
<name>3G</name>
<Point><coordinates>85.05824057,25.62248322,0</coordinates></Point>
</Placemark>
<Placemark>
<name>5G</name>
<Point><coordinates>85.24720281,25.72933135,0</coordinates></Point>
</Placemark>
<Placemark>
<name>LTE</name>
<Point><coordinates>84.96474629,25.6413762,0</coordinates></Point>
</Placemark>
<Placemark>
<name>LTE</name>
<Point><coordinates>85.12575681,25.66033101,0</coordinates></Point>
</Placemark>
<Placemark>
<name>LTE</name>
<Point><coordinates>85.240769,25.72425188,0</coordinates></Point>
</Placemark>
<Placemark>
<name>LTE</name>
<Point><coordinates>85.02304131,25.70606053,0</coordinates></Point>
</Placemark>
<Placemark>
<name>LTE</name>
<Point><coordinates>85.08037166,25.42608465,0</coordinates></Point>
</Placemark>
<Placemark>
<name>5G</name>
<Point><coordinates>85.02297327,25.70609091,0</coordinates></Point>
</Placemark>
<Placemark>
<name>4G</name>
<Point><coordinates>85.12876718,25.68904122,0</coordinates></Point>
</Placemark>
<Placemark>
<name>4G</name>
<Point><coordinates>85.27746485,25.51395474,0</coordinates></Point>
</Placemark>
<Placemark>
<name>5G</name>
<Point><coordinates>85.13127799,25.61613276,0</coordinates></Point>
</Placemark>
<Placemark>
<name>5G</name>
<Point><coordinates>85.18759749,25.75517369,0</coordinates></Point>
</Placemark>
<Placemark>
<name>4G</name>
<Point><coordinates>84.99551415,25.548509,0</coordinates></Point>
</Placemark>
<Placemark>
<name>5G</name>
<Point><coordinates>85.10579025,25.57830058,0</coordinates></Point>
</Placemark>
<Placemark>
<name>5G</name>
<Point><coordinates>85.24851262,25.51201446,0</coordinates></Point>
</Placemark>
<Placemark>
<name>3G</name>
<Point><coordinates>85.27247759,25.59883325,0</coordinates></Point>
</Placemark>
<Placemark>
<name>5G</name>
<Point><coordinates>85.15893121,25.65812325,0</coordinates></Point>
</Placemark>
<Placemark>
<name>3G</name>
<Point><coordinates>85.16722024,25.62577185,0</coordinates></Point>
</Placemark>
<Placemark>
<name>LTE</name>
<Point><coordinates>85.21895847,25.71506757,0</coordinates></Point>
</Placemark>
<Placemark>
<name>LTE</name>
<Point><coordinates>85.2687121,25.49549733,0</coordinates></Point>
</Placemark>
<Placemark>
<name>LTE</name>
<Point><coordinates>85.09684828,25.49247144,0</coordinates></Point>
</Placemark>
<Placemark>
<name>3G</name>
<Point><coordinates>84.98307054,25.56732755,0</coordinates></Point>
</Placemark>
<Placemark>
<name>4G</name>
<Point><coordinates>85.06052367,25.73964466,0</coordinates></Point>
</Placemark>
<Placemark>
<name>4G</name>
<Point><coordinates>85.07163855,25.48404958,0</coordinates></Point>
</Placemark>
<Placemark>
<name>5G</name>
<Point><coordinates>85.16132047,25.47926705,0</coordinates></Point>
</Placemark>
<Placemark>
<name>3G</name>
<Point><coordinates>85.07865523,25.57316806,0</coordinates></Point>
</Placemark>
<Placemark>
<name>5G</name>
<Point><coordinates>84.98714115,25.65144899,0</coordinates></Point>
</Placemark>
<Placemark>
<name>3G</name>
<Point><coordinates>85.08334565,25.47435264,0</coordinates></Point>
</Placemark>
<Placemark>
<name>4G</name>
<Point><coordinates>85.04153182,25.59654112,0</coordinates></Point>
</Placemark>
<Placemark>
<name>LTE</name>
<Point><coordinates>85.30992505,25.55681842,0</coordinates></Point>
</Placemark>
<Placemark>
<name>LTE</name>
<Point><coordinates>85.28187316,25.6272914,0</coordinates></Point>
</Placemark>
<Placemark>
<name>4G</name>
<Point><coordinates>85.02177149,25.47402793,0</coordinates></Point>
</Placemark>
<Placemark>
<name>3G</name>
<Point><coordinates>85.18067103,25.59973791,0</coordinates></Point>
</Placemark>
<Placemark>
<name>4G</name>
<Point><coordinates>85.04275435,25.53281518,0</coordinates></Point>
</Placemark>
<Placemark>
<name>5G</name>
<Point><coordinates>85.23639741,25.71092184,0</coordinates></Point>
</Placemark>
<Placemark>
<name>4G</name>
<Point><coordinates>85.03139774,25.5327691,0</coordinates></Point>
</Placemark>
<Placemark>
<name>5G</name>
<Point><coordinates>85.1500844,25.50195138,0</coordinates></Point>
</Placemark>
<Placemark>
<name>5G</name>
<Point><coordinates>85.16555449,25.69436196,0</coordinates></Point>
</Placemark>
<Placemark>
<name>4G</name>
<Point><coordinates>85.23944436,25.67527824,0</coordinates></Point>
</Placemark>
<Placemark>
<name>3G</name>
<Point><coordinates>85.08884004,25.7570677,0</coordinates></Point>
</Placemark>
<Placemark>
<name>LTE</name>
<Point><coordinates>85.03823569,25.72853048,0</coordinates></Point>
</Placemark>
<Placemark>
<name>5G</name>
<Point><coordinates>85.20727695,25.68009989,0</coordinates></Point>
</Placemark>
<Placemark>
<name>5G</name>
<Point><coordinates>85.09257995,25.56324703,0</coordinates></Point>
</Placemark>
<Placemark>
<name>3G</name>
<Point><coordinates>85.18911324,25.45785045,0</coordinates></Point>
</Placemark>
<Placemark>
<name>3G</name>
<Point><coordinates>85.09964947,25.71408483,0</coordinates></Point>
</Placemark>
<Placemark>
<name>LTE</name>
<Point><coordinates>85.02277164,25.54936041,0</coordinates></Point>
</Placemark>
<Placemark>
<name>4G</name>
<Point><coordinates>85.0965671,25.69336468,0</coordinates></Point>
</Placemark>
<Placemark>
<name>3G</name>
<Point><coordinates>85.01859404,25.46174615,0</coordinates></Point>
</Placemark>
<Placemark>
<name>3G</name>
<Point><coordinates>85.05667634,25.6754589,0</coordinates></Point>
</Placemark>
<Placemark>
<name>LTE</name>
<Point><coordinates>85.17898703,25.58584376,0</coordinates></Point>
</Placemark>
<Placemark>
<name>LTE</name>
<Point><coordinates>85.1733281,25.64458075,0</coordinates></Point>
</Placemark>
<Placemark>
<name>3G</name>
<Point><coordinates>85.02159851,25.70823478,0</coordinates></Point>
</Placemark>
<Placemark>
<name>LTE</name>
<Point><coordinates>85.12425687,25.56816581,0</coordinates></Point>
</Placemark>
<Placemark>
<name>5G</name>
<Point><coordinates>85.31699356,25.59909324,0</coordinates></Point>
</Placemark>
<Placemark>
<name>5G</name>
<Point><coordinates>85.25245342,25.58751022,0</coordinates></Point>
</Placemark>
<Placemark>
<name>LTE</name>
<Point><coordinates>85.12284612,25.66533954,0</coordinates></Point>
</Placemark>
<Placemark>
<name>4G</name>
<Point><coordinates>85.11213738,25.66262395,0</coordinates></Point>
</Placemark>
<Placemark>
<name>LTE</name>
<Point><coordinates>84.98832763,25.67238151,0</coordinates></Point>
</Placemark>
<Placemark>
<name>5G</name>
<Point><coordinates>85.28290855,25.63975923,0</coordinates></Point>
</Placemark>
<Placemark>
<name>5G</name>
<Point><coordinates>85.04840634,25.64323296,0</coordinates></Point>
</Placemark>
<Placemark>
<name>LTE</name>
<Point><coordinates>84.97746204,25.56572697,0</coordinates></Point>
</Placemark>
<Placemark>
<name>LTE</name>
<Point><coordinates>85.14939587,25.63071213,0</coordinates></Point>
</Placemark>
<Placemark>
<name>5G</name>
<Point><coordinates>85.19605928,25.68621488,0</coordinates></Point>
</Placemark>
<Placemark>
<name>5G</name>
<Point><coordinates>84.98906534,25.6694444,0</coordinates></Point>
</Placemark>
<Placemark>
<name>3G</name>
<Point><coordinates>85.19685979,25.69191306,0</coordinates></Point>
</Placemark>
<Placemark>
<name>5G</name>
<Point><coordinates>85.24212912,25.67516645,0</coordinates></Point>
</Placemark>
<Placemark>
<name>3G</name>
<Point><coordinates>85.22875696,25.73966395,0</coordinates></Point>
</Placemark>
<Placemark>
<name>3G</name>
<Point><coordinates>85.16446983,25.73752952,0</coordinates></Point>
</Placemark>
<Placemark>
<name>3G</name>
<Point><coordinates>85.25599818,25.61521097,0</coordinates></Point>
</Placemark>
<Placemark>
<name>3G</name>
<Point><coordinates>85.15048317,25.48014806,0</coordinates></Point>
</Placemark>
<Placemark>
<name>4G</name>
<Point><coordinates>85.06176544,25.72224575,0</coordinates></Point>
</Placemark>
<Placemark>
<name>LTE</name>
<Point><coordinates>85.30942223,25.60165981,0</coordinates></Point>
</Placemark>
<Placemark>
<name>LTE</name>
<Point><coordinates>85.20633514,25.7295596,0</coordinates></Point>
</Placemark>
<Placemark>
<name>4G</name>
<Point><coordinates>85.26707913,25.71537898,0</coordinates></Point>
</Placemark>
<Placemark>
<name>4G</name>
<Point><coordinates>85.20529236,25.45483017,0</coordinates></Point>
</Placemark>
<Placemark>
<name>3G</name>
<Point><coordinates>85.18128635,25.56371155,0</coordinates></Point>
</Placemark>
<Placemark>
<name>3G</name>
<Point><coordinates>85.06458439,25.44635293,0</coordinates></Point>
</Placemark>
<Placemark>
<name>5G</name>
<Point><coordinates>85.17713523,25.45042986,0</coordinates></Point>
</Placemark>
<Placemark>
<name>5G</name>
<Point><coordinates>85.2855793,25.56134605,0</coordinates></Point>
</Placemark>
<Placemark>
<name>4G</name>
<Point><coordinates>85.02781357,25.60093818,0</coordinates></Point>
</Placemark>
<Placemark>
<name>LTE</name>
<Point><coordinates>85.06530674,25.65165986,0</coordinates></Point>
</Placemark>
<Placemark>
<name>5G</name>
<Point><coordinates>85.2821989,25.66127154,0</coordinates></Point>
</Placemark>
<Placemark>
<name>4G</name>
<Point><coordinates>84.9958804,25.54146008,0</coordinates></Point>
</Placemark>
<Placemark>
<name>5G</name>
<Point><coordinates>85.1086155,25.46918337,0</coordinates></Point>
</Placemark>
<Placemark>
<name>4G</name>
<Point><coordinates>85.28667082,25.55711285,0</coordinates></Point>
</Placemark>
<Placemark>
<name>4G</name>
<Point><coordinates>85.28003925,25.54594329,0</coordinates></Point>
</Placemark>
<Placemark>
<name>3G</name>
<Point><coordinates>85.11275899,25.651979,0</coordinates></Point>
</Placemark>
<Placemark>
<name>4G</name>
<Point><coordinates>85.01320135,25.57952818,0</coordinates></Point>
</Placemark>
<Placemark>
<name>5G</name>
<Point><coordinates>85.18971626,25.56224528,0</coordinates></Point>
</Placemark>
<Placemark>
<name>4G</name>
<Point><coordinates>85.26805055,25.51619482,0</coordinates></Point>
</Placemark>
<Placemark>
<name>4G</name>
<Point><coordinates>84.97137779,25.63370871,0</coordinates></Point>
</Placemark>
<Placemark>
<name>5G</name>
<Point><coordinates>85.23960724,25.60450959,0</coordinates></Point>
</Placemark>
<Placemark>
<name>5G</name>
<Point><coordinates>85.03414749,25.47038974,0</coordinates></Point>
</Placemark>
<Placemark>
<name>4G</name>
<Point><coordinates>85.01448606,25.60928388,0</coordinates></Point>
</Placemark>
<Placemark>
<name>4G</name>
<Point><coordinates>85.05784187,25.47940485,0</coordinates></Point>
</Placemark>
<Placemark>
<name>3G</name>
<Point><coordinates>85.25119879,25.61340383,0</coordinates></Point>
</Placemark>
<Placemark>
<name>3G</name>
<Point><coordinates>85.01558829,25.56347817,0</coordinates></Point>
</Placemark>
<Placemark>
<name>4G</name>
<Point><coordinates>85.20011346,25.55096331,0</coordinates></Point>
</Placemark>
<Placemark>
<name>5G</name>
<Point><coordinates>85.1150827,25.4467695,0</coordinates></Point>
</Placemark>
<Placemark>
<name>5G</name>
<Point><coordinates>85.26360068,25.57045835,0</coordinates></Point>
</Placemark>
<Placemark>
<name>3G</name>
<Point><coordinates>85.29531456,25.59360998,0</coordinates></Point>
</Placemark>
<Placemark>
<name>LTE</name>
<Point><coordinates>85.13121269,25.4699122,0</coordinates></Point>
</Placemark>
<Placemark>
<name>LTE</name>
<Point><coordinates>85.28206194,25.52013434,0</coordinates></Point>
</Placemark>
<Placemark>
<name>3G</name>
<Point><coordinates>84.96367154,25.5810704,0</coordinates></Point>
</Placemark>
<Placemark>
<name>3G</name>
<Point><coordinates>85.09982731,25.49052566,0</coordinates></Point>
</Placemark>
<Placemark>
<name>4G</name>
<Point><coordinates>85.07998719,25.51050057,0</coordinates></Point>
</Placemark>
<Placemark>
<name>3G</name>
<Point><coordinates>84.99739304,25.51247385,0</coordinates></Point>
</Placemark>
<Placemark>
<name>4G</name>
<Point><coordinates>84.96231301,25.62664328,0</coordinates></Point>
</Placemark>
<Placemark>
<name>5G</name>
<Point><coordinates>85.09698317,25.57358667,0</coordinates></Point>
</Placemark>
<Placemark>
<name>5G</name>
<Point><coordinates>85.15066651,25.56169029,0</coordinates></Point>
</Placemark>
<Placemark>
<name>3G</name>
<Point><coordinates>85.117998,25.6435435,0</coordinates></Point>
</Placemark>
<Placemark>
<name>4G</name>
<Point><coordinates>85.12587083,25.60582768,0</coordinates></Point>
</Placemark>
<Placemark>
<name>3G</name>
<Point><coordinates>85.13476322,25.44724879,0</coordinates></Point>
</Placemark>
<Placemark>
<name>4G</name>
<Point><coordinates>85.15599224,25.50198108,0</coordinates></Point>
</Placemark>
<Placemark>
<name>LTE</name>
<Point><coordinates>85.19741067,25.47591712,0</coordinates></Point>
</Placemark>
<Placemark>
<name>5G</name>
<Point><coordinates>85.02215939,25.55167601,0</coordinates></Point>
</Placemark>
<Placemark>
<name>4G</name>
<Point><coordinates>85.06871913,25.64482285,0</coordinates></Point>
</Placemark>
<Placemark>
<name>LTE</name>
<Point><coordinates>85.18484128,25.57085905,0</coordinates></Point>
</Placemark>
<Placemark>
<name>3G</name>
<Point><coordinates>85.07169975,25.54389987,0</coordinates></Point>
</Placemark>
<Placemark>
<name>3G</name>
<Point><coordinates>85.2764978,25.59256099,0</coordinates></Point>
</Placemark>
<Placemark>
<name>4G</name>
<Point><coordinates>85.12370139,25.45803923,0</coordinates></Point>
</Placemark>
<Placemark>
<name>3G</name>
<Point><coordinates>85.00012602,25.49868677,0</coordinates></Point>
</Placemark>
<Placemark>
<name>LTE</name>
<Point><coordinates>85.18035367,25.72790027,0</coordinates></Point>
</Placemark>
<Placemark>
<name>5G</name>
<Point><coordinates>85.0682795,25.74118223,0</coordinates></Point>
</Placemark>
<Placemark>
<name>5G</name>
<Point><coordinates>85.1800553,25.61578298,0</coordinates></Point>
</Placemark>
<Placemark>
<name>4G</name>
<Point><coordinates>85.25974337,25.59573576,0</coordinates></Point>
</Placemark>
<Placemark>
<name>3G</name>
<Point><coordinates>85.0382591,25.51581436,0</coordinates></Point>
</Placemark>
<Placemark>
<name>4G</name>
<Point><coordinates>85.16616289,25.62143839,0</coordinates></Point>
</Placemark>
<Placemark>
<name>5G</name>
<Point><coordinates>85.20102249,25.55791145,0</coordinates></Point>
</Placemark>
<Placemark>
<name>5G</name>
<Point><coordinates>84.9684342,25.53909302,0</coordinates></Point>
</Placemark>
<Placemark>
<name>3G</name>
<Point><coordinates>85.07758678,25.67721732,0</coordinates></Point>
</Placemark>
<Placemark>
<name>3G</name>
<Point><coordinates>84.97101143,25.54643715,0</coordinates></Point>
</Placemark>
<Placemark>
<name>5G</name>
<Point><coordinates>85.20080169,25.74120175,0</coordinates></Point>
</Placemark>
<Placemark>
<name>5G</name>
<Point><coordinates>85.29532408,25.55474256,0</coordinates></Point>
</Placemark>
<Placemark>
<name>4G</name>
<Point><coordinates>85.12515126,25.73255312,0</coordinates></Point>
</Placemark>
<Placemark>
<name>5G</name>
<Point><coordinates>85.17144152,25.49823197,0</coordinates></Point>
</Placemark>
<Placemark>
<name>4G</name>
<Point><coordinates>85.07742337,25.44588399,0</coordinates></Point>
</Placemark>
<Placemark>
<name>LTE</name>
<Point><coordinates>85.09890318,25.44905503,0</coordinates></Point>
</Placemark>
<Placemark>
<name>3G</name>
<Point><coordinates>84.98732207,25.5307032,0</coordinates></Point>
</Placemark>
<Placemark>
<name>3G</name>
<Point><coordinates>85.01793639,25.72166973,0</coordinates></Point>
</Placemark>
<Placemark>
<name>LTE</name>
<Point><coordinates>85.22893256,25.478972,0</coordinates></Point>
</Placemark>
<Placemark>
<name>4G</name>
<Point><coordinates>85.09510132,25.76156523,0</coordinates></Point>
</Placemark>
<Placemark>
<name>3G</name>
<Point><coordinates>85.15990466,25.56069613,0</coordinates></Point>
</Placemark>
<Placemark>
<name>5G</name>
<Point><coordinates>85.1893666,25.73215509,0</coordinates></Point>
</Placemark>
<Placemark>
<name>3G</name>
<Point><coordinates>85.04624487,25.53412003,0</coordinates></Point>
</Placemark>
<Placemark>
<name>5G</name>
<Point><coordinates>85.25490903,25.58339976,0</coordinates></Point>
</Placemark>
<Placemark>
<name>4G</name>
<Point><coordinates>84.97895366,25.55445085,0</coordinates></Point>
</Placemark>
<Placemark>
<name>4G</name>
<Point><coordinates>85.03577328,25.67716484,0</coordinates></Point>
</Placemark>
<Placemark>
<name>5G</name>
<Point><coordinates>85.17200884,25.41988116,0</coordinates></Point>
</Placemark>
<Placemark>
<name>3G</name>
<Point><coordinates>84.98715356,25.66715071,0</coordinates></Point>
</Placemark>
<Placemark>
<name>4G</name>
<Point><coordinates>85.16237382,25.65871019,0</coordinates></Point>
</Placemark>
<Placemark>
<name>5G</name>
<Point><coordinates>85.19926752,25.54674625,0</coordinates></Point>
</Placemark>
<Placemark>
<name>4G</name>
<Point><coordinates>85.14486285,25.61848042,0</coordinates></Point>
</Placemark>
<Placemark>
<name>5G</name>
<Point><coordinates>84.99672034,25.62913863,0</coordinates></Point>
</Placemark>
<Placemark>
<name>4G</name>
<Point><coordinates>85.13224788,25.68680663,0</coordinates></Point>
</Placemark>
<Placemark>
<name>LTE</name>
<Point><coordinates>85.15016336,25.43020667,0</coordinates></Point>
</Placemark>
<Placemark>
<name>5G</name>
<Point><coordinates>85.2789653,25.67098163,0</coordinates></Point>
</Placemark>
<Placemark>
<name>5G</name>
<Point><coordinates>85.11053277,25.42301876,0</coordinates></Point>
</Placemark>
<Placemark>
<name>4G</name>
<Point><coordinates>85.11869433,25.72131266,0</coordinates></Point>
</Placemark>
<Placemark>
<name>3G</name>
<Point><coordinates>85.30038745,25.59358369,0</coordinates></Point>
</Placemark>
<Placemark>
<name>3G</name>
<Point><coordinates>85.08213133,25.50758915,0</coordinates></Point>
</Placemark>
<Placemark>
<name>LTE</name>
<Point><coordinates>85.24144075,25.5468114,0</coordinates></Point>
</Placemark>
<Placemark>
<name>3G</name>
<Point><coordinates>84.99118704,25.62543235,0</coordinates></Point>
</Placemark>
<Placemark>
<name>5G</name>
<Point><coordinates>85.14250827,25.59017146,0</coordinates></Point>
</Placemark>
<Placemark>
<name>5G</name>
<Point><coordinates>85.13965085,25.5080402,0</coordinates></Point>
</Placemark>
<Placemark>
<name>3G</name>
<Point><coordinates>85.20059456,25.42672917,0</coordinates></Point>
</Placemark>
<Placemark>
<name>4G</name>
<Point><coordinates>85.14545976,25.56274048,0</coordinates></Point>
</Placemark>
<Placemark>
<name>3G</name>
<Point><coordinates>85.075414,25.65819389,0</coordinates></Point>
</Placemark>
<Placemark>
<name>3G</name>
<Point><coordinates>85.08053092,25.6722012,0</coordinates></Point>
</Placemark>
<Placemark>
<name>5G</name>
<Point><coordinates>85.15739975,25.47363837,0</coordinates></Point>
</Placemark>
<Placemark>
<name>3G</name>
<Point><coordinates>85.19409513,25.5452189,0</coordinates></Point>
</Placemark>
<Placemark>
<name>5G</name>
<Point><coordinates>85.01435443,25.58559988,0</coordinates></Point>
</Placemark>
<Placemark>
<name>5G</name>
<Point><coordinates>85.27355705,25.51060529,0</coordinates></Point>
</Placemark>
<Placemark>
<name>5G</name>
<Point><coordinates>85.16020708,25.48803875,0</coordinates></Point>
</Placemark>
<Placemark>
<name>3G</name>
<Point><coordinates>85.11168085,25.55514701,0</coordinates></Point>
</Placemark>
<Placemark>
<name>4G</name>
<Point><coordinates>85.30679312,25.53754521,0</coordinates></Point>
</Placemark>
<Placemark>
<name>4G</name>
<Point><coordinates>85.28134077,25.52610927,0</coordinates></Point>
</Placemark>
<Placemark>
<name>5G</name>
<Point><coordinates>85.04198229,25.70907145,0</coordinates></Point>
</Placemark>
<Placemark>
<name>LTE</name>
<Point><coordinates>85.03518671,25.69564041,0</coordinates></Point>
</Placemark>
<Placemark>
<name>5G</name>
<Point><coordinates>84.98581132,25.52959466,0</coordinates></Point>
</Placemark>
<Placemark>
<name>4G</name>
<Point><coordinates>85.06698944,25.49477093,0</coordinates></Point>
</Placemark>
<Placemark>
<name>4G</name>
<Point><coordinates>85.29249214,25.53510043,0</coordinates></Point>
</Placemark>
<Placemark>
<name>3G</name>
<Point><coordinates>85.07997098,25.63234487,0</coordinates></Point>
</Placemark>
<Placemark>
<name>LTE</name>
<Point><coordinates>85.0129279,25.71543821,0</coordinates></Point>
</Placemark>
<Placemark>
<name>3G</name>
<Point><coordinates>85.17321333,25.5399159,0</coordinates></Point>
</Placemark>
<Placemark>
<name>LTE</name>
<Point><coordinates>85.28222119,25.69852085,0</coordinates></Point>
</Placemark>
<Placemark>
<name>3G</name>
<Point><coordinates>84.98244752,25.57444693,0</coordinates></Point>
</Placemark>
<Placemark>
<name>LTE</name>
<Point><coordinates>85.11379352,25.66762008,0</coordinates></Point>
</Placemark>
<Placemark>
<name>4G</name>
<Point><coordinates>85.07351603,25.58765553,0</coordinates></Point>
</Placemark>
<Placemark>
<name>5G</name>
<Point><coordinates>85.23619064,25.68977864,0</coordinates></Point>
</Placemark>
<Placemark>
<name>5G</name>
<Point><coordinates>85.03198454,25.60888391,0</coordinates></Point>
</Placemark>
<Placemark>
<name>5G</name>
<Point><coordinates>85.21029302,25.48115919,0</coordinates></Point>
</Placemark>
<Placemark>
<name>4G</name>
<Point><coordinates>85.1630958,25.71713314,0</coordinates></Point>
</Placemark>
<Placemark>
<name>3G</name>
<Point><coordinates>85.25297882,25.53612449,0</coordinates></Point>
</Placemark>
<Placemark>
<name>LTE</name>
<Point><coordinates>85.24496342,25.66368537,0</coordinates></Point>
</Placemark>
<Placemark>
<name>3G</name>
<Point><coordinates>85.09623692,25.48393757,0</coordinates></Point>
</Placemark>
<Placemark>
<name>3G</name>
<Point><coordinates>85.06610721,25.68006076,0</coordinates></Point>
</Placemark>
<Placemark>
<name>4G</name>
<Point><coordinates>85.11586334,25.61315072,0</coordinates></Point>
</Placemark>
<Placemark>
<name>4G</name>
<Point><coordinates>85.18555031,25.60530706,0</coordinates></Point>
</Placemark>
<Placemark>
<name>4G</name>
<Point><coordinates>84.9862312,25.54332173,0</coordinates></Point>
</Placemark>
<Placemark>
<name>LTE</name>
<Point><coordinates>85.1587045,25.43067977,0</coordinates></Point>
</Placemark>
<Placemark>
<name>5G</name>
<Point><coordinates>85.12156836,25.43859408,0</coordinates></Point>
</Placemark>
<Placemark>
<name>5G</name>
<Point><coordinates>85.20323711,25.50737321,0</coordinates></Point>
</Placemark>
<Placemark>
<name>4G</name>
<Point><coordinates>85.16418542,25.63110867,0</coordinates></Point>
</Placemark>
<Placemark>
<name>4G</name>
<Point><coordinates>85.13382461,25.52903631,0</coordinates></Point>
</Placemark>
<Placemark>
<name>3G</name>
<Point><coordinates>85.00561898,25.65718315,0</coordinates></Point>
</Placemark>
<Placemark>
<name>3G</name>
<Point><coordinates>85.20781112,25.49790309,0</coordinates></Point>
</Placemark>
<Placemark>
<name>4G</name>
<Point><coordinates>84.99758426,25.53075871,0</coordinates></Point>
</Placemark>
<Placemark>
<name>3G</name>
<Point><coordinates>85.23695814,25.49858538,0</coordinates></Point>
</Placemark>
<Placemark>
<name>3G</name>
<Point><coordinates>85.08168525,25.60586196,0</coordinates></Point>
</Placemark>
<Placemark>
<name>3G</name>
<Point><coordinates>85.07660516,25.67165217,0</coordinates></Point>
</Placemark>
<Placemark>
<name>5G</name>
<Point><coordinates>85.0642404,25.67499809,0</coordinates></Point>
</Placemark>
<Placemark>
<name>3G</name>
<Point><coordinates>84.96192167,25.60373361,0</coordinates></Point>
</Placemark>
<Placemark>
<name>3G</name>
<Point><coordinates>85.11698738,25.74074007,0</coordinates></Point>
</Placemark>
<Placemark>
<name>LTE</name>
<Point><coordinates>85.0738135,25.54021151,0</coordinates></Point>
</Placemark>
<Placemark>
<name>3G</name>
<Point><coordinates>85.25160827,25.46150792,0</coordinates></Point>
</Placemark>
<Placemark>
<name>4G</name>
<Point><coordinates>85.17224501,25.47524681,0</coordinates></Point>
</Placemark>
<Placemark>
<name>3G</name>
<Point><coordinates>85.22444104,25.63525116,0</coordinates></Point>
</Placemark>
<Placemark>
<name>LTE</name>
<Point><coordinates>84.98025927,25.63184995,0</coordinates></Point>
</Placemark>
<Placemark>
<name>4G</name>
<Point><coordinates>85.23449001,25.62372654,0</coordinates></Point>
</Placemark>
<Placemark>
<name>4G</name>
<Point><coordinates>85.14405634,25.43764411,0</coordinates></Point>
</Placemark>
<Placemark>
<name>5G</name>
<Point><coordinates>85.18097624,25.53601421,0</coordinates></Point>
</Placemark>
<Placemark>
<name>3G</name>
<Point><coordinates>85.09740621,25.67678814,0</coordinates></Point>
</Placemark>
<Placemark>
<name>4G</name>
<Point><coordinates>85.08420772,25.70167878,0</coordinates></Point>
</Placemark>
<Placemark>
<name>5G</name>
<Point><coordinates>85.14870091,25.61918118,0</coordinates></Point>
</Placemark>
<Placemark>
<name>LTE</name>
<Point><coordinates>85.18443057,25.61037468,0</coordinates></Point>
</Placemark>
<Placemark>
<name>5G</name>
<Point><coordinates>85.0493501,25.72062598,0</coordinates></Point>
</Placemark>
<Placemark>
<name>4G</name>
<Point><coordinates>85.18920347,25.493499,0</coordinates></Point>
</Placemark>
<Placemark>
<name>3G</name>
<Point><coordinates>85.27809505,25.48731259,0</coordinates></Point>
</Placemark>
<Placemark>
<name>3G</name>
<Point><coordinates>85.17785406,25.44598808,0</coordinates></Point>
</Placemark>
<Placemark>
<name>LTE</name>
<Point><coordinates>85.04952385,25.68820831,0</coordinates></Point>
</Placemark>
<Placemark>
<name>LTE</name>
<Point><coordinates>85.18799498,25.59396902,0</coordinates></Point>
</Placemark>
<Placemark>
<name>5G</name>
<Point><coordinates>85.11588117,25.45824633,0</coordinates></Point>
</Placemark>
<Placemark>
<name>5G</name>
<Point><coordinates>85.15791526,25.46064811,0</coordinates></Point>
</Placemark>
<Placemark>
<name>4G</name>
<Point><coordinates>85.22564252,25.72442109,0</coordinates></Point>
</Placemark>
<Placemark>
<name>LTE</name>
<Point><coordinates>85.06192809,25.55315961,0</coordinates></Point>
</Placemark>
<Placemark>
<name>3G</name>
<Point><coordinates>85.15588347,25.72646434,0</coordinates></Point>
</Placemark>
<Placemark>
<name>4G</name>
<Point><coordinates>85.13672899,25.65672895,0</coordinates></Point>
</Placemark>
<Placemark>
<name>4G</name>
<Point><coordinates>85.27800315,25.68252648,0</coordinates></Point>
</Placemark>
<Placemark>
<name>3G</name>
<Point><coordinates>85.02399311,25.53561868,0</coordinates></Point>
</Placemark>
<Placemark>
<name>3G</name>
<Point><coordinates>85.18747487,25.48666255,0</coordinates></Point>
</Placemark>
<Placemark>
<name>LTE</name>
<Point><coordinates>85.03503279,25.65389276,0</coordinates></Point>
</Placemark>
<Placemark>
<name>LTE</name>
<Point><coordinates>85.04104984,25.44346897,0</coordinates></Point>
</Placemark>
<Placemark>
<name>5G</name>
<Point><coordinates>85.22178627,25.64281919,0</coordinates></Point>
</Placemark>
<Placemark>
<name>3G</name>
<Point><coordinates>85.26976576,25.56201798,0</coordinates></Point>
</Placemark>
<Placemark>
<name>3G</name>
<Point><coordinates>85.18204879,25.47863529,0</coordinates></Point>
</Placemark>
<Placemark>
<name>LTE</name>
<Point><coordinates>85.12665666,25.54738791,0</coordinates></Point>
</Placemark>
<Placemark>
<name>5G</name>
<Point><coordinates>85.20171093,25.47002527,0</coordinates></Point>
</Placemark>
<Placemark>
<name>3G</name>
<Point><coordinates>85.15043174,25.69183606,0</coordinates></Point>
</Placemark>
<Placemark>
<name>3G</name>
<Point><coordinates>85.09505332,25.43652125,0</coordinates></Point>
</Placemark>
<Placemark>
<name>LTE</name>
<Point><coordinates>84.99797099,25.49028802,0</coordinates></Point>
</Placemark>
<Placemark>
<name>4G</name>
<Point><coordinates>85.15422684,25.55465515,0</coordinates></Point>
</Placemark>
<Placemark>
<name>3G</name>
<Point><coordinates>85.22842212,25.50687803,0</coordinates></Point>
</Placemark>
<Placemark>
<name>LTE</name>
<Point><coordinates>85.06190929,25.55538075,0</coordinates></Point>
</Placemark>
<Placemark>
<name>3G</name>
<Point><coordinates>85.20654669,25.71487486,0</coordinates></Point>
</Placemark>
<Placemark>
<name>5G</name>
<Point><coordinates>85.04449829,25.46648133,0</coordinates></Point>
</Placemark>
<Placemark>
<name>3G</name>
<Point><coordinates>85.08564139,25.74697952,0</coordinates></Point>
</Placemark>
<Placemark>
<name>3G</name>
<Point><coordinates>85.06325963,25.67052109,0</coordinates></Point>
</Placemark>
<Placemark>
<name>4G</name>
<Point><coordinates>85.19953353,25.66066238,0</coordinates></Point>
</Placemark>
<Placemark>
<name>3G</name>
<Point><coordinates>85.24372342,25.68269824,0</coordinates></Point>
</Placemark>
<Placemark>
<name>5G</name>
<Point><coordinates>85.28732923,25.5375848,0</coordinates></Point>
</Placemark>
<Placemark>
<name>LTE</name>
<Point><coordinates>85.1165884,25.46761657,0</coordinates></Point>
</Placemark>
<Placemark>
<name>LTE</name>
<Point><coordinates>85.1692362,25.60852564,0</coordinates></Point>
</Placemark>
<Placemark>
<name>3G</name>
<Point><coordinates>85.16684159,25.46888512,0</coordinates></Point>
</Placemark>
<Placemark>
<name>5G</name>
<Point><coordinates>85.04766498,25.5940697,0</coordinates></Point>
</Placemark>
<Placemark>
<name>LTE</name>
<Point><coordinates>85.27719578,25.50303641,0</coordinates></Point>
</Placemark>
<Placemark>
<name>4G</name>
<Point><coordinates>85.20835405,25.71237348,0</coordinates></Point>
</Placemark>
<Placemark>
<name>4G</name>
<Point><coordinates>84.98969773,25.61427733,0</coordinates></Point>
</Placemark>
<Placemark>
<name>LTE</name>
<Point><coordinates>85.12935915,25.75392039,0</coordinates></Point>
</Placemark>
<Placemark>
<name>3G</name>
<Point><coordinates>85.00014059,25.50255987,0</coordinates></Point>
</Placemark>
<Placemark>
<name>5G</name>
<Point><coordinates>85.00126719,25.62920013,0</coordinates></Point>
</Placemark>
<Placemark>
<name>5G</name>
<Point><coordinates>85.08890379,25.57590593,0</coordinates></Point>
</Placemark>
<Placemark>
<name>5G</name>
<Point><coordinates>84.96058849,25.61560859,0</coordinates></Point>
</Placemark>
<Placemark>
<name>LTE</name>
<Point><coordinates>85.20086699,25.63677357,0</coordinates></Point>
</Placemark>
<Placemark>
<name>5G</name>
<Point><coordinates>85.05566464,25.69302797,0</coordinates></Point>
</Placemark>
<Placemark>
<name>LTE</name>
<Point><coordinates>85.04327831,25.53043608,0</coordinates></Point>
</Placemark>
<Placemark>
<name>3G</name>
<Point><coordinates>85.21431201,25.47507574,0</coordinates></Point>
</Placemark>
<Placemark>
<name>3G</name>
<Point><coordinates>85.05117744,25.6652654,0</coordinates></Point>
</Placemark>
<Placemark>
<name>3G</name>
<Point><coordinates>85.11723549,25.51434995,0</coordinates></Point>
</Placemark>
<Placemark>
<name>5G</name>
<Point><coordinates>85.18474397,25.55983162,0</coordinates></Point>
</Placemark>
<Placemark>
<name>5G</name>
<Point><coordinates>85.26048713,25.68984325,0</coordinates></Point>
</Placemark>
<Placemark>
<name>3G</name>
<Point><coordinates>85.02206554,25.72589447,0</coordinates></Point>
</Placemark>
<Placemark>
<name>LTE</name>
<Point><coordinates>85.24782709,25.72248665,0</coordinates></Point>
</Placemark>
<Placemark>
<name>3G</name>
<Point><coordinates>85.06071015,25.68171567,0</coordinates></Point>
</Placemark>
<Placemark>
<name>LTE</name>
<Point><coordinates>85.08239863,25.57592266,0</coordinates></Point>
</Placemark>
<Placemark>
<name>3G</name>
<Point><coordinates>85.24845053,25.63404362,0</coordinates></Point>
</Placemark>
<Placemark>
<name>4G</name>
<Point><coordinates>85.16324122,25.43641638,0</coordinates></Point>
</Placemark>
<Placemark>
<name>4G</name>
<Point><coordinates>85.24375098,25.56647531,0</coordinates></Point>
</Placemark>
<Placemark>
<name>3G</name>
<Point><coordinates>85.13074854,25.62339301,0</coordinates></Point>
</Placemark>
<Placemark>
<name>5G</name>
<Point><coordinates>84.99887768,25.68272812,0</coordinates></Point>
</Placemark>
<Placemark>
<name>5G</name>
<Point><coordinates>85.27010782,25.70103484,0</coordinates></Point>
</Placemark>
<Placemark>
<name>3G</name>
<Point><coordinates>85.06428419,25.73476601,0</coordinates></Point>
</Placemark>
<Placemark>
<name>LTE</name>
<Point><coordinates>85.1593608,25.60107355,0</coordinates></Point>
</Placemark>
<Placemark>
<name>4G</name>
<Point><coordinates>85.18435094,25.70802101,0</coordinates></Point>
</Placemark>
<Placemark>
<name>LTE</name>
<Point><coordinates>85.04138306,25.71514984,0</coordinates></Point>
</Placemark>
<Placemark>
<name>4G</name>
<Point><coordinates>85.00478798,25.5006859,0</coordinates></Point>
</Placemark>
<Placemark>
<name>LTE</name>
<Point><coordinates>85.09289899,25.4639341,0</coordinates></Point>
</Placemark>
<Placemark>
<name>4G</name>
<Point><coordinates>85.11614049,25.61936568,0</coordinates></Point>
</Placemark>
<Placemark>
<name>5G</name>
<Point><coordinates>84.99619482,25.64187165,0</coordinates></Point>
</Placemark>
<Placemark>
<name>4G</name>
<Point><coordinates>85.04685389,25.54995258,0</coordinates></Point>
</Placemark>
<Placemark>
<name>4G</name>
<Point><coordinates>85.17921911,25.6392082,0</coordinates></Point>
</Placemark>
<Placemark>
<name>LTE</name>
<Point><coordinates>85.13444695,25.62832282,0</coordinates></Point>
</Placemark>
<Placemark>
<name>5G</name>
<Point><coordinates>85.06769587,25.49754716,0</coordinates></Point>
</Placemark>
<Placemark>
<name>4G</name>
<Point><coordinates>85.12646378,25.43885178,0</coordinates></Point>
</Placemark>
<Placemark>
<name>LTE</name>
<Point><coordinates>85.2244304,25.74275098,0</coordinates></Point>
</Placemark>
<Placemark>
<name>4G</name>
<Point><coordinates>85.2346103,25.61092462,0</coordinates></Point>
</Placemark>
<Placemark>
<name>LTE</name>
<Point><coordinates>84.98828024,25.67212591,0</coordinates></Point>
</Placemark>
<Placemark>
<name>3G</name>
<Point><coordinates>85.13665602,25.58360787,0</coordinates></Point>
</Placemark>
<Placemark>
<name>4G</name>
<Point><coordinates>85.28773557,25.57960227,0</coordinates></Point>
</Placemark>
<Placemark>
<name>LTE</name>
<Point><coordinates>85.07467663,25.6548876,0</coordinates></Point>
</Placemark>
<Placemark>
<name>3G</name>
<Point><coordinates>85.01204634,25.68440851,0</coordinates></Point>
</Placemark>
<Placemark>
<name>LTE</name>
<Point><coordinates>85.00996047,25.67550882,0</coordinates></Point>
</Placemark>
<Placemark>
<name>3G</name>
<Point><coordinates>85.24526933,25.67009896,0</coordinates></Point>
</Placemark>
<Placemark>
<name>4G</name>
<Point><coordinates>85.21691206,25.67265799,0</coordinates></Point>
</Placemark>
<Placemark>
<name>5G</name>
<Point><coordinates>85.09964424,25.69083174,0</coordinates></Point>
</Placemark>
<Placemark>
<name>5G</name>
<Point><coordinates>85.19168892,25.47225797,0</coordinates></Point>
</Placemark>
<Placemark>
<name>4G</name>
<Point><coordinates>85.14622946,25.71976707,0</coordinates></Point>
</Placemark>
<Placemark>
<name>3G</name>
<Point><coordinates>85.28665636,25.53924876,0</coordinates></Point>
</Placemark>
<Placemark>
<name>4G</name>
<Point><coordinates>85.07996596,25.58066135,0</coordinates></Point>
</Placemark>
<Placemark>
<name>5G</name>
<Point><coordinates>85.17907851,25.46212395,0</coordinates></Point>
</Placemark>
<Placemark>
<name>LTE</name>
<Point><coordinates>85.0645242,25.74438983,0</coordinates></Point>
</Placemark>
<Placemark>
<name>5G</name>
<Point><coordinates>85.26282856,25.52415566,0</coordinates></Point>
</Placemark>
<Placemark>
<name>LTE</name>
<Point><coordinates>85.17951581,25.65479145,0</coordinates></Point>
</Placemark>
<Placemark>
<name>5G</name>
<Point><coordinates>85.18084921,25.51023863,0</coordinates></Point>
</Placemark>
<Placemark>
<name>5G</name>
<Point><coordinates>85.25589866,25.670131,0</coordinates></Point>
</Placemark>
<Placemark>
<name>4G</name>
<Point><coordinates>85.06952853,25.64873256,0</coordinates></Point>
</Placemark>
<Placemark>
<name>5G</name>
<Point><coordinates>85.28747652,25.60874522,0</coordinates></Point>
</Placemark>
<Placemark>
<name>4G</name>
<Point><coordinates>85.13707726,25.61696311,0</coordinates></Point>
</Placemark>
<Placemark>
<name>4G</name>
<Point><coordinates>85.13291888,25.66815695,0</coordinates></Point>
</Placemark>
<Placemark>
<name>4G</name>
<Point><coordinates>85.25110615,25.62924079,0</coordinates></Point>
</Placemark>
<Placemark>
<name>3G</name>
<Point><coordinates>85.1673732,25.42445661,0</coordinates></Point>
</Placemark>
<Placemark>
<name>4G</name>
<Point><coordinates>85.25032597,25.50344191,0</coordinates></Point>
</Placemark>
<Placemark>
<name>5G</name>
<Point><coordinates>85.01443034,25.66775265,0</coordinates></Point>
</Placemark>
<Placemark>
<name>5G</name>
<Point><coordinates>84.96185814,25.59208228,0</coordinates></Point>
</Placemark>
<Placemark>
<name>5G</name>
<Point><coordinates>85.136312,25.54226469,0</coordinates></Point>
</Placemark>
<Placemark>
<name>4G</name>
<Point><coordinates>84.97533122,25.5995747,0</coordinates></Point>
</Placemark>
<Placemark>
<name>3G</name>
<Point><coordinates>85.07610561,25.69756198,0</coordinates></Point>
</Placemark>
<Placemark>
<name>3G</name>
<Point><coordinates>85.07547465,25.69148344,0</coordinates></Point>
</Placemark>
<Placemark>
<name>3G</name>
<Point><coordinates>85.13172081,25.46155396,0</coordinates></Point>
</Placemark>
<Placemark>
<name>LTE</name>
<Point><coordinates>85.23185776,25.49630526,0</coordinates></Point>
</Placemark>
<Placemark>
<name>LTE</name>
<Point><coordinates>85.21041493,25.6309961,0</coordinates></Point>
</Placemark>
<Placemark>
<name>4G</name>
<Point><coordinates>85.09809389,25.58419137,0</coordinates></Point>
</Placemark>
<Placemark>
<name>LTE</name>
<Point><coordinates>85.26618091,25.65334703,0</coordinates></Point>
</Placemark>
<Placemark>
<name>5G</name>
<Point><coordinates>85.22471978,25.65334756,0</coordinates></Point>
</Placemark>
<Placemark>
<name>3G</name>
<Point><coordinates>85.20075347,25.43575805,0</coordinates></Point>
</Placemark>
<Placemark>
<name>4G</name>
<Point><coordinates>85.06535354,25.56587052,0</coordinates></Point>
</Placemark>
<Placemark>
<name>3G</name>
<Point><coordinates>85.24344144,25.54803497,0</coordinates></Point>
</Placemark>
<Placemark>
<name>LTE</name>
<Point><coordinates>85.17376694,25.60161705,0</coordinates></Point>
</Placemark>
<Placemark>
<name>LTE</name>
<Point><coordinates>85.15113509,25.72933023,0</coordinates></Point>
</Placemark>
<Placemark>
<name>5G</name>
<Point><coordinates>85.12053889,25.65098632,0</coordinates></Point>
</Placemark>
<Placemark>
<name>4G</name>
<Point><coordinates>85.17835712,25.59626335,0</coordinates></Point>
</Placemark>
<Placemark>
<name>3G</name>
<Point><coordinates>85.20024223,25.55155469,0</coordinates></Point>
</Placemark>
<Placemark>
<name>4G</name>
<Point><coordinates>85.08764508,25.45324691,0</coordinates></Point>
</Placemark>
<Placemark>
<name>3G</name>
<Point><coordinates>85.03903293,25.72020652,0</coordinates></Point>
</Placemark>
<Placemark>
<name>LTE</name>
<Point><coordinates>85.08846118,25.53390032,0</coordinates></Point>
</Placemark>
<Placemark>
<name>LTE</name>
<Point><coordinates>85.11513721,25.65010932,0</coordinates></Point>
</Placemark>
<Placemark>
<name>3G</name>
<Point><coordinates>85.0210676,25.67669286,0</coordinates></Point>
</Placemark>
<Placemark>
<name>LTE</name>
<Point><coordinates>85.19797892,25.7105774,0</coordinates></Point>
</Placemark>
<Placemark>
<name>5G</name>
<Point><coordinates>85.27031724,25.70997571,0</coordinates></Point>
</Placemark>
<Placemark>
<name>LTE</name>
<Point><coordinates>85.23056776,25.44477449,0</coordinates></Point>
</Placemark>
<Placemark>
<name>4G</name>
<Point><coordinates>85.14929063,25.60540374,0</coordinates></Point>
</Placemark>
<Placemark>
<name>3G</name>
<Point><coordinates>85.0577518,25.59288549,0</coordinates></Point>
</Placemark>
<Placemark>
<name>LTE</name>
<Point><coordinates>85.0856943,25.50899756,0</coordinates></Point>
</Placemark>
<Placemark>
<name>5G</name>
<Point><coordinates>85.10298852,25.47938275,0</coordinates></Point>
</Placemark>
<Placemark>
<name>LTE</name>
<Point><coordinates>85.25262612,25.61038661,0</coordinates></Point>
</Placemark>
<Placemark>
<name>4G</name>
<Point><coordinates>85.15755262,25.52812764,0</coordinates></Point>
</Placemark>
<Placemark>
<name>LTE</name>
<Point><coordinates>85.13063372,25.49045487,0</coordinates></Point>
</Placemark>
<Placemark>
<name>5G</name>
<Point><coordinates>85.17912019,25.68255511,0</coordinates></Point>
</Placemark>
<Placemark>
<name>LTE</name>
<Point><coordinates>84.98371422,25.54751954,0</coordinates></Point>
</Placemark>
<Placemark>
<name>LTE</name>
<Point><coordinates>85.19581604,25.58278691,0</coordinates></Point>
</Placemark>
<Placemark>
<name>3G</name>
<Point><coordinates>85.19193369,25.61695291,0</coordinates></Point>
</Placemark>
<Placemark>
<name>4G</name>
<Point><coordinates>85.0562243,25.58892565,0</coordinates></Point>
</Placemark>
<Placemark>
<name>5G</name>
<Point><coordinates>84.97930876,25.56377596,0</coordinates></Point>
</Placemark>
<Placemark>
<name>LTE</name>
<Point><coordinates>84.99555895,25.59772288,0</coordinates></Point>
</Placemark>
<Placemark>
<name>LTE</name>
<Point><coordinates>85.09904999,25.61118691,0</coordinates></Point>
</Placemark>
<Placemark>
<name>4G</name>
<Point><coordinates>85.2536224,25.59670671,0</coordinates></Point>
</Placemark>
<Placemark>
<name>3G</name>
<Point><coordinates>85.2078953,25.45359586,0</coordinates></Point>
</Placemark>
<Placemark>
<name>3G</name>
<Point><coordinates>85.26071192,25.64592459,0</coordinates></Point>
</Placemark>
<Placemark>
<name>5G</name>
<Point><coordinates>84.96049512,25.62244063,0</coordinates></Point>
</Placemark>
<Placemark>
<name>3G</name>
<Point><coordinates>85.20702305,25.64340051,0</coordinates></Point>
</Placemark>
<Placemark>
<name>3G</name>
<Point><coordinates>85.09481936,25.42557401,0</coordinates></Point>
</Placemark>
<Placemark>
<name>LTE</name>
<Point><coordinates>85.06877055,25.43823229,0</coordinates></Point>
</Placemark>
<Placemark>
<name>4G</name>
<Point><coordinates>85.10407684,25.61171016,0</coordinates></Point>
</Placemark>
<Placemark>
<name>LTE</name>
<Point><coordinates>85.15051452,25.70087317,0</coordinates></Point>
</Placemark>
<Placemark>
<name>3G</name>
<Point><coordinates>85.18793356,25.47023292,0</coordinates></Point>
</Placemark>
<Placemark>
<name>5G</name>
<Point><coordinates>85.18624075,25.7230877,0</coordinates></Point>
</Placemark>
<Placemark>
<name>5G</name>
<Point><coordinates>85.16711897,25.47756249,0</coordinates></Point>
</Placemark>
<Placemark>
<name>5G</name>
<Point><coordinates>85.21903896,25.49971492,0</coordinates></Point>
</Placemark>
<Placemark>
<name>3G</name>
<Point><coordinates>85.19687989,25.54306557,0</coordinates></Point>
</Placemark>
<Placemark>
<name>5G</name>
<Point><coordinates>85.21624867,25.61543203,0</coordinates></Point>
</Placemark>
<Placemark>
<name>3G</name>
<Point><coordinates>85.29401583,25.66059826,0</coordinates></Point>
</Placemark>
<Placemark>
<name>5G</name>
<Point><coordinates>85.09823643,25.64918439,0</coordinates></Point>
</Placemark>
<Placemark>
<name>4G</name>
<Point><coordinates>85.19655345,25.65844199,0</coordinates></Point>
</Placemark>
<Placemark>
<name>3G</name>
<Point><coordinates>85.13230656,25.67435428,0</coordinates></Point>
</Placemark>
<Placemark>
<name>LTE</name>
<Point><coordinates>85.00410629,25.67081467,0</coordinates></Point>
</Placemark>
<Placemark>
<name>LTE</name>
<Point><coordinates>85.19631798,25.50103607,0</coordinates></Point>
</Placemark>
<Placemark>
<name>3G</name>
<Point><coordinates>85.22911426,25.58880305,0</coordinates></Point>
</Placemark>
<Placemark>
<name>5G</name>
<Point><coordinates>85.05556082,25.57181787,0</coordinates></Point>
</Placemark>
<Placemark>
<name>3G</name>
<Point><coordinates>85.20624061,25.64031071,0</coordinates></Point>
</Placemark>
<Placemark>
<name>4G</name>
<Point><coordinates>85.0440519,25.50520127,0</coordinates></Point>
</Placemark>
<Placemark>
<name>3G</name>
<Point><coordinates>85.21553256,25.54812952,0</coordinates></Point>
</Placemark>
<Placemark>
<name>4G</name>
<Point><coordinates>85.00218608,25.62539714,0</coordinates></Point>
</Placemark>
<Placemark>
<name>3G</name>
<Point><coordinates>85.0404555,25.5529905,0</coordinates></Point>
</Placemark>
<Placemark>
<name>4G</name>
<Point><coordinates>85.03835306,25.67179209,0</coordinates></Point>
</Placemark>
<Placemark>
<name>5G</name>
<Point><coordinates>85.08847392,25.60454975,0</coordinates></Point>
</Placemark>
<Placemark>
<name>5G</name>
<Point><coordinates>85.04803483,25.5972064,0</coordinates></Point>
</Placemark>
<Placemark>
<name>5G</name>
<Point><coordinates>85.14770911,25.52663475,0</coordinates></Point>
</Placemark>
<Placemark>
<name>LTE</name>
<Point><coordinates>85.25294702,25.62603108,0</coordinates></Point>
</Placemark>
<Placemark>
<name>4G</name>
<Point><coordinates>85.0398392,25.52230199,0</coordinates></Point>
</Placemark>
<Placemark>
<name>5G</name>
<Point><coordinates>85.15238386,25.42980304,0</coordinates></Point>
</Placemark>
<Placemark>
<name>LTE</name>
<Point><coordinates>85.0367316,25.67851899,0</coordinates></Point>
</Placemark>
<Placemark>
<name>3G</name>
<Point><coordinates>85.21093973,25.43614185,0</coordinates></Point>
</Placemark>
<Placemark>
<name>5G</name>
<Point><coordinates>85.03537448,25.70458655,0</coordinates></Point>
</Placemark>
<Placemark>
<name>LTE</name>
<Point><coordinates>85.04420312,25.64296593,0</coordinates></Point>
</Placemark>
<Placemark>
<name>3G</name>
<Point><coordinates>85.31613236,25.61006154,0</coordinates></Point>
</Placemark>
<Placemark>
<name>LTE</name>
<Point><coordinates>85.1047552,25.6778619,0</coordinates></Point>
</Placemark>
<Placemark>
<name>5G</name>
<Point><coordinates>84.9792189,25.58310272,0</coordinates></Point>
</Placemark>
<Placemark>
<name>4G</name>
<Point><coordinates>85.24495473,25.64483343,0</coordinates></Point>
</Placemark>
<Placemark>
<name>LTE</name>
<Point><coordinates>85.00877065,25.62495543,0</coordinates></Point>
</Placemark>
<Placemark>
<name>4G</name>
<Point><coordinates>85.20842232,25.59196999,0</coordinates></Point>
</Placemark>
<Placemark>
<name>LTE</name>
<Point><coordinates>85.05365958,25.67084885,0</coordinates></Point>
</Placemark>
<Placemark>
<name>LTE</name>
<Point><coordinates>85.15730638,25.65105197,0</coordinates></Point>
</Placemark>
<Placemark>
<name>5G</name>
<Point><coordinates>85.1122217,25.71308503,0</coordinates></Point>
</Placemark>
<Placemark>
<name>LTE</name>
<Point><coordinates>85.30361729,25.59454742,0</coordinates></Point>
</Placemark>
<Placemark>
<name>5G</name>
<Point><coordinates>84.99929528,25.70161238,0</coordinates></Point>
</Placemark>
<Placemark>
<name>3G</name>
<Point><coordinates>85.08335767,25.70731712,0</coordinates></Point>
</Placemark>
<Placemark>
<name>5G</name>
<Point><coordinates>84.98143068,25.64171165,0</coordinates></Point>
</Placemark>
<Placemark>
<name>LTE</name>
<Point><coordinates>85.13736144,25.71830345,0</coordinates></Point>
</Placemark>
<Placemark>
<name>LTE</name>
<Point><coordinates>85.03191406,25.62430902,0</coordinates></Point>
</Placemark>
<Placemark>
<name>3G</name>
<Point><coordinates>85.2834031,25.51050524,0</coordinates></Point>
</Placemark>
<Placemark>
<name>4G</name>
<Point><coordinates>85.01451437,25.722205,0</coordinates></Point>
</Placemark>
<Placemark>
<name>4G</name>
<Point><coordinates>85.08939284,25.45461947,0</coordinates></Point>
</Placemark>
<Placemark>
<name>4G</name>
<Point><coordinates>85.06446506,25.74160191,0</coordinates></Point>
</Placemark>
<Placemark>
<name>5G</name>
<Point><coordinates>85.10747242,25.63325984,0</coordinates></Point>
</Placemark>
<Placemark>
<name>4G</name>
<Point><coordinates>85.03780869,25.71247739,0</coordinates></Point>
</Placemark>
<Placemark>
<name>4G</name>
<Point><coordinates>85.26628753,25.52933568,0</coordinates></Point>
</Placemark>
<Placemark>
<name>LTE</name>
<Point><coordinates>85.25411898,25.59577167,0</coordinates></Point>
</Placemark>
<Placemark>
<name>LTE</name>
<Point><coordinates>84.98545925,25.64381626,0</coordinates></Point>
</Placemark>
<Placemark>
<name>3G</name>
<Point><coordinates>85.18951033,25.47417581,0</coordinates></Point>
</Placemark>
<Placemark>
<name>LTE</name>
<Point><coordinates>85.15783348,25.42156665,0</coordinates></Point>
</Placemark>
<Placemark>
<name>LTE</name>
<Point><coordinates>85.04364804,25.57075582,0</coordinates></Point>
</Placemark>
<Placemark>
<name>LTE</name>
<Point><coordinates>84.99681852,25.68278807,0</coordinates></Point>
</Placemark>
<Placemark>
<name>4G</name>
<Point><coordinates>85.1953059,25.58925314,0</coordinates></Point>
</Placemark>
<Placemark>
<name>4G</name>
<Point><coordinates>85.23000213,25.7422545,0</coordinates></Point>
</Placemark>
<Placemark>
<name>3G</name>
<Point><coordinates>85.206924,25.5484188,0</coordinates></Point>
</Placemark>
<Placemark>
<name>4G</name>
<Point><coordinates>85.1125671,25.75049262,0</coordinates></Point>
</Placemark>
<Placemark>
<name>4G</name>
<Point><coordinates>85.19717431,25.74034659,0</coordinates></Point>
</Placemark>
<Placemark>
<name>5G</name>
<Point><coordinates>85.17790163,25.64050092,0</coordinates></Point>
</Placemark>
<Placemark>
<name>5G</name>
<Point><coordinates>85.17507581,25.47116915,0</coordinates></Point>
</Placemark>
<Placemark>
<name>LTE</name>
<Point><coordinates>85.13912697,25.45570571,0</coordinates></Point>
</Placemark>
<Placemark>
<name>4G</name>
<Point><coordinates>85.28096727,25.49662379,0</coordinates></Point>
</Placemark>
<Placemark>
<name>3G</name>
<Point><coordinates>85.12445676,25.76857861,0</coordinates></Point>
</Placemark>
<Placemark>
<name>5G</name>
<Point><coordinates>85.05022231,25.51780694,0</coordinates></Point>
</Placemark>
<Placemark>
<name>4G</name>
<Point><coordinates>85.18326327,25.52016032,0</coordinates></Point>
</Placemark>
<Placemark>
<name>3G</name>
<Point><coordinates>85.08196811,25.57085052,0</coordinates></Point>
</Placemark>
<Placemark>
<name>4G</name>
<Point><coordinates>85.14387787,25.53222448,0</coordinates></Point>
</Placemark>
<Placemark>
<name>5G</name>
<Point><coordinates>85.14991628,25.56931617,0</coordinates></Point>
</Placemark>
<Placemark>
<name>3G</name>
<Point><coordinates>85.24166481,25.59515515,0</coordinates></Point>
</Placemark>
<Placemark>
<name>LTE</name>
<Point><coordinates>85.13456315,25.73665738,0</coordinates></Point>
</Placemark>
<Placemark>
<name>4G</name>
<Point><coordinates>85.04753765,25.70011285,0</coordinates></Point>
</Placemark>
<Placemark>
<name>4G</name>
<Point><coordinates>85.20222,25.64869014,0</coordinates></Point>
</Placemark>
<Placemark>
<name>LTE</name>
<Point><coordinates>84.98594474,25.60635935,0</coordinates></Point>
</Placemark>
<Placemark>
<name>LTE</name>
<Point><coordinates>84.9871235,25.63135131,0</coordinates></Point>
</Placemark>
<Placemark>
<name>5G</name>
<Point><coordinates>85.22132375,25.62796987,0</coordinates></Point>
</Placemark>
<Placemark>
<name>LTE</name>
<Point><coordinates>85.1566303,25.55294467,0</coordinates></Point>
</Placemark>
<Placemark>
<name>3G</name>
<Point><coordinates>85.07845625,25.62566651,0</coordinates></Point>
</Placemark>
<Placemark>
<name>3G</name>
<Point><coordinates>85.22631227,25.55961052,0</coordinates></Point>
</Placemark>
<Placemark>
<name>4G</name>
<Point><coordinates>85.06242276,25.68045948,0</coordinates></Point>
</Placemark>
<Placemark>
<name>4G</name>
<Point><coordinates>85.00658241,25.57376276,0</coordinates></Point>
</Placemark>
<Placemark>
<name>4G</name>
<Point><coordinates>85.15949613,25.5411996,0</coordinates></Point>
</Placemark>
<Placemark>
<name>LTE</name>
<Point><coordinates>85.10916157,25.76143604,0</coordinates></Point>
</Placemark>
<Placemark>
<name>5G</name>
<Point><coordinates>85.23934066,25.63386751,0</coordinates></Point>
</Placemark>
<Placemark>
<name>5G</name>
<Point><coordinates>85.1296004,25.64146357,0</coordinates></Point>
</Placemark>
<Placemark>
<name>3G</name>
<Point><coordinates>85.14004809,25.60307181,0</coordinates></Point>
</Placemark>
<Placemark>
<name>LTE</name>
<Point><coordinates>85.14689472,25.60805249,0</coordinates></Point>
</Placemark>
<Placemark>
<name>3G</name>
<Point><coordinates>85.10585734,25.63170977,0</coordinates></Point>
</Placemark>
<Placemark>
<name>LTE</name>
<Point><coordinates>85.09634829,25.72631371,0</coordinates></Point>
</Placemark>
<Placemark>
<name>5G</name>
<Point><coordinates>85.19533734,25.69676999,0</coordinates></Point>
</Placemark>
<Placemark>
<name>4G</name>
<Point><coordinates>85.04972596,25.45470989,0</coordinates></Point>
</Placemark>
<Placemark>
<name>3G</name>
<Point><coordinates>85.11510815,25.70084644,0</coordinates></Point>
</Placemark>
<Placemark>
<name>3G</name>
<Point><coordinates>85.08896816,25.74436591,0</coordinates></Point>
</Placemark>
<Placemark>
<name>4G</name>
<Point><coordinates>85.26806249,25.47533584,0</coordinates></Point>
</Placemark>
<Placemark>
<name>4G</name>
<Point><coordinates>84.99891825,25.64734745,0</coordinates></Point>
</Placemark>
<Placemark>
<name>4G</name>
<Point><coordinates>85.14245314,25.50438298,0</coordinates></Point>
</Placemark>
<Placemark>
<name>5G</name>
<Point><coordinates>85.01094974,25.65024538,0</coordinates></Point>
</Placemark>
<Placemark>
<name>3G</name>
<Point><coordinates>85.18939034,25.57727772,0</coordinates></Point>
</Placemark>
<Placemark>
<name>4G</name>
<Point><coordinates>85.09750676,25.74025729,0</coordinates></Point>
</Placemark>
<Placemark>
<name>LTE</name>
<Point><coordinates>85.01272073,25.64294012,0</coordinates></Point>
</Placemark>
<Placemark>
<name>LTE</name>
<Point><coordinates>85.29093905,25.50971189,0</coordinates></Point>
</Placemark>
<Placemark>
<name>5G</name>
<Point><coordinates>85.02090653,25.51655173,0</coordinates></Point>
</Placemark>
<Placemark>
<name>LTE</name>
<Point><coordinates>85.17085247,25.74064848,0</coordinates></Point>
</Placemark>
<Placemark>
<name>3G</name>
<Point><coordinates>85.04416537,25.52621298,0</coordinates></Point>
</Placemark>
<Placemark>
<name>LTE</name>
<Point><coordinates>85.26686453,25.71456973,0</coordinates></Point>
</Placemark>
<Placemark>
<name>4G</name>
<Point><coordinates>85.18921096,25.71157598,0</coordinates></Point>
</Placemark>
<Placemark>
<name>LTE</name>
<Point><coordinates>85.30039928,25.57361177,0</coordinates></Point>
</Placemark>
<Placemark>
<name>5G</name>
<Point><coordinates>85.06928813,25.58454268,0</coordinates></Point>
</Placemark>
<Placemark>
<name>5G</name>
<Point><coordinates>84.98799972,25.59090934,0</coordinates></Point>
</Placemark>
<Placemark>
<name>4G</name>
<Point><coordinates>85.19353093,25.66680062,0</coordinates></Point>
</Placemark>
<Placemark>
<name>3G</name>
<Point><coordinates>84.96247104,25.62257899,0</coordinates></Point>
</Placemark>
<Placemark>
<name>4G</name>
<Point><coordinates>85.18875546,25.42891903,0</coordinates></Point>
</Placemark>
<Placemark>
<name>LTE</name>
<Point><coordinates>85.10504032,25.66153813,0</coordinates></Point>
</Placemark>
<Placemark>
<name>5G</name>
<Point><coordinates>85.13936039,25.42097419,0</coordinates></Point>
</Placemark>
<Placemark>
<name>5G</name>
<Point><coordinates>85.128778,25.5559658,0</coordinates></Point>
</Placemark>
<Placemark>
<name>LTE</name>
<Point><coordinates>84.99034953,25.53031017,0</coordinates></Point>
</Placemark>
<Placemark>
<name>4G</name>
<Point><coordinates>85.3013202,25.58845023,0</coordinates></Point>
</Placemark>
<Placemark>
<name>3G</name>
<Point><coordinates>85.22894797,25.7157922,0</coordinates></Point>
</Placemark>
<Placemark>
<name>LTE</name>
<Point><coordinates>85.03398997,25.59945009,0</coordinates></Point>
</Placemark>
<Placemark>
<name>5G</name>
<Point><coordinates>85.16724302,25.48255802,0</coordinates></Point>
</Placemark>
<Placemark>
<name>4G</name>
<Point><coordinates>85.04247133,25.5285088,0</coordinates></Point>
</Placemark>
<Placemark>
<name>LTE</name>
<Point><coordinates>85.03121132,25.63406702,0</coordinates></Point>
</Placemark>
<Placemark>
<name>4G</name>
<Point><coordinates>85.0172887,25.65835741,0</coordinates></Point>
</Placemark>
<Placemark>
<name>3G</name>
<Point><coordinates>85.27133953,25.61799944,0</coordinates></Point>
</Placemark>
<Placemark>
<name>LTE</name>
<Point><coordinates>85.2265521,25.55638315,0</coordinates></Point>
</Placemark>
<Placemark>
<name>3G</name>
<Point><coordinates>85.0742319,25.52476929,0</coordinates></Point>
</Placemark>
<Placemark>
<name>3G</name>
<Point><coordinates>85.21897904,25.66317785,0</coordinates></Point>
</Placemark>
<Placemark>
<name>5G</name>
<Point><coordinates>85.05008297,25.52920693,0</coordinates></Point>
</Placemark>
<Placemark>
<name>3G</name>
<Point><coordinates>85.11573267,25.43747717,0</coordinates></Point>
</Placemark>
<Placemark>
<name>4G</name>
<Point><coordinates>85.03030863,25.54304315,0</coordinates></Point>
</Placemark>
<Placemark>
<name>LTE</name>
<Point><coordinates>85.29463463,25.54624841,0</coordinates></Point>
</Placemark>
<Placemark>
<name>5G</name>
<Point><coordinates>85.10884858,25.61490468,0</coordinates></Point>
</Placemark>
<Placemark>
<name>5G</name>
<Point><coordinates>85.08206048,25.45918814,0</coordinates></Point>
</Placemark>
<Placemark>
<name>LTE</name>
<Point><coordinates>85.09856173,25.68423118,0</coordinates></Point>
</Placemark>
<Placemark>
<name>5G</name>
<Point><coordinates>85.2216451,25.74209452,0</coordinates></Point>
</Placemark>
<Placemark>
<name>LTE</name>
<Point><coordinates>85.07875431,25.61986544,0</coordinates></Point>
</Placemark>
<Placemark>
<name>LTE</name>
<Point><coordinates>85.17383063,25.58291603,0</coordinates></Point>
</Placemark>
<Placemark>
<name>5G</name>
<Point><coordinates>85.16925067,25.72245848,0</coordinates></Point>
</Placemark>
<Placemark>
<name>4G</name>
<Point><coordinates>84.99413942,25.62510422,0</coordinates></Point>
</Placemark>
<Placemark>
<name>3G</name>
<Point><coordinates>85.03395576,25.65716011,0</coordinates></Point>
</Placemark>
<Placemark>
<name>5G</name>
<Point><coordinates>85.00167873,25.51158022,0</coordinates></Point>
</Placemark>
<Placemark>
<name>3G</name>
<Point><coordinates>85.06991666,25.65785546,0</coordinates></Point>
</Placemark>
<Placemark>
<name>LTE</name>
<Point><coordinates>84.98799459,25.60654511,0</coordinates></Point>
</Placemark>
<Placemark>
<name>5G</name>
<Point><coordinates>85.08886225,25.55767154,0</coordinates></Point>
</Placemark>
<Placemark>
<name>3G</name>
<Point><coordinates>85.28659448,25.53523483,0</coordinates></Point>
</Placemark>
<Placemark>
<name>5G</name>
<Point><coordinates>85.17252827,25.7146996,0</coordinates></Point>
</Placemark>
<Placemark>
<name>LTE</name>
<Point><coordinates>85.21830603,25.54493674,0</coordinates></Point>
</Placemark>
<Placemark>
<name>5G</name>
<Point><coordinates>85.14377138,25.54425016,0</coordinates></Point>
</Placemark>
<Placemark>
<name>LTE</name>
<Point><coordinates>85.13056456,25.73077357,0</coordinates></Point>
</Placemark>
<Placemark>
<name>4G</name>
<Point><coordinates>85.0537602,25.72327874,0</coordinates></Point>
</Placemark>
<Placemark>
<name>LTE</name>
<Point><coordinates>85.09992312,25.49100187,0</coordinates></Point>
</Placemark>
<Placemark>
<name>LTE</name>
<Point><coordinates>85.21016179,25.60542728,0</coordinates></Point>
</Placemark>
<Placemark>
<name>4G</name>
<Point><coordinates>85.23917919,25.57410116,0</coordinates></Point>
</Placemark>
<Placemark>
<name>5G</name>
<Point><coordinates>85.21801261,25.65947274,0</coordinates></Point>
</Placemark>
<Placemark>
<name>3G</name>
<Point><coordinates>85.12522494,25.48183749,0</coordinates></Point>
</Placemark>
<Placemark>
<name>3G</name>
<Point><coordinates>85.08122661,25.64548404,0</coordinates></Point>
</Placemark>
<Placemark>
<name>5G</name>
<Point><coordinates>85.16695232,25.7440381,0</coordinates></Point>
</Placemark>
<Placemark>
<name>3G</name>
<Point><coordinates>84.98291292,25.63951119,0</coordinates></Point>
</Placemark>
<Placemark>
<name>3G</name>
<Point><coordinates>85.21783369,25.45512176,0</coordinates></Point>
</Placemark>
<Placemark>
<name>4G</name>
<Point><coordinates>85.08598102,25.54883422,0</coordinates></Point>
</Placemark>
<Placemark>
<name>4G</name>
<Point><coordinates>85.13762021,25.49145402,0</coordinates></Point>
</Placemark>
<Placemark>
<name>3G</name>
<Point><coordinates>85.20671105,25.56777655,0</coordinates></Point>
</Placemark>
<Placemark>
<name>5G</name>
<Point><coordinates>85.15319484,25.67993319,0</coordinates></Point>
</Placemark>
<Placemark>
<name>LTE</name>
<Point><coordinates>85.06940033,25.65644996,0</coordinates></Point>
</Placemark>
<Placemark>
<name>5G</name>
<Point><coordinates>85.00923316,25.65846114,0</coordinates></Point>
</Placemark>
<Placemark>
<name>5G</name>
<Point><coordinates>85.22118761,25.60148198,0</coordinates></Point>
</Placemark>
<Placemark>
<name>LTE</name>
<Point><coordinates>85.20528585,25.73918127,0</coordinates></Point>
</Placemark>
<Placemark>
<name>3G</name>
<Point><coordinates>85.0494374,25.44081207,0</coordinates></Point>
</Placemark>
<Placemark>
<name>3G</name>
<Point><coordinates>85.11741564,25.64333189,0</coordinates></Point>
</Placemark>
<Placemark>
<name>4G</name>
<Point><coordinates>85.06699609,25.47883885,0</coordinates></Point>
</Placemark>
<Placemark>
<name>5G</name>
<Point><coordinates>85.03971005,25.60193453,0</coordinates></Point>
</Placemark>
<Placemark>
<name>5G</name>
<Point><coordinates>85.04765909,25.5566916,0</coordinates></Point>
</Placemark>
<Placemark>
<name>3G</name>
<Point><coordinates>85.01287803,25.4827371,0</coordinates></Point>
</Placemark>
<Placemark>
<name>5G</name>
<Point><coordinates>85.07347676,25.46829772,0</coordinates></Point>
</Placemark>
<Placemark>
<name>3G</name>
<Point><coordinates>85.18554006,25.54454607,0</coordinates></Point>
</Placemark>
<Placemark>
<name>LTE</name>
<Point><coordinates>85.20647241,25.45611643,0</coordinates></Point>
</Placemark>
<Placemark>
<name>4G</name>
<Point><coordinates>84.99154574,25.52874987,0</coordinates></Point>
</Placemark>
<Placemark>
<name>3G</name>
<Point><coordinates>85.16402358,25.70373646,0</coordinates></Point>
</Placemark>
<Placemark>
<name>5G</name>
<Point><coordinates>85.11377043,25.56788164,0</coordinates></Point>
</Placemark>
<Placemark>
<name>4G</name>
<Point><coordinates>85.19035799,25.52905872,0</coordinates></Point>
</Placemark>
<Placemark>
<name>3G</name>
<Point><coordinates>85.09281394,25.45097716,0</coordinates></Point>
</Placemark>
<Placemark>
<name>LTE</name>
<Point><coordinates>85.05110254,25.70386178,0</coordinates></Point>
</Placemark>
<Placemark>
<name>5G</name>
<Point><coordinates>85.13948514,25.42168887,0</coordinates></Point>
</Placemark>
<Placemark>
<name>4G</name>
<Point><coordinates>85.20469334,25.73729629,0</coordinates></Point>
</Placemark>
<Placemark>
<name>5G</name>
<Point><coordinates>85.07758492,25.70807077,0</coordinates></Point>
</Placemark>
<Placemark>
<name>5G</name>
<Point><coordinates>85.01442701,25.70412391,0</coordinates></Point>
</Placemark>
<Placemark>
<name>LTE</name>
<Point><coordinates>85.01810076,25.59519923,0</coordinates></Point>
</Placemark>
<Placemark>
<name>3G</name>
<Point><coordinates>85.16879385,25.468126,0</coordinates></Point>
</Placemark>
<Placemark>
<name>5G</name>
<Point><coordinates>85.10009594,25.46551592,0</coordinates></Point>
</Placemark>
<Placemark>
<name>4G</name>
<Point><coordinates>85.02001429,25.56704596,0</coordinates></Point>
</Placemark>
<Placemark>
<name>5G</name>
<Point><coordinates>85.11818988,25.54728234,0</coordinates></Point>
</Placemark>
<Placemark>
<name>5G</name>
<Point><coordinates>85.27741068,25.53484045,0</coordinates></Point>
</Placemark>
<Placemark>
<name>5G</name>
<Point><coordinates>85.01538092,25.59360025,0</coordinates></Point>
</Placemark>
<Placemark>
<name>3G</name>
<Point><coordinates>84.97900114,25.59381965,0</coordinates></Point>
</Placemark>
<Placemark>
<name>LTE</name>
<Point><coordinates>85.14263992,25.68132792,0</coordinates></Point>
</Placemark>
<Placemark>
<name>LTE</name>
<Point><coordinates>85.28566107,25.66741865,0</coordinates></Point>
</Placemark>
<Placemark>
<name>4G</name>
<Point><coordinates>85.0591492,25.55614961,0</coordinates></Point>
</Placemark>
<Placemark>
<name>5G</name>
<Point><coordinates>85.14324576,25.49245703,0</coordinates></Point>
</Placemark>
<Placemark>
<name>5G</name>
<Point><coordinates>85.03319098,25.53056758,0</coordinates></Point>
</Placemark>
<Placemark>
<name>4G</name>
<Point><coordinates>85.309935,25.57533533,0</coordinates></Point>
</Placemark>
<Placemark>
<name>3G</name>
<Point><coordinates>85.02504422,25.67520214,0</coordinates></Point>
</Placemark>
<Placemark>
<name>4G</name>
<Point><coordinates>85.11142124,25.5994634,0</coordinates></Point>
</Placemark>
<Placemark>
<name>3G</name>
<Point><coordinates>85.23237507,25.45857796,0</coordinates></Point>
</Placemark>
<Placemark>
<name>LTE</name>
<Point><coordinates>85.0753462,25.52725476,0</coordinates></Point>
</Placemark>
<Placemark>
<name>4G</name>
<Point><coordinates>85.09654763,25.54825913,0</coordinates></Point>
</Placemark>
<Placemark>
<name>4G</name>
<Point><coordinates>85.27353909,25.55549366,0</coordinates></Point>
</Placemark>
<Placemark>
<name>5G</name>
<Point><coordinates>85.13577949,25.48769749,0</coordinates></Point>
</Placemark>
<Placemark>
<name>LTE</name>
<Point><coordinates>85.11102326,25.71854386,0</coordinates></Point>
</Placemark>
<Placemark>
<name>3G</name>
<Point><coordinates>85.15800969,25.56118462,0</coordinates></Point>
</Placemark>
<Placemark>
<name>3G</name>
<Point><coordinates>85.18508592,25.47324355,0</coordinates></Point>
</Placemark>
<Placemark>
<name>3G</name>
<Point><coordinates>85.15594557,25.65619907,0</coordinates></Point>
</Placemark>
<Placemark>
<name>3G</name>
<Point><coordinates>85.114491,25.72284518,0</coordinates></Point>
</Placemark>
<Placemark>
<name>3G</name>
<Point><coordinates>85.15517979,25.55565443,0</coordinates></Point>
</Placemark>
<Placemark>
<name>LTE</name>
<Point><coordinates>85.01435792,25.64654664,0</coordinates></Point>
</Placemark>
<Placemark>
<name>3G</name>
<Point><coordinates>85.1471053,25.55121983,0</coordinates></Point>
</Placemark>
<Placemark>
<name>LTE</name>
<Point><coordinates>84.98808673,25.55874461,0</coordinates></Point>
</Placemark>
<Placemark>
<name>LTE</name>
<Point><coordinates>85.10684627,25.53767216,0</coordinates></Point>
</Placemark>
<Placemark>
<name>3G</name>
<Point><coordinates>85.03009399,25.49609916,0</coordinates></Point>
</Placemark>
<Placemark>
<name>5G</name>
<Point><coordinates>85.27144195,25.67339686,0</coordinates></Point>
</Placemark>
<Placemark>
<name>4G</name>
<Point><coordinates>85.28995473,25.67336277,0</coordinates></Point>
</Placemark>
<Placemark>
<name>3G</name>
<Point><coordinates>85.11181604,25.70253878,0</coordinates></Point>
</Placemark>
<Placemark>
<name>4G</name>
<Point><coordinates>85.00270088,25.68204683,0</coordinates></Point>
</Placemark>
<Placemark>
<name>5G</name>
<Point><coordinates>85.18121639,25.59505062,0</coordinates></Point>
</Placemark>
<Placemark>
<name>3G</name>
<Point><coordinates>85.12608565,25.69551274,0</coordinates></Point>
</Placemark>
<Placemark>
<name>LTE</name>
<Point><coordinates>85.20175297,25.43467703,0</coordinates></Point>
</Placemark>
<Placemark>
<name>4G</name>
<Point><coordinates>85.1016723,25.46246387,0</coordinates></Point>
</Placemark>
<Placemark>
<name>5G</name>
<Point><coordinates>85.16894888,25.46422104,0</coordinates></Point>
</Placemark>
<Placemark>
<name>LTE</name>
<Point><coordinates>85.087721,25.72268231,0</coordinates></Point>
</Placemark>
<Placemark>
<name>LTE</name>
<Point><coordinates>85.19853494,25.47574666,0</coordinates></Point>
</Placemark>
<Placemark>
<name>3G</name>
<Point><coordinates>85.15624246,25.72213136,0</coordinates></Point>
</Placemark>
<Placemark>
<name>5G</name>
<Point><coordinates>85.29495732,25.51074088,0</coordinates></Point>
</Placemark>
<Placemark>
<name>3G</name>
<Point><coordinates>85.18312313,25.45552199,0</coordinates></Point>
</Placemark>
<Placemark>
<name>5G</name>
<Point><coordinates>85.14540391,25.60675428,0</coordinates></Point>
</Placemark>
<Placemark>
<name>LTE</name>
<Point><coordinates>85.21644562,25.53648434,0</coordinates></Point>
</Placemark>
<Placemark>
<name>5G</name>
<Point><coordinates>85.27616828,25.61508103,0</coordinates></Point>
</Placemark>
<Placemark>
<name>5G</name>
<Point><coordinates>85.00412359,25.57641588,0</coordinates></Point>
</Placemark>
<Placemark>
<name>LTE</name>
<Point><coordinates>85.12649955,25.62023674,0</coordinates></Point>
</Placemark>
<Placemark>
<name>4G</name>
<Point><coordinates>85.06802064,25.48117372,0</coordinates></Point>
</Placemark>
<Placemark>
<name>LTE</name>
<Point><coordinates>85.12474431,25.48631381,0</coordinates></Point>
</Placemark>
<Placemark>
<name>LTE</name>
<Point><coordinates>85.20245585,25.69765619,0</coordinates></Point>
</Placemark>
<Placemark>
<name>3G</name>
<Point><coordinates>85.20872163,25.71272445,0</coordinates></Point>
</Placemark>
<Placemark>
<name>4G</name>
<Point><coordinates>85.26029321,25.62319419,0</coordinates></Point>
</Placemark>
<Placemark>
<name>3G</name>
<Point><coordinates>85.08917554,25.43844403,0</coordinates></Point>
</Placemark>
<Placemark>
<name>LTE</name>
<Point><coordinates>85.11907876,25.75464446,0</coordinates></Point>
</Placemark>
<Placemark>
<name>5G</name>
<Point><coordinates>84.99271035,25.62714059,0</coordinates></Point>
</Placemark>
<Placemark>
<name>4G</name>
<Point><coordinates>85.27579754,25.70203876,0</coordinates></Point>
</Placemark>
<Placemark>
<name>4G</name>
<Point><coordinates>85.21193412,25.54446419,0</coordinates></Point>
</Placemark>
<Placemark>
<name>3G</name>
<Point><coordinates>85.00885505,25.67080179,0</coordinates></Point>
</Placemark>
<Placemark>
<name>4G</name>
<Point><coordinates>85.03320543,25.47169915,0</coordinates></Point>
</Placemark>
<Placemark>
<name>4G</name>
<Point><coordinates>85.07194061,25.54964671,0</coordinates></Point>
</Placemark>
<Placemark>
<name>5G</name>
<Point><coordinates>85.14116542,25.4645003,0</coordinates></Point>
</Placemark>
<Placemark>
<name>LTE</name>
<Point><coordinates>85.21964243,25.72553271,0</coordinates></Point>
</Placemark>
<Placemark>
<name>3G</name>
<Point><coordinates>85.21833597,25.71051798,0</coordinates></Point>
</Placemark>
<Placemark>
<name>5G</name>
<Point><coordinates>85.17979854,25.67402927,0</coordinates></Point>
</Placemark>
<Placemark>
<name>4G</name>
<Point><coordinates>85.03047056,25.56696978,0</coordinates></Point>
</Placemark>
<Placemark>
<name>4G</name>
<Point><coordinates>85.11593799,25.75837062,0</coordinates></Point>
</Placemark>
<Placemark>
<name>4G</name>
<Point><coordinates>85.00762818,25.62875831,0</coordinates></Point>
</Placemark>
<Placemark>
<name>LTE</name>
<Point><coordinates>85.21703687,25.65501484,0</coordinates></Point>
</Placemark>
<Placemark>
<name>4G</name>
<Point><coordinates>85.06493149,25.50777067,0</coordinates></Point>
</Placemark>
<Placemark>
<name>4G</name>
<Point><coordinates>85.12834492,25.64920376,0</coordinates></Point>
</Placemark>
<Placemark>
<name>4G</name>
<Point><coordinates>85.12036972,25.74521748,0</coordinates></Point>
</Placemark>
<Placemark>
<name>5G</name>
<Point><coordinates>84.98674302,25.63786815,0</coordinates></Point>
</Placemark>
<Placemark>
<name>3G</name>
<Point><coordinates>85.23194426,25.49480517,0</coordinates></Point>
</Placemark>
<Placemark>
<name>4G</name>
<Point><coordinates>85.02757369,25.65663308,0</coordinates></Point>
</Placemark>
<Placemark>
<name>5G</name>
<Point><coordinates>85.22131596,25.57199968,0</coordinates></Point>
</Placemark>
<Placemark>
<name>5G</name>
<Point><coordinates>85.13418807,25.68892324,0</coordinates></Point>
</Placemark>
<Placemark>
<name>5G</name>
<Point><coordinates>85.042118,25.66943068,0</coordinates></Point>
</Placemark>
<Placemark>
<name>4G</name>
<Point><coordinates>85.10419064,25.44008211,0</coordinates></Point>
</Placemark>
<Placemark>
<name>LTE</name>
<Point><coordinates>85.18474159,25.55407605,0</coordinates></Point>
</Placemark>
<Placemark>
<name>5G</name>
<Point><coordinates>85.28024471,25.55561867,0</coordinates></Point>
</Placemark>
<Placemark>
<name>3G</name>
<Point><coordinates>85.217033,25.60998632,0</coordinates></Point>
</Placemark>
<Placemark>
<name>3G</name>
<Point><coordinates>85.01591944,25.67892296,0</coordinates></Point>
</Placemark>
<Placemark>
<name>3G</name>
<Point><coordinates>85.04822798,25.7163835,0</coordinates></Point>
</Placemark>
<Placemark>
<name>4G</name>
<Point><coordinates>85.11909725,25.64686892,0</coordinates></Point>
</Placemark>
<Placemark>
<name>5G</name>
<Point><coordinates>85.29967505,25.56570321,0</coordinates></Point>
</Placemark>
<Placemark>
<name>5G</name>
<Point><coordinates>85.2644131,25.64922091,0</coordinates></Point>
</Placemark>
<Placemark>
<name>5G</name>
<Point><coordinates>85.18968712,25.72655848,0</coordinates></Point>
</Placemark>
<Placemark>
<name>4G</name>
<Point><coordinates>85.28288139,25.60741875,0</coordinates></Point>
</Placemark>
<Placemark>
<name>LTE</name>
<Point><coordinates>85.05138022,25.72418344,0</coordinates></Point>
</Placemark>
<Placemark>
<name>5G</name>
<Point><coordinates>85.14935788,25.44065362,0</coordinates></Point>
</Placemark>
<Placemark>
<name>3G</name>
<Point><coordinates>84.97928877,25.59773714,0</coordinates></Point>
</Placemark>
<Placemark>
<name>4G</name>
<Point><coordinates>85.02133336,25.51194121,0</coordinates></Point>
</Placemark>
<Placemark>
<name>4G</name>
<Point><coordinates>85.18372811,25.56418748,0</coordinates></Point>
</Placemark>
<Placemark>
<name>LTE</name>
<Point><coordinates>85.1458826,25.60372707,0</coordinates></Point>
</Placemark>
<Placemark>
<name>3G</name>
<Point><coordinates>85.18513226,25.42541294,0</coordinates></Point>
</Placemark>
<Placemark>
<name>3G</name>
<Point><coordinates>85.1812042,25.54810305,0</coordinates></Point>
</Placemark>
<Placemark>
<name>5G</name>
<Point><coordinates>85.09529907,25.57914576,0</coordinates></Point>
</Placemark>
<Placemark>
<name>LTE</name>
<Point><coordinates>85.09324758,25.4240762,0</coordinates></Point>
</Placemark>
<Placemark>
<name>5G</name>
<Point><coordinates>85.18385146,25.57967075,0</coordinates></Point>
</Placemark>
<Placemark>
<name>3G</name>
<Point><coordinates>85.04213647,25.55690505,0</coordinates></Point>
</Placemark>
<Placemark>
<name>5G</name>
<Point><coordinates>85.25869928,25.66384815,0</coordinates></Point>
</Placemark>
<Placemark>
<name>4G</name>
<Point><coordinates>85.2756537,25.700422,0</coordinates></Point>
</Placemark>
<Placemark>
<name>LTE</name>
<Point><coordinates>85.09861543,25.55594043,0</coordinates></Point>
</Placemark>
<Placemark>
<name>LTE</name>
<Point><coordinates>85.1511674,25.46318073,0</coordinates></Point>
</Placemark>
<Placemark>
<name>4G</name>
<Point><coordinates>85.14140773,25.64591818,0</coordinates></Point>
</Placemark>
<Placemark>
<name>LTE</name>
<Point><coordinates>85.07348096,25.52836801,0</coordinates></Point>
</Placemark>
<Placemark>
<name>5G</name>
<Point><coordinates>85.23033943,25.44799718,0</coordinates></Point>
</Placemark>
<Placemark>
<name>LTE</name>
<Point><coordinates>85.19605981,25.66763836,0</coordinates></Point>
</Placemark>
<Placemark>
<name>4G</name>
<Point><coordinates>85.09892341,25.55655096,0</coordinates></Point>
</Placemark>
<Placemark>
<name>LTE</name>
<Point><coordinates>85.1822237,25.53557474,0</coordinates></Point>
</Placemark>
<Placemark>
<name>5G</name>
<Point><coordinates>85.1449245,25.61424544,0</coordinates></Point>
</Placemark>
<Placemark>
<name>LTE</name>
<Point><coordinates>85.16181937,25.63531702,0</coordinates></Point>
</Placemark>
<Placemark>
<name>4G</name>
<Point><coordinates>85.03125881,25.73423142,0</coordinates></Point>
</Placemark>
<Placemark>
<name>LTE</name>
<Point><coordinates>85.12017633,25.70598716,0</coordinates></Point>
</Placemark>
<Placemark>
<name>LTE</name>
<Point><coordinates>85.04957022,25.5880989,0</coordinates></Point>
</Placemark>
<Placemark>
<name>5G</name>
<Point><coordinates>85.01269026,25.5762954,0</coordinates></Point>
</Placemark>
<Placemark>
<name>LTE</name>
<Point><coordinates>85.19594677,25.50486603,0</coordinates></Point>
</Placemark>
<Placemark>
<name>LTE</name>
<Point><coordinates>85.15264145,25.55346633,0</coordinates></Point>
</Placemark>
<Placemark>
<name>5G</name>
<Point><coordinates>85.29851735,25.61006371,0</coordinates></Point>
</Placemark>
<Placemark>
<name>LTE</name>
<Point><coordinates>85.06720447,25.62160032,0</coordinates></Point>
</Placemark>
<Placemark>
<name>4G</name>
<Point><coordinates>85.02415286,25.7171171,0</coordinates></Point>
</Placemark>
<Placemark>
<name>5G</name>
<Point><coordinates>85.0821884,25.43843119,0</coordinates></Point>
</Placemark>
<Placemark>
<name>5G</name>
<Point><coordinates>85.11160784,25.4945818,0</coordinates></Point>
</Placemark>
<Placemark>
<name>3G</name>
<Point><coordinates>85.19353962,25.60441581,0</coordinates></Point>
</Placemark>
<Placemark>
<name>4G</name>
<Point><coordinates>85.08622127,25.73886683,0</coordinates></Point>
</Placemark>
<Placemark>
<name>LTE</name>
<Point><coordinates>85.25151538,25.66678962,0</coordinates></Point>
</Placemark>
<Placemark>
<name>4G</name>
<Point><coordinates>85.03554639,25.73354847,0</coordinates></Point>
</Placemark>
<Placemark>
<name>LTE</name>
<Point><coordinates>85.1140196,25.60758008,0</coordinates></Point>
</Placemark>
<Placemark>
<name>5G</name>
<Point><coordinates>85.17824188,25.51963236,0</coordinates></Point>
</Placemark>
<Placemark>
<name>3G</name>
<Point><coordinates>85.28253243,25.60549543,0</coordinates></Point>
</Placemark>
<Placemark>
<name>4G</name>
<Point><coordinates>85.20539705,25.53861721,0</coordinates></Point>
</Placemark>
<Placemark>
<name>LTE</name>
<Point><coordinates>85.19202985,25.48057507,0</coordinates></Point>
</Placemark>
<Placemark>
<name>3G</name>
<Point><coordinates>85.31476546,25.60876205,0</coordinates></Point>
</Placemark>
<Placemark>
<name>5G</name>
<Point><coordinates>85.03636972,25.46910185,0</coordinates></Point>
</Placemark>
<Placemark>
<name>5G</name>
<Point><coordinates>85.13977015,25.68522051,0</coordinates></Point>
</Placemark>
<Placemark>
<name>5G</name>
<Point><coordinates>85.2022188,25.59432268,0</coordinates></Point>
</Placemark>
<Placemark>
<name>3G</name>
<Point><coordinates>85.14557177,25.70061377,0</coordinates></Point>
</Placemark>
<Placemark>
<name>5G</name>
<Point><coordinates>85.19556176,25.72377193,0</coordinates></Point>
</Placemark>
<Placemark>
<name>4G</name>
<Point><coordinates>85.04829672,25.74651576,0</coordinates></Point>
</Placemark>
<Placemark>
<name>3G</name>
<Point><coordinates>85.18885864,25.66176038,0</coordinates></Point>
</Placemark>
<Placemark>
<name>LTE</name>
<Point><coordinates>85.12149072,25.56698125,0</coordinates></Point>
</Placemark>
<Placemark>
<name>LTE</name>
<Point><coordinates>85.25276603,25.54771181,0</coordinates></Point>
</Placemark>
<Placemark>
<name>3G</name>
<Point><coordinates>85.15602764,25.63614506,0</coordinates></Point>
</Placemark>
<Placemark>
<name>5G</name>
<Point><coordinates>85.17186836,25.44963632,0</coordinates></Point>
</Placemark>
<Placemark>
<name>3G</name>
<Point><coordinates>85.18123389,25.46940119,0</coordinates></Point>
</Placemark>
<Placemark>
<name>4G</name>
<Point><coordinates>84.98645601,25.57197455,0</coordinates></Point>
</Placemark>
<Placemark>
<name>4G</name>
<Point><coordinates>85.26517172,25.68992639,0</coordinates></Point>
</Placemark>
<Placemark>
<name>LTE</name>
<Point><coordinates>85.04628203,25.7469339,0</coordinates></Point>
</Placemark>
<Placemark>
<name>5G</name>
<Point><coordinates>85.10543508,25.43842139,0</coordinates></Point>
</Placemark>
<Placemark>
<name>4G</name>
<Point><coordinates>85.14917861,25.577304,0</coordinates></Point>
</Placemark>
<Placemark>
<name>4G</name>
<Point><coordinates>85.22967846,25.63965249,0</coordinates></Point>
</Placemark>
<Placemark>
<name>3G</name>
<Point><coordinates>85.0631782,25.74701831,0</coordinates></Point>
</Placemark>
<Placemark>
<name>4G</name>
<Point><coordinates>85.07849207,25.63278383,0</coordinates></Point>
</Placemark>
<Placemark>
<name>5G</name>
<Point><coordinates>85.21239703,25.6225622,0</coordinates></Point>
</Placemark>
<Placemark>
<name>5G</name>
<Point><coordinates>85.06696674,25.59104518,0</coordinates></Point>
</Placemark>
<Placemark>
<name>4G</name>
<Point><coordinates>85.17839965,25.41961724,0</coordinates></Point>
</Placemark>
<Placemark>
<name>4G</name>
<Point><coordinates>85.24357867,25.55821571,0</coordinates></Point>
</Placemark>
<Placemark>
<name>3G</name>
<Point><coordinates>85.16042516,25.76669891,0</coordinates></Point>
</Placemark>
<Placemark>
<name>3G</name>
<Point><coordinates>85.05302063,25.61728017,0</coordinates></Point>
</Placemark>
<Placemark>
<name>3G</name>
<Point><coordinates>85.10534233,25.71342461,0</coordinates></Point>
</Placemark>
<Placemark>
<name>5G</name>
<Point><coordinates>85.1143747,25.49298318,0</coordinates></Point>
</Placemark>
<Placemark>
<name>LTE</name>
<Point><coordinates>85.26295054,25.66707402,0</coordinates></Point>
</Placemark>
<Placemark>
<name>3G</name>
<Point><coordinates>85.00834178,25.68603949,0</coordinates></Point>
</Placemark>
<Placemark>
<name>4G</name>
<Point><coordinates>85.12486229,25.45300261,0</coordinates></Point>
</Placemark>
<Placemark>
<name>4G</name>
<Point><coordinates>85.1466573,25.65247199,0</coordinates></Point>
</Placemark>
<Placemark>
<name>4G</name>
<Point><coordinates>85.00542453,25.50276236,0</coordinates></Point>
</Placemark>
<Placemark>
<name>LTE</name>
<Point><coordinates>85.12829131,25.52461813,0</coordinates></Point>
</Placemark>
<Placemark>
<name>3G</name>
<Point><coordinates>85.11121879,25.41788343,0</coordinates></Point>
</Placemark>
<Placemark>
<name>4G</name>
<Point><coordinates>85.17467693,25.42652362,0</coordinates></Point>
</Placemark>
<Placemark>
<name>3G</name>
<Point><coordinates>84.96772456,25.6127802,0</coordinates></Point>
</Placemark>
<Placemark>
<name>5G</name>
<Point><coordinates>85.31017221,25.57710046,0</coordinates></Point>
</Placemark>
<Placemark>
<name>5G</name>
<Point><coordinates>85.08391117,25.67300848,0</coordinates></Point>
</Placemark>
<Placemark>
<name>3G</name>
<Point><coordinates>85.26261269,25.5422751,0</coordinates></Point>
</Placemark>
<Placemark>
<name>4G</name>
<Point><coordinates>85.2012496,25.48387618,0</coordinates></Point>
</Placemark>
<Placemark>
<name>5G</name>
<Point><coordinates>85.14013951,25.48140737,0</coordinates></Point>
</Placemark>
<Placemark>
<name>LTE</name>
<Point><coordinates>85.22288025,25.63502375,0</coordinates></Point>
</Placemark>
<Placemark>
<name>3G</name>
<Point><coordinates>85.2224871,25.71478741,0</coordinates></Point>
</Placemark>
<Placemark>
<name>5G</name>
<Point><coordinates>85.16535131,25.50722874,0</coordinates></Point>
</Placemark>
<Placemark>
<name>4G</name>
<Point><coordinates>85.08200365,25.50740425,0</coordinates></Point>
</Placemark>
<Placemark>
<name>LTE</name>
<Point><coordinates>85.15717578,25.69788351,0</coordinates></Point>
</Placemark>
<Placemark>
<name>5G</name>
<Point><coordinates>84.96614123,25.54552881,0</coordinates></Point>
</Placemark>
<Placemark>
<name>3G</name>
<Point><coordinates>85.28008548,25.50350006,0</coordinates></Point>
</Placemark>
<Placemark>
<name>3G</name>
<Point><coordinates>85.11638244,25.51989837,0</coordinates></Point>
</Placemark>
<Placemark>
<name>LTE</name>
<Point><coordinates>85.01724733,25.68987033,0</coordinates></Point>
</Placemark>
<Placemark>
<name>3G</name>
<Point><coordinates>85.28669569,25.6445503,0</coordinates></Point>
</Placemark>
<Placemark>
<name>LTE</name>
<Point><coordinates>85.01262443,25.63716323,0</coordinates></Point>
</Placemark>
<Placemark>
<name>LTE</name>
<Point><coordinates>84.98672483,25.52376507,0</coordinates></Point>
</Placemark>
<Placemark>
<name>3G</name>
<Point><coordinates>85.30226212,25.62885261,0</coordinates></Point>
</Placemark>
<Placemark>
<name>3G</name>
<Point><coordinates>85.179576,25.50293408,0</coordinates></Point>
</Placemark>
<Placemark>
<name>4G</name>
<Point><coordinates>85.0640439,25.43222605,0</coordinates></Point>
</Placemark>
<Placemark>
<name>5G</name>
<Point><coordinates>85.17476738,25.73392392,0</coordinates></Point>
</Placemark>
<Placemark>
<name>3G</name>
<Point><coordinates>85.00851733,25.59622888,0</coordinates></Point>
</Placemark>
<Placemark>
<name>LTE</name>
<Point><coordinates>85.19265842,25.76133065,0</coordinates></Point>
</Placemark>
<Placemark>
<name>LTE</name>
<Point><coordinates>85.00654631,25.68273854,0</coordinates></Point>
</Placemark>
<Placemark>
<name>4G</name>
<Point><coordinates>85.27734363,25.49539386,0</coordinates></Point>
</Placemark>
<Placemark>
<name>LTE</name>
<Point><coordinates>85.04683634,25.62812984,0</coordinates></Point>
</Placemark>
<Placemark>
<name>4G</name>
<Point><coordinates>85.23902678,25.65069672,0</coordinates></Point>
</Placemark>
<Placemark>
<name>LTE</name>
<Point><coordinates>84.9899396,25.58838215,0</coordinates></Point>
</Placemark>
<Placemark>
<name>4G</name>
<Point><coordinates>85.20325972,25.47989345,0</coordinates></Point>
</Placemark>
<Placemark>
<name>5G</name>
<Point><coordinates>85.04647266,25.51511824,0</coordinates></Point>
</Placemark>
<Placemark>
<name>5G</name>
<Point><coordinates>85.26243348,25.57063506,0</coordinates></Point>
</Placemark>
<Placemark>
<name>3G</name>
<Point><coordinates>85.20745211,25.73917549,0</coordinates></Point>
</Placemark>
<Placemark>
<name>3G</name>
<Point><coordinates>85.27390337,25.63203782,0</coordinates></Point>
</Placemark>
<Placemark>
<name>5G</name>
<Point><coordinates>85.01259434,25.55742123,0</coordinates></Point>
</Placemark>
<Placemark>
<name>5G</name>
<Point><coordinates>85.0586188,25.57601068,0</coordinates></Point>
</Placemark>
<Placemark>
<name>5G</name>
<Point><coordinates>85.219537,25.707613,0</coordinates></Point>
</Placemark>
<Placemark>
<name>4G</name>
<Point><coordinates>85.14214396,25.54833216,0</coordinates></Point>
</Placemark>
<Placemark>
<name>5G</name>
<Point><coordinates>84.96576486,25.6353773,0</coordinates></Point>
</Placemark>
<Placemark>
<name>4G</name>
<Point><coordinates>85.06814106,25.52392725,0</coordinates></Point>
</Placemark>
<Placemark>
<name>4G</name>
<Point><coordinates>85.02122737,25.62585796,0</coordinates></Point>
</Placemark>
<Placemark>
<name>5G</name>
<Point><coordinates>85.17944303,25.68563942,0</coordinates></Point>
</Placemark>
<Placemark>
<name>LTE</name>
<Point><coordinates>85.22992866,25.46419574,0</coordinates></Point>
</Placemark>
<Placemark>
<name>3G</name>
<Point><coordinates>85.15713468,25.67936613,0</coordinates></Point>
</Placemark>
<Placemark>
<name>4G</name>
<Point><coordinates>85.21624393,25.71480494,0</coordinates></Point>
</Placemark>
<Placemark>
<name>3G</name>
<Point><coordinates>85.11388109,25.60425692,0</coordinates></Point>
</Placemark>
<Placemark>
<name>LTE</name>
<Point><coordinates>85.19522201,25.42612602,0</coordinates></Point>
</Placemark>
<Placemark>
<name>3G</name>
<Point><coordinates>85.13955316,25.76987528,0</coordinates></Point>
</Placemark>
<Placemark>
<name>5G</name>
<Point><coordinates>85.19877694,25.62587767,0</coordinates></Point>
</Placemark>
<Placemark>
<name>LTE</name>
<Point><coordinates>85.0045141,25.62466373,0</coordinates></Point>
</Placemark>
<Placemark>
<name>5G</name>
<Point><coordinates>85.13574899,25.47717101,0</coordinates></Point>
</Placemark>
<Placemark>
<name>LTE</name>
<Point><coordinates>85.07954196,25.64030695,0</coordinates></Point>
</Placemark>
<Placemark>
<name>4G</name>
<Point><coordinates>85.04077112,25.73965815,0</coordinates></Point>
</Placemark>
<Placemark>
<name>4G</name>
<Point><coordinates>85.22137156,25.69108356,0</coordinates></Point>
</Placemark>
<Placemark>
<name>4G</name>
<Point><coordinates>85.17643343,25.52002559,0</coordinates></Point>
</Placemark>
<Placemark>
<name>4G</name>
<Point><coordinates>85.05708827,25.47885749,0</coordinates></Point>
</Placemark>
<Placemark>
<name>5G</name>
<Point><coordinates>85.05661883,25.53310928,0</coordinates></Point>
</Placemark>
<Placemark>
<name>4G</name>
<Point><coordinates>85.09626757,25.52202937,0</coordinates></Point>
</Placemark>
<Placemark>
<name>3G</name>
<Point><coordinates>85.25116291,25.5326843,0</coordinates></Point>
</Placemark>
<Placemark>
<name>4G</name>
<Point><coordinates>85.29694533,25.51208064,0</coordinates></Point>
</Placemark>
<Placemark>
<name>4G</name>
<Point><coordinates>85.16833596,25.58512288,0</coordinates></Point>
</Placemark>
<Placemark>
<name>3G</name>
<Point><coordinates>85.07364224,25.69761005,0</coordinates></Point>
</Placemark>
<Placemark>
<name>LTE</name>
<Point><coordinates>85.01363479,25.56443299,0</coordinates></Point>
</Placemark>
<Placemark>
<name>4G</name>
<Point><coordinates>85.09324383,25.66935591,0</coordinates></Point>
</Placemark>
<Placemark>
<name>5G</name>
<Point><coordinates>85.13563684,25.54061423,0</coordinates></Point>
</Placemark>
<Placemark>
<name>5G</name>
<Point><coordinates>85.09044615,25.52617347,0</coordinates></Point>
</Placemark>
<Placemark>
<name>3G</name>
<Point><coordinates>85.26955308,25.6520319,0</coordinates></Point>
</Placemark>
<Placemark>
<name>4G</name>
<Point><coordinates>85.01465514,25.69367766,0</coordinates></Point>
</Placemark>
<Placemark>
<name>3G</name>
<Point><coordinates>84.99214611,25.63016029,0</coordinates></Point>
</Placemark>
<Placemark>
<name>3G</name>
<Point><coordinates>85.19036006,25.7001634,0</coordinates></Point>
</Placemark>
<Placemark>
<name>4G</name>
<Point><coordinates>85.22056554,25.59008132,0</coordinates></Point>
</Placemark>
<Placemark>
<name>3G</name>
<Point><coordinates>85.15377482,25.56787416,0</coordinates></Point>
</Placemark>
<Placemark>
<name>5G</name>
<Point><coordinates>84.99484248,25.5002046,0</coordinates></Point>
</Placemark>
<Placemark>
<name>LTE</name>
<Point><coordinates>85.17674297,25.57035573,0</coordinates></Point>
</Placemark>
<Placemark>
<name>5G</name>
<Point><coordinates>85.14648631,25.52659808,0</coordinates></Point>
</Placemark>
<Placemark>
<name>LTE</name>
<Point><coordinates>85.21024118,25.64493451,0</coordinates></Point>
</Placemark>
<Placemark>
<name>LTE</name>
<Point><coordinates>85.17000432,25.54878478,0</coordinates></Point>
</Placemark>
<Placemark>
<name>4G</name>
<Point><coordinates>85.06863274,25.67996527,0</coordinates></Point>
</Placemark>
<Placemark>
<name>LTE</name>
<Point><coordinates>85.03463895,25.50310535,0</coordinates></Point>
</Placemark>
<Placemark>
<name>LTE</name>
<Point><coordinates>85.18566301,25.62129296,0</coordinates></Point>
</Placemark>
<Placemark>
<name>3G</name>
<Point><coordinates>85.23175989,25.49827734,0</coordinates></Point>
</Placemark>
<Placemark>
<name>4G</name>
<Point><coordinates>85.10718231,25.72837332,0</coordinates></Point>
</Placemark>
<Placemark>
<name>4G</name>
<Point><coordinates>85.12228974,25.52221245,0</coordinates></Point>
</Placemark>
<Placemark>
<name>4G</name>
<Point><coordinates>85.01473779,25.6558198,0</coordinates></Point>
</Placemark>
<Placemark>
<name>3G</name>
<Point><coordinates>85.30461465,25.61225486,0</coordinates></Point>
</Placemark>
<Placemark>
<name>LTE</name>
<Point><coordinates>85.14382164,25.73976207,0</coordinates></Point>
</Placemark>
<Placemark>
<name>5G</name>
<Point><coordinates>85.12096899,25.56861384,0</coordinates></Point>
</Placemark>
<Placemark>
<name>5G</name>
<Point><coordinates>85.09284396,25.65136588,0</coordinates></Point>
</Placemark>
<Placemark>
<name>3G</name>
<Point><coordinates>85.12321445,25.46556212,0</coordinates></Point>
</Placemark>
<Placemark>
<name>3G</name>
<Point><coordinates>85.01770833,25.63493835,0</coordinates></Point>
</Placemark>
<Placemark>
<name>3G</name>
<Point><coordinates>85.00518723,25.63082125,0</coordinates></Point>
</Placemark>
<Placemark>
<name>5G</name>
<Point><coordinates>85.26018559,25.47164246,0</coordinates></Point>
</Placemark>
<Placemark>
<name>5G</name>
<Point><coordinates>84.99456159,25.51753057,0</coordinates></Point>
</Placemark>
<Placemark>
<name>LTE</name>
<Point><coordinates>85.24769179,25.5131907,0</coordinates></Point>
</Placemark>
<Placemark>
<name>3G</name>
<Point><coordinates>85.30435565,25.62966064,0</coordinates></Point>
</Placemark>
<Placemark>
<name>4G</name>
<Point><coordinates>85.18055324,25.46843994,0</coordinates></Point>
</Placemark>
<Placemark>
<name>5G</name>
<Point><coordinates>85.17763255,25.65700315,0</coordinates></Point>
</Placemark>
<Placemark>
<name>LTE</name>
<Point><coordinates>84.9683796,25.59191627,0</coordinates></Point>
</Placemark>
<Placemark>
<name>3G</name>
<Point><coordinates>84.99997482,25.5450553,0</coordinates></Point>
</Placemark>
<Placemark>
<name>3G</name>
<Point><coordinates>85.2460997,25.65834777,0</coordinates></Point>
</Placemark>
<Placemark>
<name>4G</name>
<Point><coordinates>85.18752268,25.5016105,0</coordinates></Point>
</Placemark>
<Placemark>
<name>5G</name>
<Point><coordinates>85.21692505,25.62935665,0</coordinates></Point>
</Placemark>
<Placemark>
<name>3G</name>
<Point><coordinates>85.20216827,25.57680626,0</coordinates></Point>
</Placemark>
<Placemark>
<name>5G</name>
<Point><coordinates>85.2835271,25.56624827,0</coordinates></Point>
</Placemark>
<Placemark>
<name>LTE</name>
<Point><coordinates>85.10522927,25.58051122,0</coordinates></Point>
</Placemark>
<Placemark>
<name>LTE</name>
<Point><coordinates>85.14115308,25.45549374,0</coordinates></Point>
</Placemark>
<Placemark>
<name>3G</name>
<Point><coordinates>85.28584055,25.67538767,0</coordinates></Point>
</Placemark>
<Placemark>
<name>LTE</name>
<Point><coordinates>85.06049065,25.45587509,0</coordinates></Point>
</Placemark>
<Placemark>
<name>LTE</name>
<Point><coordinates>85.03658526,25.66699555,0</coordinates></Point>
</Placemark>
<Placemark>
<name>4G</name>
<Point><coordinates>85.20819864,25.42950877,0</coordinates></Point>
</Placemark>
<Placemark>
<name>LTE</name>
<Point><coordinates>85.25748614,25.65299033,0</coordinates></Point>
</Placemark>
<Placemark>
<name>3G</name>
<Point><coordinates>85.04418389,25.46264517,0</coordinates></Point>
</Placemark>
<Placemark>
<name>4G</name>
<Point><coordinates>85.14636804,25.48776921,0</coordinates></Point>
</Placemark>
<Placemark>
<name>5G</name>
<Point><coordinates>85.128304,25.43817562,0</coordinates></Point>
</Placemark>
<Placemark>
<name>3G</name>
<Point><coordinates>85.07483772,25.551287,0</coordinates></Point>
</Placemark>
<Placemark>
<name>4G</name>
<Point><coordinates>85.14989144,25.48010195,0</coordinates></Point>
</Placemark>
<Placemark>
<name>3G</name>
<Point><coordinates>85.30861176,25.62423517,0</coordinates></Point>
</Placemark>
<Placemark>
<name>5G</name>
<Point><coordinates>85.0339892,25.7077975,0</coordinates></Point>
</Placemark>
<Placemark>
<name>3G</name>
<Point><coordinates>85.21826288,25.44507218,0</coordinates></Point>
</Placemark>
<Placemark>
<name>LTE</name>
<Point><coordinates>85.22320374,25.44758271,0</coordinates></Point>
</Placemark>
<Placemark>
<name>3G</name>
<Point><coordinates>85.24796408,25.53329118,0</coordinates></Point>
</Placemark>
<Placemark>
<name>LTE</name>
<Point><coordinates>85.11062627,25.61123969,0</coordinates></Point>
</Placemark>
<Placemark>
<name>3G</name>
<Point><coordinates>85.12724927,25.6531205,0</coordinates></Point>
</Placemark>
<Placemark>
<name>4G</name>
<Point><coordinates>85.31026671,25.59531974,0</coordinates></Point>
</Placemark>
<Placemark>
<name>3G</name>
<Point><coordinates>85.23652972,25.55397825,0</coordinates></Point>
</Placemark>
<Placemark>
<name>3G</name>
<Point><coordinates>85.07824436,25.43124566,0</coordinates></Point>
</Placemark>
<Placemark>
<name>5G</name>
<Point><coordinates>85.21633254,25.61261131,0</coordinates></Point>
</Placemark>
<Placemark>
<name>3G</name>
<Point><coordinates>85.15830068,25.49963816,0</coordinates></Point>
</Placemark>
<Placemark>
<name>5G</name>
<Point><coordinates>85.16016878,25.53627309,0</coordinates></Point>
</Placemark>
<Placemark>
<name>LTE</name>
<Point><coordinates>85.24211209,25.70606798,0</coordinates></Point>
</Placemark>
<Placemark>
<name>5G</name>
<Point><coordinates>85.12379476,25.47637754,0</coordinates></Point>
</Placemark>
<Placemark>
<name>LTE</name>
<Point><coordinates>85.11967331,25.41755477,0</coordinates></Point>
</Placemark>
<Placemark>
<name>3G</name>
<Point><coordinates>85.2223665,25.67222825,0</coordinates></Point>
</Placemark>
<Placemark>
<name>3G</name>
<Point><coordinates>85.08363969,25.67741755,0</coordinates></Point>
</Placemark>
<Placemark>
<name>LTE</name>
<Point><coordinates>85.04703967,25.72539338,0</coordinates></Point>
</Placemark>
<Placemark>
<name>3G</name>
<Point><coordinates>85.15740611,25.46840593,0</coordinates></Point>
</Placemark>
<Placemark>
<name>4G</name>
<Point><coordinates>85.06779929,25.65923053,0</coordinates></Point>
</Placemark>
<Placemark>
<name>5G</name>
<Point><coordinates>85.13814867,25.43266754,0</coordinates></Point>
</Placemark>
<Placemark>
<name>LTE</name>
<Point><coordinates>85.24245829,25.64297369,0</coordinates></Point>
</Placemark>
<Placemark>
<name>5G</name>
<Point><coordinates>85.16445902,25.65823374,0</coordinates></Point>
</Placemark>
<Placemark>
<name>3G</name>
<Point><coordinates>85.06105928,25.74288135,0</coordinates></Point>
</Placemark>
<Placemark>
<name>5G</name>
<Point><coordinates>85.05557122,25.52551418,0</coordinates></Point>
</Placemark>
<Placemark>
<name>5G</name>
<Point><coordinates>85.22949773,25.71308528,0</coordinates></Point>
</Placemark>
<Placemark>
<name>3G</name>
<Point><coordinates>85.14211083,25.52465375,0</coordinates></Point>
</Placemark>
<Placemark>
<name>5G</name>
<Point><coordinates>85.24824007,25.50280448,0</coordinates></Point>
</Placemark>
<Placemark>
<name>3G</name>
<Point><coordinates>85.16796173,25.49199419,0</coordinates></Point>
</Placemark>
<Placemark>
<name>LTE</name>
<Point><coordinates>85.0799934,25.43472775,0</coordinates></Point>
</Placemark>
<Placemark>
<name>4G</name>
<Point><coordinates>85.1973416,25.70084303,0</coordinates></Point>
</Placemark>
<Placemark>
<name>3G</name>
<Point><coordinates>85.02290265,25.55991762,0</coordinates></Point>
</Placemark>
<Placemark>
<name>4G</name>
<Point><coordinates>85.16712431,25.55045654,0</coordinates></Point>
</Placemark>
<Placemark>
<name>5G</name>
<Point><coordinates>85.26757611,25.64178078,0</coordinates></Point>
</Placemark>
<Placemark>
<name>4G</name>
<Point><coordinates>85.06015793,25.47766046,0</coordinates></Point>
</Placemark>
<Placemark>
<name>4G</name>
<Point><coordinates>85.12988118,25.50075936,0</coordinates></Point>
</Placemark>
<Placemark>
<name>3G</name>
<Point><coordinates>85.28960243,25.60874535,0</coordinates></Point>
</Placemark>
<Placemark>
<name>LTE</name>
<Point><coordinates>85.13594183,25.62285741,0</coordinates></Point>
</Placemark>
<Placemark>
<name>4G</name>
<Point><coordinates>85.0701659,25.48222128,0</coordinates></Point>
</Placemark>
<Placemark>
<name>5G</name>
<Point><coordinates>85.04381701,25.49094441,0</coordinates></Point>
</Placemark>
<Placemark>
<name>LTE</name>
<Point><coordinates>85.21523255,25.64161497,0</coordinates></Point>
</Placemark>
<Placemark>
<name>3G</name>
<Point><coordinates>84.99845845,25.53554436,0</coordinates></Point>
</Placemark>
<Placemark>
<name>4G</name>
<Point><coordinates>85.00927347,25.56173378,0</coordinates></Point>
</Placemark>
<Placemark>
<name>LTE</name>
<Point><coordinates>85.02264413,25.69683695,0</coordinates></Point>
</Placemark>
<Placemark>
<name>4G</name>
<Point><coordinates>85.15662253,25.69609047,0</coordinates></Point>
</Placemark>
<Placemark>
<name>5G</name>
<Point><coordinates>85.13087839,25.72462495,0</coordinates></Point>
</Placemark>
<Placemark>
<name>5G</name>
<Point><coordinates>85.14953914,25.64276832,0</coordinates></Point>
</Placemark>
<Placemark>
<name>LTE</name>
<Point><coordinates>85.1593495,25.60672062,0</coordinates></Point>
</Placemark>
<Placemark>
<name>4G</name>
<Point><coordinates>84.99534197,25.50140024,0</coordinates></Point>
</Placemark>
<Placemark>
<name>5G</name>
<Point><coordinates>85.02919402,25.5714551,0</coordinates></Point>
</Placemark>
<Placemark>
<name>3G</name>
<Point><coordinates>85.06006714,25.6738058,0</coordinates></Point>
</Placemark>
<Placemark>
<name>LTE</name>
<Point><coordinates>85.2594417,25.47391019,0</coordinates></Point>
</Placemark>
<Placemark>
<name>LTE</name>
<Point><coordinates>85.08385869,25.70217011,0</coordinates></Point>
</Placemark>
<Placemark>
<name>3G</name>
<Point><coordinates>85.0588863,25.70152528,0</coordinates></Point>
</Placemark>
<Placemark>
<name>4G</name>
<Point><coordinates>85.09480991,25.46660906,0</coordinates></Point>
</Placemark>
<Placemark>
<name>3G</name>
<Point><coordinates>85.22841051,25.65399104,0</coordinates></Point>
</Placemark>
<Placemark>
<name>3G</name>
<Point><coordinates>85.20224959,25.63120388,0</coordinates></Point>
</Placemark>
<Placemark>
<name>5G</name>
<Point><coordinates>85.09224544,25.70124011,0</coordinates></Point>
</Placemark>
<Placemark>
<name>5G</name>
<Point><coordinates>85.07962235,25.49456623,0</coordinates></Point>
</Placemark>
<Placemark>
<name>4G</name>
<Point><coordinates>84.96883918,25.55678378,0</coordinates></Point>
</Placemark>
<Placemark>
<name>4G</name>
<Point><coordinates>85.24673772,25.66899042,0</coordinates></Point>
</Placemark>
<Placemark>
<name>LTE</name>
<Point><coordinates>84.99189775,25.61126136,0</coordinates></Point>
</Placemark>
<Placemark>
<name>LTE</name>
<Point><coordinates>85.1789399,25.72201713,0</coordinates></Point>
</Placemark>
<Placemark>
<name>5G</name>
<Point><coordinates>85.25938683,25.59663477,0</coordinates></Point>
</Placemark>
<Placemark>
<name>LTE</name>
<Point><coordinates>85.0627434,25.59853669,0</coordinates></Point>
</Placemark>
<Placemark>
<name>3G</name>
<Point><coordinates>85.10236771,25.5611436,0</coordinates></Point>
</Placemark>
<Placemark>
<name>4G</name>
<Point><coordinates>85.22608953,25.64327755,0</coordinates></Point>
</Placemark>
<Placemark>
<name>3G</name>
<Point><coordinates>85.13047523,25.47014697,0</coordinates></Point>
</Placemark>
<Placemark>
<name>5G</name>
<Point><coordinates>85.16735381,25.72831277,0</coordinates></Point>
</Placemark>
<Placemark>
<name>5G</name>
<Point><coordinates>85.13205417,25.68968476,0</coordinates></Point>
</Placemark>
<Placemark>
<name>3G</name>
<Point><coordinates>85.09632897,25.58026406,0</coordinates></Point>
</Placemark>
<Placemark>
<name>LTE</name>
<Point><coordinates>85.17327191,25.62280219,0</coordinates></Point>
</Placemark>
<Placemark>
<name>5G</name>
<Point><coordinates>85.0512333,25.67559867,0</coordinates></Point>
</Placemark>
<Placemark>
<name>LTE</name>
<Point><coordinates>85.07261869,25.74334017,0</coordinates></Point>
</Placemark>
<Placemark>
<name>3G</name>
<Point><coordinates>85.16497862,25.62337409,0</coordinates></Point>
</Placemark>
<Placemark>
<name>3G</name>
<Point><coordinates>85.22689315,25.52614638,0</coordinates></Point>
</Placemark>
<Placemark>
<name>4G</name>
<Point><coordinates>85.16230052,25.65745272,0</coordinates></Point>
</Placemark>
<Placemark>
<name>5G</name>
<Point><coordinates>85.03534513,25.66018615,0</coordinates></Point>
</Placemark>
<Placemark>
<name>5G</name>
<Point><coordinates>85.06552073,25.49486328,0</coordinates></Point>
</Placemark>
<Placemark>
<name>LTE</name>
<Point><coordinates>85.28565076,25.60553911,0</coordinates></Point>
</Placemark>
<Placemark>
<name>4G</name>
<Point><coordinates>84.97279429,25.55544105,0</coordinates></Point>
</Placemark>
<Placemark>
<name>LTE</name>
<Point><coordinates>85.27012217,25.53354541,0</coordinates></Point>
</Placemark>
<Placemark>
<name>LTE</name>
<Point><coordinates>85.15464306,25.65093568,0</coordinates></Point>
</Placemark>
<Placemark>
<name>3G</name>
<Point><coordinates>85.20538119,25.46059953,0</coordinates></Point>
</Placemark>
<Placemark>
<name>LTE</name>
<Point><coordinates>85.21442152,25.47389984,0</coordinates></Point>
</Placemark>
<Placemark>
<name>5G</name>
<Point><coordinates>85.27453888,25.70957021,0</coordinates></Point>
</Placemark>
<Placemark>
<name>LTE</name>
<Point><coordinates>85.16757506,25.51848384,0</coordinates></Point>
</Placemark>
<Placemark>
<name>3G</name>
<Point><coordinates>85.05818346,25.70104357,0</coordinates></Point>
</Placemark>
<Placemark>
<name>5G</name>
<Point><coordinates>85.16087925,25.47703555,0</coordinates></Point>
</Placemark>
<Placemark>
<name>3G</name>
<Point><coordinates>84.9990118,25.52686033,0</coordinates></Point>
</Placemark>
<Placemark>
<name>3G</name>
<Point><coordinates>85.09809747,25.71054064,0</coordinates></Point>
</Placemark>
<Placemark>
<name>3G</name>
<Point><coordinates>85.039535,25.5955674,0</coordinates></Point>
</Placemark>
<Placemark>
<name>3G</name>
<Point><coordinates>85.06352244,25.51770985,0</coordinates></Point>
</Placemark>
<Placemark>
<name>5G</name>
<Point><coordinates>85.20911009,25.60100121,0</coordinates></Point>
</Placemark>
<Placemark>
<name>3G</name>
<Point><coordinates>85.02705866,25.6444412,0</coordinates></Point>
</Placemark>
<Placemark>
<name>5G</name>
<Point><coordinates>85.08774293,25.61134494,0</coordinates></Point>
</Placemark>
<Placemark>
<name>LTE</name>
<Point><coordinates>85.22739364,25.53346564,0</coordinates></Point>
</Placemark>
<Placemark>
<name>3G</name>
<Point><coordinates>85.12378174,25.75471873,0</coordinates></Point>
</Placemark>
<Placemark>
<name>3G</name>
<Point><coordinates>85.09371087,25.47630218,0</coordinates></Point>
</Placemark>
<Placemark>
<name>5G</name>
<Point><coordinates>85.13376353,25.4862992,0</coordinates></Point>
</Placemark>
<Placemark>
<name>LTE</name>
<Point><coordinates>85.14118384,25.5116357,0</coordinates></Point>
</Placemark>
<Placemark>
<name>LTE</name>
<Point><coordinates>85.28057486,25.57337728,0</coordinates></Point>
</Placemark>
<Placemark>
<name>LTE</name>
<Point><coordinates>85.15061204,25.48712406,0</coordinates></Point>
</Placemark>
<Placemark>
<name>4G</name>
<Point><coordinates>85.23456125,25.53621846,0</coordinates></Point>
</Placemark>
<Placemark>
<name>5G</name>
<Point><coordinates>85.20459118,25.50861306,0</coordinates></Point>
</Placemark>
<Placemark>
<name>5G</name>
<Point><coordinates>85.25184435,25.63260015,0</coordinates></Point>
</Placemark>
<Placemark>
<name>LTE</name>
<Point><coordinates>85.12083242,25.55682756,0</coordinates></Point>
</Placemark>
<Placemark>
<name>5G</name>
<Point><coordinates>84.95829931,25.58289781,0</coordinates></Point>
</Placemark>
<Placemark>
<name>4G</name>
<Point><coordinates>85.22061299,25.65668991,0</coordinates></Point>
</Placemark>
<Placemark>
<name>4G</name>
<Point><coordinates>85.20579856,25.5851441,0</coordinates></Point>
</Placemark>
<Placemark>
<name>4G</name>
<Point><coordinates>85.11717708,25.57075759,0</coordinates></Point>
</Placemark>
<Placemark>
<name>5G</name>
<Point><coordinates>85.13722108,25.69174598,0</coordinates></Point>
</Placemark>
<Placemark>
<name>3G</name>
<Point><coordinates>85.15676392,25.58520565,0</coordinates></Point>
</Placemark>
<Placemark>
<name>3G</name>
<Point><coordinates>85.27311659,25.62262776,0</coordinates></Point>
</Placemark>
<Placemark>
<name>4G</name>
<Point><coordinates>85.26671198,25.57853453,0</coordinates></Point>
</Placemark>
<Placemark>
<name>3G</name>
<Point><coordinates>85.28155088,25.57013194,0</coordinates></Point>
</Placemark>
<Placemark>
<name>4G</name>
<Point><coordinates>85.09214638,25.49558898,0</coordinates></Point>
</Placemark>
<Placemark>
<name>4G</name>
<Point><coordinates>85.13927796,25.54336251,0</coordinates></Point>
</Placemark>
<Placemark>
<name>5G</name>
<Point><coordinates>85.20648625,25.55331017,0</coordinates></Point>
</Placemark>
<Placemark>
<name>LTE</name>
<Point><coordinates>85.24273362,25.62163421,0</coordinates></Point>
</Placemark>
<Placemark>
<name>5G</name>
<Point><coordinates>85.13745988,25.7006688,0</coordinates></Point>
</Placemark>
<Placemark>
<name>3G</name>
<Point><coordinates>85.02322142,25.67771546,0</coordinates></Point>
</Placemark>
<Placemark>
<name>3G</name>
<Point><coordinates>85.09364469,25.75727938,0</coordinates></Point>
</Placemark>
<Placemark>
<name>4G</name>
<Point><coordinates>85.1927097,25.46718454,0</coordinates></Point>
</Placemark>
<Placemark>
<name>5G</name>
<Point><coordinates>85.1132775,25.52795781,0</coordinates></Point>
</Placemark>
<Placemark>
<name>5G</name>
<Point><coordinates>85.22063789,25.64451722,0</coordinates></Point>
</Placemark>
<Placemark>
<name>3G</name>
<Point><coordinates>84.97552514,25.6399091,0</coordinates></Point>
</Placemark>
<Placemark>
<name>LTE</name>
<Point><coordinates>85.02731033,25.57067626,0</coordinates></Point>
</Placemark>
<Placemark>
<name>4G</name>
<Point><coordinates>85.20847409,25.53622249,0</coordinates></Point>
</Placemark>
<Placemark>
<name>LTE</name>
<Point><coordinates>85.11404935,25.68849002,0</coordinates></Point>
</Placemark>
<Placemark>
<name>3G</name>
<Point><coordinates>84.97718643,25.52164146,0</coordinates></Point>
</Placemark>
<Placemark>
<name>5G</name>
<Point><coordinates>85.16023188,25.76591247,0</coordinates></Point>
</Placemark>
<Placemark>
<name>LTE</name>
<Point><coordinates>85.11030411,25.63895914,0</coordinates></Point>
</Placemark>
<Placemark>
<name>4G</name>
<Point><coordinates>85.13649156,25.66572046,0</coordinates></Point>
</Placemark>
<Placemark>
<name>LTE</name>
<Point><coordinates>85.10739674,25.62836685,0</coordinates></Point>
</Placemark>
<Placemark>
<name>4G</name>
<Point><coordinates>85.03668378,25.68890475,0</coordinates></Point>
</Placemark>
<Placemark>
<name>3G</name>
<Point><coordinates>85.13711947,25.5960692,0</coordinates></Point>
</Placemark>
<Placemark>
<name>LTE</name>
<Point><coordinates>85.16844174,25.66379595,0</coordinates></Point>
</Placemark>
<Placemark>
<name>3G</name>
<Point><coordinates>85.18890556,25.53421113,0</coordinates></Point>
</Placemark>
<Placemark>
<name>5G</name>
<Point><coordinates>85.25640287,25.61285591,0</coordinates></Point>
</Placemark>
<Placemark>
<name>3G</name>
<Point><coordinates>85.15048944,25.59029722,0</coordinates></Point>
</Placemark>
<Placemark>
<name>4G</name>
<Point><coordinates>85.25032305,25.66387146,0</coordinates></Point>
</Placemark>
<Placemark>
<name>LTE</name>
<Point><coordinates>84.99172961,25.64749555,0</coordinates></Point>
</Placemark>
<Placemark>
<name>5G</name>
<Point><coordinates>85.27176347,25.68833948,0</coordinates></Point>
</Placemark>
<Placemark>
<name>3G</name>
<Point><coordinates>85.13892603,25.54425846,0</coordinates></Point>
</Placemark>
<Placemark>
<name>LTE</name>
<Point><coordinates>85.24354589,25.47844179,0</coordinates></Point>
</Placemark>
<Placemark>
<name>LTE</name>
<Point><coordinates>85.04083014,25.64461244,0</coordinates></Point>
</Placemark>
<Placemark>
<name>5G</name>
<Point><coordinates>85.24305073,25.47237838,0</coordinates></Point>
</Placemark>
<Placemark>
<name>4G</name>
<Point><coordinates>85.03371014,25.5047685,0</coordinates></Point>
</Placemark>
<Placemark>
<name>5G</name>
<Point><coordinates>85.02820786,25.58673762,0</coordinates></Point>
</Placemark>
<Placemark>
<name>4G</name>
<Point><coordinates>85.19668876,25.5705622,0</coordinates></Point>
</Placemark>
<Placemark>
<name>LTE</name>
<Point><coordinates>85.23750834,25.64392593,0</coordinates></Point>
</Placemark>
<Placemark>
<name>5G</name>
<Point><coordinates>85.07102745,25.4284844,0</coordinates></Point>
</Placemark>
<Placemark>
<name>5G</name>
<Point><coordinates>85.19879672,25.73520027,0</coordinates></Point>
</Placemark>
<Placemark>
<name>3G</name>
<Point><coordinates>85.24297993,25.54160554,0</coordinates></Point>
</Placemark>
<Placemark>
<name>5G</name>
<Point><coordinates>85.09070989,25.71361343,0</coordinates></Point>
</Placemark>
<Placemark>
<name>5G</name>
<Point><coordinates>85.17540376,25.49872916,0</coordinates></Point>
</Placemark>
<Placemark>
<name>5G</name>
<Point><coordinates>85.08342975,25.67691713,0</coordinates></Point>
</Placemark>
<Placemark>
<name>4G</name>
<Point><coordinates>85.25015261,25.51029066,0</coordinates></Point>
</Placemark>
<Placemark>
<name>4G</name>
<Point><coordinates>85.23451178,25.57264056,0</coordinates></Point>
</Placemark>
<Placemark>
<name>3G</name>
<Point><coordinates>85.13337305,25.59606456,0</coordinates></Point>
</Placemark>
<Placemark>
<name>4G</name>
<Point><coordinates>85.20621465,25.52604937,0</coordinates></Point>
</Placemark>
<Placemark>
<name>3G</name>
<Point><coordinates>85.1474875,25.68753605,0</coordinates></Point>
</Placemark>
<Placemark>
<name>3G</name>
<Point><coordinates>85.03209685,25.50406481,0</coordinates></Point>
</Placemark>
<Placemark>
<name>4G</name>
<Point><coordinates>85.22369433,25.44512121,0</coordinates></Point>
</Placemark>
<Placemark>
<name>LTE</name>
<Point><coordinates>85.0578307,25.54940685,0</coordinates></Point>
</Placemark>
<Placemark>
<name>4G</name>
<Point><coordinates>84.96747248,25.5748061,0</coordinates></Point>
</Placemark>
<Placemark>
<name>5G</name>
<Point><coordinates>85.2614781,25.68922889,0</coordinates></Point>
</Placemark>
<Placemark>
<name>4G</name>
<Point><coordinates>85.19748892,25.72492295,0</coordinates></Point>
</Placemark>
<Placemark>
<name>LTE</name>
<Point><coordinates>85.00504285,25.47325232,0</coordinates></Point>
</Placemark>
<Placemark>
<name>LTE</name>
<Point><coordinates>84.98582462,25.62375206,0</coordinates></Point>
</Placemark>
<Placemark>
<name>3G</name>
<Point><coordinates>85.20824119,25.74208366,0</coordinates></Point>
</Placemark>
<Placemark>
<name>5G</name>
<Point><coordinates>85.24558122,25.57216056,0</coordinates></Point>
</Placemark>
<Placemark>
<name>4G</name>
<Point><coordinates>85.08525709,25.73422968,0</coordinates></Point>
</Placemark>
<Placemark>
<name>LTE</name>
<Point><coordinates>85.19735968,25.55628574,0</coordinates></Point>
</Placemark>
<Placemark>
<name>LTE</name>
<Point><coordinates>85.17490421,25.7611527,0</coordinates></Point>
</Placemark>
<Placemark>
<name>LTE</name>
<Point><coordinates>85.06073989,25.56635517,0</coordinates></Point>
</Placemark>
<Placemark>
<name>4G</name>
<Point><coordinates>84.98360562,25.67935272,0</coordinates></Point>
</Placemark>
<Placemark>
<name>3G</name>
<Point><coordinates>85.1922961,25.43764293,0</coordinates></Point>
</Placemark>
<Placemark>
<name>3G</name>
<Point><coordinates>85.01197964,25.54432989,0</coordinates></Point>
</Placemark>
<Placemark>
<name>5G</name>
<Point><coordinates>85.22436568,25.67282334,0</coordinates></Point>
</Placemark>
<Placemark>
<name>3G</name>
<Point><coordinates>85.06099449,25.50150126,0</coordinates></Point>
</Placemark>
<Placemark>
<name>LTE</name>
<Point><coordinates>85.16510467,25.45920398,0</coordinates></Point>
</Placemark>
<Placemark>
<name>4G</name>
<Point><coordinates>85.23051561,25.68157836,0</coordinates></Point>
</Placemark>
<Placemark>
<name>LTE</name>
<Point><coordinates>85.31436019,25.5788159,0</coordinates></Point>
</Placemark>
<Placemark>
<name>3G</name>
<Point><coordinates>84.98985991,25.67022046,0</coordinates></Point>
</Placemark>
<Placemark>
<name>4G</name>
<Point><coordinates>85.20605281,25.60997369,0</coordinates></Point>
</Placemark>
<Placemark>
<name>3G</name>
<Point><coordinates>85.1245845,25.53266941,0</coordinates></Point>
</Placemark>
<Placemark>
<name>4G</name>
<Point><coordinates>85.10994681,25.53666838,0</coordinates></Point>
</Placemark>
<Placemark>
<name>3G</name>
<Point><coordinates>85.22000926,25.68563132,0</coordinates></Point>
</Placemark>
<Placemark>
<name>4G</name>
<Point><coordinates>85.06267144,25.53466115,0</coordinates></Point>
</Placemark>
<Placemark>
<name>5G</name>
<Point><coordinates>85.09098189,25.64594286,0</coordinates></Point>
</Placemark>
<Placemark>
<name>4G</name>
<Point><coordinates>85.02031674,25.66444247,0</coordinates></Point>
</Placemark>
<Placemark>
<name>LTE</name>
<Point><coordinates>85.1006324,25.5049872,0</coordinates></Point>
</Placemark>
<Placemark>
<name>4G</name>
<Point><coordinates>85.25732291,25.60784784,0</coordinates></Point>
</Placemark>
<Placemark>
<name>4G</name>
<Point><coordinates>85.12997459,25.46310378,0</coordinates></Point>
</Placemark>
<Placemark>
<name>5G</name>
<Point><coordinates>85.22540355,25.56169902,0</coordinates></Point>
</Placemark>
<Placemark>
<name>LTE</name>
<Point><coordinates>85.28652504,25.58916423,0</coordinates></Point>
</Placemark>
<Placemark>
<name>4G</name>
<Point><coordinates>85.15426797,25.5454444,0</coordinates></Point>
</Placemark>
<Placemark>
<name>4G</name>
<Point><coordinates>85.25703774,25.52604224,0</coordinates></Point>
</Placemark>
<Placemark>
<name>5G</name>
<Point><coordinates>85.15438653,25.61667408,0</coordinates></Point>
</Placemark>
<Placemark>
<name>3G</name>
<Point><coordinates>85.26303989,25.67987932,0</coordinates></Point>
</Placemark>
<Placemark>
<name>5G</name>
<Point><coordinates>85.24240498,25.68045711,0</coordinates></Point>
</Placemark>
<Placemark>
<name>3G</name>
<Point><coordinates>85.11206298,25.42783474,0</coordinates></Point>
</Placemark>
<Placemark>
<name>4G</name>
<Point><coordinates>84.95982034,25.6087186,0</coordinates></Point>
</Placemark>
<Placemark>
<name>4G</name>
<Point><coordinates>85.20941895,25.58517551,0</coordinates></Point>
</Placemark>
<Placemark>
<name>4G</name>
<Point><coordinates>85.17831929,25.43277289,0</coordinates></Point>
</Placemark>
<Placemark>
<name>3G</name>
<Point><coordinates>85.1257289,25.77171952,0</coordinates></Point>
</Placemark>
<Placemark>
<name>3G</name>
<Point><coordinates>85.20539093,25.66226091,0</coordinates></Point>
</Placemark>
<Placemark>
<name>4G</name>
<Point><coordinates>85.20370562,25.7586175,0</coordinates></Point>
</Placemark>
<Placemark>
<name>LTE</name>
<Point><coordinates>85.10557522,25.6907078,0</coordinates></Point>
</Placemark>
<Placemark>
<name>4G</name>
<Point><coordinates>85.20870867,25.45523179,0</coordinates></Point>
</Placemark>
<Placemark>
<name>5G</name>
<Point><coordinates>85.19740997,25.52460179,0</coordinates></Point>
</Placemark>
<Placemark>
<name>3G</name>
<Point><coordinates>85.27673452,25.67362191,0</coordinates></Point>
</Placemark>
<Placemark>
<name>3G</name>
<Point><coordinates>84.97480172,25.54793312,0</coordinates></Point>
</Placemark>
<Placemark>
<name>4G</name>
<Point><coordinates>85.23274766,25.61734487,0</coordinates></Point>
</Placemark>
<Placemark>
<name>5G</name>
<Point><coordinates>85.15398054,25.43327325,0</coordinates></Point>
</Placemark>
<Placemark>
<name>4G</name>
<Point><coordinates>85.19398748,25.50873737,0</coordinates></Point>
</Placemark>
<Placemark>
<name>5G</name>
<Point><coordinates>85.22024544,25.64714324,0</coordinates></Point>
</Placemark>
<Placemark>
<name>5G</name>
<Point><coordinates>85.08153311,25.46895953,0</coordinates></Point>
</Placemark>
<Placemark>
<name>3G</name>
<Point><coordinates>85.06632199,25.58137021,0</coordinates></Point>
</Placemark>
<Placemark>
<name>3G</name>
<Point><coordinates>85.14283887,25.66257747,0</coordinates></Point>
</Placemark>
<Placemark>
<name>LTE</name>
<Point><coordinates>85.07136114,25.56101921,0</coordinates></Point>
</Placemark>
<Placemark>
<name>5G</name>
<Point><coordinates>85.01691045,25.57388773,0</coordinates></Point>
</Placemark>
<Placemark>
<name>LTE</name>
<Point><coordinates>85.00215433,25.62351772,0</coordinates></Point>
</Placemark>
<Placemark>
<name>5G</name>
<Point><coordinates>85.11702058,25.6128103,0</coordinates></Point>
</Placemark>
<Placemark>
<name>LTE</name>
<Point><coordinates>85.31305619,25.59919096,0</coordinates></Point>
</Placemark>
<Placemark>
<name>5G</name>
<Point><coordinates>85.24107676,25.62656689,0</coordinates></Point>
</Placemark>
<Placemark>
<name>3G</name>
<Point><coordinates>85.19256132,25.67740932,0</coordinates></Point>
</Placemark>
<Placemark>
<name>LTE</name>
<Point><coordinates>85.11517407,25.57992404,0</coordinates></Point>
</Placemark>
<Placemark>
<name>3G</name>
<Point><coordinates>85.20633711,25.6925106,0</coordinates></Point>
</Placemark>
<Placemark>
<name>3G</name>
<Point><coordinates>85.29404304,25.65728399,0</coordinates></Point>
</Placemark>
<Placemark>
<name>4G</name>
<Point><coordinates>85.1335155,25.76237232,0</coordinates></Point>
</Placemark>
<Placemark>
<name>4G</name>
<Point><coordinates>85.19487405,25.53746148,0</coordinates></Point>
</Placemark>
<Placemark>
<name>5G</name>
<Point><coordinates>85.07307567,25.7069338,0</coordinates></Point>
</Placemark>
<Placemark>
<name>5G</name>
<Point><coordinates>85.22985412,25.55856025,0</coordinates></Point>
</Placemark>
<Placemark>
<name>5G</name>
<Point><coordinates>85.17848409,25.45150562,0</coordinates></Point>
</Placemark>
<Placemark>
<name>5G</name>
<Point><coordinates>85.12810865,25.48631302,0</coordinates></Point>
</Placemark>
<Placemark>
<name>3G</name>
<Point><coordinates>85.05433922,25.60194179,0</coordinates></Point>
</Placemark>
<Placemark>
<name>4G</name>
<Point><coordinates>85.03643974,25.67493613,0</coordinates></Point>
</Placemark>
<Placemark>
<name>LTE</name>
<Point><coordinates>85.07840461,25.65088559,0</coordinates></Point>
</Placemark>
<Placemark>
<name>LTE</name>
<Point><coordinates>85.12998104,25.50058561,0</coordinates></Point>
</Placemark>
<Placemark>
<name>LTE</name>
<Point><coordinates>85.24108511,25.49770112,0</coordinates></Point>
</Placemark>
<Placemark>
<name>5G</name>
<Point><coordinates>85.06602596,25.69076914,0</coordinates></Point>
</Placemark>
<Placemark>
<name>3G</name>
<Point><coordinates>85.2642894,25.54810486,0</coordinates></Point>
</Placemark>
<Placemark>
<name>LTE</name>
<Point><coordinates>85.0802613,25.75647426,0</coordinates></Point>
</Placemark>
<Placemark>
<name>5G</name>
<Point><coordinates>85.16684473,25.4200385,0</coordinates></Point>
</Placemark>
<Placemark>
<name>5G</name>
<Point><coordinates>85.11637145,25.71321158,0</coordinates></Point>
</Placemark>
<Placemark>
<name>LTE</name>
<Point><coordinates>85.1444708,25.7210489,0</coordinates></Point>
</Placemark>
<Placemark>
<name>5G</name>
<Point><coordinates>85.08326509,25.65926048,0</coordinates></Point>
</Placemark>
<Placemark>
<name>3G</name>
<Point><coordinates>84.97450328,25.64593129,0</coordinates></Point>
</Placemark>
<Placemark>
<name>4G</name>
<Point><coordinates>85.1773888,25.709939,0</coordinates></Point>
</Placemark>
<Placemark>
<name>5G</name>
<Point><coordinates>85.17607548,25.68954273,0</coordinates></Point>
</Placemark>
<Placemark>
<name>3G</name>
<Point><coordinates>85.19938197,25.6703239,0</coordinates></Point>
</Placemark>
<Placemark>
<name>LTE</name>
<Point><coordinates>85.15089366,25.70714382,0</coordinates></Point>
</Placemark>
<Placemark>
<name>4G</name>
<Point><coordinates>85.09221817,25.67940527,0</coordinates></Point>
</Placemark>
<Placemark>
<name>3G</name>
<Point><coordinates>85.00969109,25.53276537,0</coordinates></Point>
</Placemark>
<Placemark>
<name>LTE</name>
<Point><coordinates>85.16304398,25.71127571,0</coordinates></Point>
</Placemark>
<Placemark>
<name>3G</name>
<Point><coordinates>85.14311347,25.44924225,0</coordinates></Point>
</Placemark>
<Placemark>
<name>LTE</name>
<Point><coordinates>85.07777097,25.53166199,0</coordinates></Point>
</Placemark>
<Placemark>
<name>LTE</name>
<Point><coordinates>85.04516909,25.47916864,0</coordinates></Point>
</Placemark>
<Placemark>
<name>4G</name>
<Point><coordinates>85.07599942,25.59388428,0</coordinates></Point>
</Placemark>
<Placemark>
<name>4G</name>
<Point><coordinates>85.02807543,25.65194379,0</coordinates></Point>
</Placemark>
<Placemark>
<name>3G</name>
<Point><coordinates>85.12910951,25.61470553,0</coordinates></Point>
</Placemark>
<Placemark>
<name>5G</name>
<Point><coordinates>85.17038711,25.55051147,0</coordinates></Point>
</Placemark>
<Placemark>
<name>LTE</name>
<Point><coordinates>85.03857568,25.55257208,0</coordinates></Point>
</Placemark>
<Placemark>
<name>3G</name>
<Point><coordinates>85.06667863,25.68262253,0</coordinates></Point>
</Placemark>
<Placemark>
<name>LTE</name>
<Point><coordinates>85.16608782,25.5068781,0</coordinates></Point>
</Placemark>
<Placemark>
<name>5G</name>
<Point><coordinates>85.277926,25.54872702,0</coordinates></Point>
</Placemark>
<Placemark>
<name>LTE</name>
<Point><coordinates>85.17445923,25.60634316,0</coordinates></Point>
</Placemark>
<Placemark>
<name>LTE</name>
<Point><coordinates>85.11651541,25.62059165,0</coordinates></Point>
</Placemark>
<Placemark>
<name>4G</name>
<Point><coordinates>85.20159644,25.4600688,0</coordinates></Point>
</Placemark>
<Placemark>
<name>5G</name>
<Point><coordinates>85.17002377,25.54402887,0</coordinates></Point>
</Placemark>
<Placemark>
<name>5G</name>
<Point><coordinates>85.11900657,25.46932664,0</coordinates></Point>
</Placemark>
<Placemark>
<name>3G</name>
<Point><coordinates>85.30243339,25.58799961,0</coordinates></Point>
</Placemark>
<Placemark>
<name>5G</name>
<Point><coordinates>85.19990874,25.70193368,0</coordinates></Point>
</Placemark>
<Placemark>
<name>4G</name>
<Point><coordinates>85.22599074,25.68762542,0</coordinates></Point>
</Placemark>
<Placemark>
<name>5G</name>
<Point><coordinates>85.25922872,25.68169918,0</coordinates></Point>
</Placemark>
<Placemark>
<name>5G</name>
<Point><coordinates>85.229039,25.62507864,0</coordinates></Point>
</Placemark>
<Placemark>
<name>5G</name>
<Point><coordinates>85.21868743,25.72450389,0</coordinates></Point>
</Placemark>
<Placemark>
<name>5G</name>
<Point><coordinates>85.01790795,25.65133632,0</coordinates></Point>
</Placemark>
<Placemark>
<name>4G</name>
<Point><coordinates>85.05998233,25.65912341,0</coordinates></Point>
</Placemark>
<Placemark>
<name>LTE</name>
<Point><coordinates>85.3009251,25.57807105,0</coordinates></Point>
</Placemark>
<Placemark>
<name>4G</name>
<Point><coordinates>85.19299613,25.70425255,0</coordinates></Point>
</Placemark>
<Placemark>
<name>LTE</name>
<Point><coordinates>85.14783685,25.77254081,0</coordinates></Point>
</Placemark>
<Placemark>
<name>5G</name>
<Point><coordinates>85.27143542,25.58289868,0</coordinates></Point>
</Placemark>
<Placemark>
<name>3G</name>
<Point><coordinates>85.22851961,25.73639587,0</coordinates></Point>
</Placemark>
<Placemark>
<name>LTE</name>
<Point><coordinates>85.16124363,25.71252146,0</coordinates></Point>
</Placemark>
<Placemark>
<name>3G</name>
<Point><coordinates>85.15014498,25.51422891,0</coordinates></Point>
</Placemark>
<Placemark>
<name>LTE</name>
<Point><coordinates>85.15142627,25.59644856,0</coordinates></Point>
</Placemark>
<Placemark>
<name>3G</name>
<Point><coordinates>85.08845756,25.4762897,0</coordinates></Point>
</Placemark>
<Placemark>
<name>LTE</name>
<Point><coordinates>85.04631242,25.59774414,0</coordinates></Point>
</Placemark>
<Placemark>
<name>5G</name>
<Point><coordinates>85.21565374,25.47579075,0</coordinates></Point>
</Placemark>
<Placemark>
<name>LTE</name>
<Point><coordinates>85.29153868,25.64721638,0</coordinates></Point>
</Placemark>
<Placemark>
<name>4G</name>
<Point><coordinates>85.22895232,25.44805374,0</coordinates></Point>
</Placemark>
<Placemark>
<name>4G</name>
<Point><coordinates>84.97856128,25.65640727,0</coordinates></Point>
</Placemark>
<Placemark>
<name>5G</name>
<Point><coordinates>85.1068044,25.57332976,0</coordinates></Point>
</Placemark>
<Placemark>
<name>4G</name>
<Point><coordinates>85.06122996,25.58828404,0</coordinates></Point>
</Placemark>
<Placemark>
<name>5G</name>
<Point><coordinates>85.19215032,25.66471334,0</coordinates></Point>
</Placemark>
<Placemark>
<name>5G</name>
<Point><coordinates>85.17296677,25.73010839,0</coordinates></Point>
</Placemark>
<Placemark>
<name>5G</name>
<Point><coordinates>85.22173183,25.4550747,0</coordinates></Point>
</Placemark>
<Placemark>
<name>LTE</name>
<Point><coordinates>84.99979524,25.66071129,0</coordinates></Point>
</Placemark>
<Placemark>
<name>5G</name>
<Point><coordinates>85.29111615,25.56086993,0</coordinates></Point>
</Placemark>
<Placemark>
<name>5G</name>
<Point><coordinates>85.15205946,25.66134118,0</coordinates></Point>
</Placemark>
<Placemark>
<name>LTE</name>
<Point><coordinates>85.16093091,25.7422406,0</coordinates></Point>
</Placemark>
<Placemark>
<name>LTE</name>
<Point><coordinates>85.26283147,25.66232469,0</coordinates></Point>
</Placemark>
<Placemark>
<name>5G</name>
<Point><coordinates>85.20495703,25.71031107,0</coordinates></Point>
</Placemark>
<Placemark>
<name>5G</name>
<Point><coordinates>85.01914825,25.69885569,0</coordinates></Point>
</Placemark>
<Placemark>
<name>LTE</name>
<Point><coordinates>85.1489754,25.6479132,0</coordinates></Point>
</Placemark>
<Placemark>
<name>3G</name>
<Point><coordinates>85.13968325,25.63570599,0</coordinates></Point>
</Placemark>
<Placemark>
<name>3G</name>
<Point><coordinates>85.12997804,25.73004442,0</coordinates></Point>
</Placemark>
<Placemark>
<name>4G</name>
<Point><coordinates>85.21530331,25.5955319,0</coordinates></Point>
</Placemark>
<Placemark>
<name>LTE</name>
<Point><coordinates>85.05790416,25.739774,0</coordinates></Point>
</Placemark>
<Placemark>
<name>5G</name>
<Point><coordinates>85.18310225,25.50792864,0</coordinates></Point>
</Placemark>
<Placemark>
<name>LTE</name>
<Point><coordinates>85.19271159,25.75638241,0</coordinates></Point>
</Placemark>
<Placemark>
<name>5G</name>
<Point><coordinates>84.97830287,25.66559766,0</coordinates></Point>
</Placemark>
<Placemark>
<name>3G</name>
<Point><coordinates>85.04637247,25.67058338,0</coordinates></Point>
</Placemark>
<Placemark>
<name>5G</name>
<Point><coordinates>85.1845034,25.75112496,0</coordinates></Point>
</Placemark>
<Placemark>
<name>4G</name>
<Point><coordinates>85.18443391,25.73015303,0</coordinates></Point>
</Placemark>
<Placemark>
<name>4G</name>
<Point><coordinates>85.14246223,25.69595738,0</coordinates></Point>
</Placemark>
<Placemark>
<name>LTE</name>
<Point><coordinates>85.23957144,25.70209234,0</coordinates></Point>
</Placemark>
<Placemark>
<name>3G</name>
<Point><coordinates>85.10338653,25.4555172,0</coordinates></Point>
</Placemark>
<Placemark>
<name>4G</name>
<Point><coordinates>85.13336826,25.43417691,0</coordinates></Point>
</Placemark>
<Placemark>
<name>4G</name>
<Point><coordinates>85.29897024,25.58172141,0</coordinates></Point>
</Placemark>
<Placemark>
<name>5G</name>
<Point><coordinates>85.2703953,25.54598993,0</coordinates></Point>
</Placemark>
<Placemark>
<name>3G</name>
<Point><coordinates>84.99359514,25.53928656,0</coordinates></Point>
</Placemark>
<Placemark>
<name>3G</name>
<Point><coordinates>85.26447998,25.69941105,0</coordinates></Point>
</Placemark>
<Placemark>
<name>5G</name>
<Point><coordinates>85.09999998,25.60182425,0</coordinates></Point>
</Placemark>
<Placemark>
<name>3G</name>
<Point><coordinates>85.21131244,25.55708748,0</coordinates></Point>
</Placemark>
<Placemark>
<name>3G</name>
<Point><coordinates>85.0976114,25.63958084,0</coordinates></Point>
</Placemark>
<Placemark>
<name>3G</name>
<Point><coordinates>85.15968764,25.77214644,0</coordinates></Point>
</Placemark>
<Placemark>
<name>LTE</name>
<Point><coordinates>85.24861599,25.54960956,0</coordinates></Point>
</Placemark>
<Placemark>
<name>4G</name>
<Point><coordinates>85.16008076,25.57444827,0</coordinates></Point>
</Placemark>
<Placemark>
<name>5G</name>
<Point><coordinates>85.15076891,25.48796873,0</coordinates></Point>
</Placemark>
<Placemark>
<name>LTE</name>
<Point><coordinates>85.19119828,25.50605755,0</coordinates></Point>
</Placemark>
<Placemark>
<name>3G</name>
<Point><coordinates>85.11225368,25.77161275,0</coordinates></Point>
</Placemark>
<Placemark>
<name>4G</name>
<Point><coordinates>85.20442755,25.45914105,0</coordinates></Point>
</Placemark>
<Placemark>
<name>3G</name>
<Point><coordinates>85.0141591,25.55238155,0</coordinates></Point>
</Placemark>
<Placemark>
<name>5G</name>
<Point><coordinates>85.2172454,25.52935099,0</coordinates></Point>
</Placemark>
<Placemark>
<name>4G</name>
<Point><coordinates>85.25623297,25.71936411,0</coordinates></Point>
</Placemark>
<Placemark>
<name>5G</name>
<Point><coordinates>85.21720824,25.66361249,0</coordinates></Point>
</Placemark>
<Placemark>
<name>5G</name>
<Point><coordinates>85.2417106,25.58975828,0</coordinates></Point>
</Placemark>
<Placemark>
<name>4G</name>
<Point><coordinates>85.0349109,25.47690977,0</coordinates></Point>
</Placemark>
<Placemark>
<name>3G</name>
<Point><coordinates>85.08945101,25.4363851,0</coordinates></Point>
</Placemark>
<Placemark>
<name>LTE</name>
<Point><coordinates>85.03702133,25.54996669,0</coordinates></Point>
</Placemark>
<Placemark>
<name>5G</name>
<Point><coordinates>85.20175453,25.68722951,0</coordinates></Point>
</Placemark>
<Placemark>
<name>5G</name>
<Point><coordinates>85.00325962,25.71337056,0</coordinates></Point>
</Placemark>
<Placemark>
<name>LTE</name>
<Point><coordinates>85.15325601,25.47653845,0</coordinates></Point>
</Placemark>
<Placemark>
<name>LTE</name>
<Point><coordinates>84.99308874,25.56710744,0</coordinates></Point>
</Placemark>
<Placemark>
<name>4G</name>
<Point><coordinates>85.06764572,25.44181063,0</coordinates></Point>
</Placemark>
<Placemark>
<name>5G</name>
<Point><coordinates>85.14384517,25.45273731,0</coordinates></Point>
</Placemark>
<Placemark>
<name>4G</name>
<Point><coordinates>85.26776278,25.66414726,0</coordinates></Point>
</Placemark>
<Placemark>
<name>LTE</name>
<Point><coordinates>85.15908592,25.65868146,0</coordinates></Point>
</Placemark>
<Placemark>
<name>4G</name>
<Point><coordinates>85.19916956,25.66708398,0</coordinates></Point>
</Placemark>
<Placemark>
<name>LTE</name>
<Point><coordinates>84.99018311,25.61493841,0</coordinates></Point>
</Placemark>
<Placemark>
<name>5G</name>
<Point><coordinates>85.21369018,25.65939789,0</coordinates></Point>
</Placemark>
<Placemark>
<name>3G</name>
<Point><coordinates>85.13865864,25.60187228,0</coordinates></Point>
</Placemark>
<Placemark>
<name>LTE</name>
<Point><coordinates>85.23116621,25.71002225,0</coordinates></Point>
</Placemark>
<Placemark>
<name>5G</name>
<Point><coordinates>85.173908,25.48038199,0</coordinates></Point>
</Placemark>
<Placemark>
<name>LTE</name>
<Point><coordinates>85.17525565,25.57862051,0</coordinates></Point>
</Placemark>
<Placemark>
<name>5G</name>
<Point><coordinates>85.13787443,25.61983147,0</coordinates></Point>
</Placemark>
<Placemark>
<name>LTE</name>
<Point><coordinates>85.25473125,25.64565245,0</coordinates></Point>
</Placemark>
<Placemark>
<name>3G</name>
<Point><coordinates>85.04766336,25.4526706,0</coordinates></Point>
</Placemark>
<Placemark>
<name>4G</name>
<Point><coordinates>85.01595784,25.46377131,0</coordinates></Point>
</Placemark>
<Placemark>
<name>3G</name>
<Point><coordinates>85.23288137,25.57267927,0</coordinates></Point>
</Placemark>
<Placemark>
<name>4G</name>
<Point><coordinates>84.985839,25.64385498,0</coordinates></Point>
</Placemark>
<Placemark>
<name>3G</name>
<Point><coordinates>85.16898971,25.73485558,0</coordinates></Point>
</Placemark>
<Placemark>
<name>4G</name>
<Point><coordinates>85.07562163,25.56815205,0</coordinates></Point>
</Placemark>
<Placemark>
<name>LTE</name>
<Point><coordinates>85.12070937,25.71533516,0</coordinates></Point>
</Placemark>
<Placemark>
<name>3G</name>
<Point><coordinates>85.23559381,25.46736435,0</coordinates></Point>
</Placemark>
<Placemark>
<name>3G</name>
<Point><coordinates>85.15088075,25.59695835,0</coordinates></Point>
</Placemark>
<Placemark>
<name>LTE</name>
<Point><coordinates>85.07748319,25.69107361,0</coordinates></Point>
</Placemark>
<Placemark>
<name>4G</name>
<Point><coordinates>84.96623441,25.56590795,0</coordinates></Point>
</Placemark>
<Placemark>
<name>3G</name>
<Point><coordinates>85.0093246,25.5300071,0</coordinates></Point>
</Placemark>
<Placemark>
<name>4G</name>
<Point><coordinates>85.19974644,25.59693065,0</coordinates></Point>
</Placemark>
<Placemark>
<name>4G</name>
<Point><coordinates>85.10021483,25.76110718,0</coordinates></Point>
</Placemark>
<Placemark>
<name>5G</name>
<Point><coordinates>85.01545462,25.71958822,0</coordinates></Point>
</Placemark>
<Placemark>
<name>3G</name>
<Point><coordinates>85.05082557,25.6757807,0</coordinates></Point>
</Placemark>
<Placemark>
<name>LTE</name>
<Point><coordinates>85.06900039,25.59282668,0</coordinates></Point>
</Placemark>
<Placemark>
<name>3G</name>
<Point><coordinates>85.16610345,25.73446058,0</coordinates></Point>
</Placemark>
<Placemark>
<name>5G</name>
<Point><coordinates>84.98119156,25.66664554,0</coordinates></Point>
</Placemark>
<Placemark>
<name>5G</name>
<Point><coordinates>85.18382963,25.64745215,0</coordinates></Point>
</Placemark>
<Placemark>
<name>4G</name>
<Point><coordinates>85.22193547,25.6633711,0</coordinates></Point>
</Placemark>
<Placemark>
<name>LTE</name>
<Point><coordinates>85.10117095,25.68222651,0</coordinates></Point>
</Placemark>
<Placemark>
<name>LTE</name>
<Point><coordinates>85.01081383,25.53946288,0</coordinates></Point>
</Placemark>
<Placemark>
<name>4G</name>
<Point><coordinates>84.96464465,25.59354793,0</coordinates></Point>
</Placemark>
<Placemark>
<name>3G</name>
<Point><coordinates>85.12116088,25.58110768,0</coordinates></Point>
</Placemark>
<Placemark>
<name>3G</name>
<Point><coordinates>85.06443078,25.44957859,0</coordinates></Point>
</Placemark>
<Placemark>
<name>4G</name>
<Point><coordinates>85.17489741,25.69819935,0</coordinates></Point>
</Placemark>
<Placemark>
<name>3G</name>
<Point><coordinates>85.2744527,25.69706374,0</coordinates></Point>
</Placemark>
<Placemark>
<name>4G</name>
<Point><coordinates>85.0410036,25.51045782,0</coordinates></Point>
</Placemark>
<Placemark>
<name>3G</name>
<Point><coordinates>85.11990573,25.57732327,0</coordinates></Point>
</Placemark>
<Placemark>
<name>LTE</name>
<Point><coordinates>85.11109708,25.7116287,0</coordinates></Point>
</Placemark>
<Placemark>
<name>4G</name>
<Point><coordinates>85.17814599,25.64163974,0</coordinates></Point>
</Placemark>
<Placemark>
<name>LTE</name>
<Point><coordinates>85.0793974,25.55031144,0</coordinates></Point>
</Placemark>
<Placemark>
<name>3G</name>
<Point><coordinates>84.98652889,25.53125481,0</coordinates></Point>
</Placemark>
<Placemark>
<name>3G</name>
<Point><coordinates>85.24363429,25.71481699,0</coordinates></Point>
</Placemark>
<Placemark>
<name>LTE</name>
<Point><coordinates>85.21911116,25.56542489,0</coordinates></Point>
</Placemark>
<Placemark>
<name>LTE</name>
<Point><coordinates>85.00549386,25.61519588,0</coordinates></Point>
</Placemark>
<Placemark>
<name>5G</name>
<Point><coordinates>85.11295854,25.44305159,0</coordinates></Point>
</Placemark>
<Placemark>
<name>4G</name>
<Point><coordinates>85.12075936,25.5773296,0</coordinates></Point>
</Placemark>
<Placemark>
<name>3G</name>
<Point><coordinates>85.1073738,25.54079256,0</coordinates></Point>
</Placemark>
<Placemark>
<name>LTE</name>
<Point><coordinates>85.20342212,25.61080415,0</coordinates></Point>
</Placemark>
<Placemark>
<name>3G</name>
<Point><coordinates>85.08832684,25.66846458,0</coordinates></Point>
</Placemark>
<Placemark>
<name>4G</name>
<Point><coordinates>85.26715244,25.48097629,0</coordinates></Point>
</Placemark>
<Placemark>
<name>4G</name>
<Point><coordinates>85.26937532,25.67060688,0</coordinates></Point>
</Placemark>
<Placemark>
<name>LTE</name>
<Point><coordinates>85.25029496,25.63998826,0</coordinates></Point>
</Placemark>
<Placemark>
<name>4G</name>
<Point><coordinates>84.97322019,25.55343505,0</coordinates></Point>
</Placemark>
<Placemark>
<name>LTE</name>
<Point><coordinates>85.21027801,25.62389748,0</coordinates></Point>
</Placemark>
<Placemark>
<name>LTE</name>
<Point><coordinates>85.19055375,25.76043515,0</coordinates></Point>
</Placemark>
<Placemark>
<name>LTE</name>
<Point><coordinates>85.14525441,25.68466453,0</coordinates></Point>
</Placemark>
<Placemark>
<name>3G</name>
<Point><coordinates>85.17221706,25.62351264,0</coordinates></Point>
</Placemark>
<Placemark>
<name>5G</name>
<Point><coordinates>85.06745139,25.60483217,0</coordinates></Point>
</Placemark>
<Placemark>
<name>LTE</name>
<Point><coordinates>85.22505253,25.46813454,0</coordinates></Point>
</Placemark>
<Placemark>
<name>4G</name>
<Point><coordinates>85.0495984,25.54651644,0</coordinates></Point>
</Placemark>
<Placemark>
<name>5G</name>
<Point><coordinates>85.10630637,25.67375543,0</coordinates></Point>
</Placemark>
<Placemark>
<name>LTE</name>
<Point><coordinates>85.27735729,25.58830416,0</coordinates></Point>
</Placemark>
<Placemark>
<name>5G</name>
<Point><coordinates>85.21445322,25.74860819,0</coordinates></Point>
</Placemark>
<Placemark>
<name>5G</name>
<Point><coordinates>85.13006625,25.4364007,0</coordinates></Point>
</Placemark>
<Placemark>
<name>LTE</name>
<Point><coordinates>85.08764389,25.66404323,0</coordinates></Point>
</Placemark>
<Placemark>
<name>4G</name>
<Point><coordinates>85.14973222,25.68772205,0</coordinates></Point>
</Placemark>
<Placemark>
<name>LTE</name>
<Point><coordinates>85.22088234,25.49739453,0</coordinates></Point>
</Placemark>
<Placemark>
<name>5G</name>
<Point><coordinates>85.01126058,25.48358759,0</coordinates></Point>
</Placemark>
<Placemark>
<name>5G</name>
<Point><coordinates>85.10818562,25.52791023,0</coordinates></Point>
</Placemark>
<Placemark>
<name>4G</name>
<Point><coordinates>85.06113362,25.43380547,0</coordinates></Point>
</Placemark>
<Placemark>
<name>LTE</name>
<Point><coordinates>85.11884773,25.54638633,0</coordinates></Point>
</Placemark>
<Placemark>
<name>3G</name>
<Point><coordinates>85.19069591,25.61812196,0</coordinates></Point>
</Placemark>
<Placemark>
<name>4G</name>
<Point><coordinates>85.03714565,25.51870877,0</coordinates></Point>
</Placemark>
<Placemark>
<name>3G</name>
<Point><coordinates>85.17049855,25.45236513,0</coordinates></Point>
</Placemark>
<Placemark>
<name>3G</name>
<Point><coordinates>85.25282587,25.67082402,0</coordinates></Point>
</Placemark>
<Placemark>
<name>LTE</name>
<Point><coordinates>85.12654215,25.42910441,0</coordinates></Point>
</Placemark>
<Placemark>
<name>3G</name>
<Point><coordinates>85.1710521,25.76822968,0</coordinates></Point>
</Placemark>
<Placemark>
<name>5G</name>
<Point><coordinates>85.25841489,25.51642413,0</coordinates></Point>
</Placemark>
<Placemark>
<name>4G</name>
<Point><coordinates>85.06094466,25.68960838,0</coordinates></Point>
</Placemark>
<Placemark>
<name>3G</name>
<Point><coordinates>85.21990863,25.64919294,0</coordinates></Point>
</Placemark>
<Placemark>
<name>3G</name>
<Point><coordinates>85.09206431,25.61594218,0</coordinates></Point>
</Placemark>
<Placemark>
<name>LTE</name>
<Point><coordinates>85.08578833,25.74467738,0</coordinates></Point>
</Placemark>
<Placemark>
<name>4G</name>
<Point><coordinates>85.0769073,25.69566905,0</coordinates></Point>
</Placemark>
<Placemark>
<name>5G</name>
<Point><coordinates>85.02982322,25.73500405,0</coordinates></Point>
</Placemark>
<Placemark>
<name>5G</name>
<Point><coordinates>85.10075775,25.66983429,0</coordinates></Point>
</Placemark>
<Placemark>
<name>LTE</name>
<Point><coordinates>85.16291324,25.4641037,0</coordinates></Point>
</Placemark>
<Placemark>
<name>5G</name>
<Point><coordinates>85.08301644,25.4888411,0</coordinates></Point>
</Placemark>
<Placemark>
<name>4G</name>
<Point><coordinates>85.17934799,25.64629339,0</coordinates></Point>
</Placemark>
<Placemark>
<name>3G</name>
<Point><coordinates>85.21727799,25.54351542,0</coordinates></Point>
</Placemark>
<Placemark>
<name>5G</name>
<Point><coordinates>85.23832414,25.64801308,0</coordinates></Point>
</Placemark>
<Placemark>
<name>LTE</name>
<Point><coordinates>85.11012786,25.71742126,0</coordinates></Point>
</Placemark>
<Placemark>
<name>5G</name>
<Point><coordinates>85.0307835,25.57528826,0</coordinates></Point>
</Placemark>
<Placemark>
<name>5G</name>
<Point><coordinates>85.15688983,25.54824378,0</coordinates></Point>
</Placemark>
<Placemark>
<name>LTE</name>
<Point><coordinates>85.01289464,25.6961099,0</coordinates></Point>
</Placemark>
<Placemark>
<name>5G</name>
<Point><coordinates>85.13796176,25.60730447,0</coordinates></Point>
</Placemark>
<Placemark>
<name>5G</name>
<Point><coordinates>85.19823064,25.58447092,0</coordinates></Point>
</Placemark>
<Placemark>
<name>5G</name>
<Point><coordinates>85.09067095,25.73612964,0</coordinates></Point>
</Placemark>
<Placemark>
<name>5G</name>
<Point><coordinates>85.24577234,25.54169426,0</coordinates></Point>
</Placemark>
<Placemark>
<name>4G</name>
<Point><coordinates>85.03550288,25.68806903,0</coordinates></Point>
</Placemark>
<Placemark>
<name>5G</name>
<Point><coordinates>85.05390398,25.71663979,0</coordinates></Point>
</Placemark>
<Placemark>
<name>3G</name>
<Point><coordinates>85.3132874,25.58344762,0</coordinates></Point>
</Placemark>
<Placemark>
<name>4G</name>
<Point><coordinates>85.11112166,25.53947849,0</coordinates></Point>
</Placemark>
<Placemark>
<name>4G</name>
<Point><coordinates>85.08144965,25.4635703,0</coordinates></Point>
</Placemark>
<Placemark>
<name>4G</name>
<Point><coordinates>85.1276702,25.73852657,0</coordinates></Point>
</Placemark>
<Placemark>
<name>4G</name>
<Point><coordinates>85.26387375,25.61032936,0</coordinates></Point>
</Placemark>
<Placemark>
<name>LTE</name>
<Point><coordinates>85.176932,25.755684,0</coordinates></Point>
</Placemark>
<Placemark>
<name>LTE</name>
<Point><coordinates>85.2149587,25.60702647,0</coordinates></Point>
</Placemark>
<Placemark>
<name>3G</name>
<Point><coordinates>85.00962815,25.58426692,0</coordinates></Point>
</Placemark>
<Placemark>
<name>4G</name>
<Point><coordinates>85.2144271,25.47832326,0</coordinates></Point>
</Placemark>
<Placemark>
<name>5G</name>
<Point><coordinates>85.06399493,25.67045559,0</coordinates></Point>
</Placemark>
<Placemark>
<name>3G</name>
<Point><coordinates>85.16266462,25.46108015,0</coordinates></Point>
</Placemark>
<Placemark>
<name>3G</name>
<Point><coordinates>85.21254442,25.70707759,0</coordinates></Point>
</Placemark>
<Placemark>
<name>LTE</name>
<Point><coordinates>85.30589215,25.56931327,0</coordinates></Point>
</Placemark>
<Placemark>
<name>3G</name>
<Point><coordinates>85.14464146,25.66870998,0</coordinates></Point>
</Placemark>
<Placemark>
<name>LTE</name>
<Point><coordinates>85.14011182,25.60502581,0</coordinates></Point>
</Placemark>
<Placemark>
<name>3G</name>
<Point><coordinates>85.00029542,25.67676707,0</coordinates></Point>
</Placemark>
<Placemark>
<name>3G</name>
<Point><coordinates>85.22309554,25.47377654,0</coordinates></Point>
</Placemark>
<Placemark>
<name>4G</name>
<Point><coordinates>85.21795913,25.73475357,0</coordinates></Point>
</Placemark>
<Placemark>
<name>3G</name>
<Point><coordinates>85.21064959,25.48239397,0</coordinates></Point>
</Placemark>
<Placemark>
<name>5G</name>
<Point><coordinates>85.30635659,25.56345413,0</coordinates></Point>
</Placemark>
<Placemark>
<name>3G</name>
<Point><coordinates>85.198083,25.44890826,0</coordinates></Point>
</Placemark>
<Placemark>
<name>5G</name>
<Point><coordinates>85.20300768,25.68385508,0</coordinates></Point>
</Placemark>
<Placemark>
<name>LTE</name>
<Point><coordinates>85.29312075,25.57863759,0</coordinates></Point>
</Placemark>
<Placemark>
<name>5G</name>
<Point><coordinates>85.16982924,25.52303766,0</coordinates></Point>
</Placemark>
<Placemark>
<name>LTE</name>
<Point><coordinates>85.04687308,25.5928961,0</coordinates></Point>
</Placemark>
<Placemark>
<name>4G</name>
<Point><coordinates>85.2058413,25.5841637,0</coordinates></Point>
</Placemark>
<Placemark>
<name>4G</name>
<Point><coordinates>85.10563098,25.69733973,0</coordinates></Point>
</Placemark>
<Placemark>
<name>3G</name>
<Point><coordinates>85.24182832,25.68997884,0</coordinates></Point>
</Placemark>
<Placemark>
<name>LTE</name>
<Point><coordinates>85.17795922,25.69856547,0</coordinates></Point>
</Placemark>
<Placemark>
<name>5G</name>
<Point><coordinates>85.21265576,25.67734479,0</coordinates></Point>
</Placemark>
<Placemark>
<name>3G</name>
<Point><coordinates>85.2258371,25.59518976,0</coordinates></Point>
</Placemark>
<Placemark>
<name>4G</name>
<Point><coordinates>85.05282818,25.5065179,0</coordinates></Point>
</Placemark>
<Placemark>
<name>LTE</name>
<Point><coordinates>85.21201067,25.72553278,0</coordinates></Point>
</Placemark>
<Placemark>
<name>5G</name>
<Point><coordinates>85.05932285,25.57205918,0</coordinates></Point>
</Placemark>
<Placemark>
<name>LTE</name>
<Point><coordinates>85.17737025,25.53828067,0</coordinates></Point>
</Placemark>
<Placemark>
<name>LTE</name>
<Point><coordinates>85.21792357,25.47024667,0</coordinates></Point>
</Placemark>
<Placemark>
<name>4G</name>
<Point><coordinates>85.02459518,25.51126194,0</coordinates></Point>
</Placemark>
<Placemark>
<name>LTE</name>
<Point><coordinates>85.00123633,25.53407147,0</coordinates></Point>
</Placemark>
<Placemark>
<name>3G</name>
<Point><coordinates>85.19985054,25.52364431,0</coordinates></Point>
</Placemark>
<Placemark>
<name>4G</name>
<Point><coordinates>85.14895665,25.64988115,0</coordinates></Point>
</Placemark>
<Placemark>
<name>LTE</name>
<Point><coordinates>85.0544657,25.72485647,0</coordinates></Point>
</Placemark>
<Placemark>
<name>3G</name>
<Point><coordinates>85.20579437,25.6822114,0</coordinates></Point>
</Placemark>
<Placemark>
<name>3G</name>
<Point><coordinates>85.28653541,25.61403047,0</coordinates></Point>
</Placemark>
<Placemark>
<name>5G</name>
<Point><coordinates>85.21006849,25.6146014,0</coordinates></Point>
</Placemark>
<Placemark>
<name>3G</name>
<Point><coordinates>85.0851598,25.63696742,0</coordinates></Point>
</Placemark>
<Placemark>
<name>LTE</name>
<Point><coordinates>85.2564593,25.64435979,0</coordinates></Point>
</Placemark>
<Placemark>
<name>LTE</name>
<Point><coordinates>85.10123325,25.74791656,0</coordinates></Point>
</Placemark>
<Placemark>
<name>3G</name>
<Point><coordinates>85.16538616,25.68788302,0</coordinates></Point>
</Placemark>
<Placemark>
<name>5G</name>
<Point><coordinates>85.03293394,25.48399347,0</coordinates></Point>
</Placemark>
<Placemark>
<name>5G</name>
<Point><coordinates>85.00123261,25.68391586,0</coordinates></Point>
</Placemark>
<Placemark>
<name>LTE</name>
<Point><coordinates>85.23508506,25.52718487,0</coordinates></Point>
</Placemark>
<Placemark>
<name>4G</name>
<Point><coordinates>85.05198382,25.58268574,0</coordinates></Point>
</Placemark>
<Placemark>
<name>4G</name>
<Point><coordinates>85.13694561,25.71718079,0</coordinates></Point>
</Placemark>
<Placemark>
<name>4G</name>
<Point><coordinates>84.96304429,25.55548683,0</coordinates></Point>
</Placemark>
<Placemark>
<name>3G</name>
<Point><coordinates>85.0843325,25.70526328,0</coordinates></Point>
</Placemark>
<Placemark>
<name>LTE</name>
<Point><coordinates>85.2042802,25.47013625,0</coordinates></Point>
</Placemark>
<Placemark>
<name>LTE</name>
<Point><coordinates>85.24782049,25.51279141,0</coordinates></Point>
</Placemark>
<Placemark>
<name>5G</name>
<Point><coordinates>85.19559413,25.70900304,0</coordinates></Point>
</Placemark>
<Placemark>
<name>3G</name>
<Point><coordinates>85.20332501,25.45014031,0</coordinates></Point>
</Placemark>
<Placemark>
<name>LTE</name>
<Point><coordinates>85.26479544,25.54992063,0</coordinates></Point>
</Placemark>
<Placemark>
<name>LTE</name>
<Point><coordinates>85.24987858,25.72053573,0</coordinates></Point>
</Placemark>
<Placemark>
<name>5G</name>
<Point><coordinates>85.25121084,25.56012142,0</coordinates></Point>
</Placemark>
<Placemark>
<name>3G</name>
<Point><coordinates>85.17885358,25.72234349,0</coordinates></Point>
</Placemark>
<Placemark>
<name>5G</name>
<Point><coordinates>85.19118483,25.55826157,0</coordinates></Point>
</Placemark>
<Placemark>
<name>LTE</name>
<Point><coordinates>85.20084021,25.74201246,0</coordinates></Point>
</Placemark>
<Placemark>
<name>LTE</name>
<Point><coordinates>85.03546275,25.52124213,0</coordinates></Point>
</Placemark>
<Placemark>
<name>3G</name>
<Point><coordinates>85.23425184,25.68155987,0</coordinates></Point>
</Placemark>
<Placemark>
<name>4G</name>
<Point><coordinates>85.17690993,25.45830666,0</coordinates></Point>
</Placemark>
<Placemark>
<name>5G</name>
<Point><coordinates>85.10420499,25.75796556,0</coordinates></Point>
</Placemark>
<Placemark>
<name>4G</name>
<Point><coordinates>85.24103668,25.60680165,0</coordinates></Point>
</Placemark>
<Placemark>
<name>4G</name>
<Point><coordinates>85.23760448,25.58667525,0</coordinates></Point>
</Placemark>
<Placemark>
<name>4G</name>
<Point><coordinates>85.00542933,25.58307008,0</coordinates></Point>
</Placemark>
<Placemark>
<name>LTE</name>
<Point><coordinates>85.11272078,25.53755112,0</coordinates></Point>
</Placemark>
<Placemark>
<name>5G</name>
<Point><coordinates>85.09985582,25.43204721,0</coordinates></Point>
</Placemark>
<Placemark>
<name>5G</name>
<Point><coordinates>85.23248937,25.46528926,0</coordinates></Point>
</Placemark>
<Placemark>
<name>LTE</name>
<Point><coordinates>85.17314699,25.72695992,0</coordinates></Point>
</Placemark>
<Placemark>
<name>LTE</name>
<Point><coordinates>85.09439923,25.54839523,0</coordinates></Point>
</Placemark>
<Placemark>
<name>3G</name>
<Point><coordinates>85.0058972,25.47548812,0</coordinates></Point>
</Placemark>
<Placemark>
<name>5G</name>
<Point><coordinates>84.9977119,25.63356929,0</coordinates></Point>
</Placemark>
<Placemark>
<name>4G</name>
<Point><coordinates>85.09080344,25.4647439,0</coordinates></Point>
</Placemark>
<Placemark>
<name>5G</name>
<Point><coordinates>85.13801043,25.45312403,0</coordinates></Point>
</Placemark>
<Placemark>
<name>3G</name>
<Point><coordinates>85.21197513,25.44338457,0</coordinates></Point>
</Placemark>
<Placemark>
<name>LTE</name>
<Point><coordinates>85.26144785,25.67718775,0</coordinates></Point>
</Placemark>
<Placemark>
<name>4G</name>
<Point><coordinates>85.25338108,25.62649409,0</coordinates></Point>
</Placemark>
<Placemark>
<name>5G</name>
<Point><coordinates>84.98070588,25.53837111,0</coordinates></Point>
</Placemark>
<Placemark>
<name>4G</name>
<Point><coordinates>85.09373295,25.65429277,0</coordinates></Point>
</Placemark>
<Placemark>
<name>5G</name>
<Point><coordinates>85.03363317,25.67320856,0</coordinates></Point>
</Placemark>
<Placemark>
<name>4G</name>
<Point><coordinates>85.05971996,25.71096835,0</coordinates></Point>
</Placemark>
<Placemark>
<name>4G</name>
<Point><coordinates>85.24566867,25.49164435,0</coordinates></Point>
</Placemark>
<Placemark>
<name>4G</name>
<Point><coordinates>85.1931378,25.66955175,0</coordinates></Point>
</Placemark>
<Placemark>
<name>5G</name>
<Point><coordinates>84.97874483,25.61026494,0</coordinates></Point>
</Placemark>
<Placemark>
<name>4G</name>
<Point><coordinates>85.20855553,25.75645703,0</coordinates></Point>
</Placemark>
<Placemark>
<name>4G</name>
<Point><coordinates>84.98197753,25.61972602,0</coordinates></Point>
</Placemark>
<Placemark>
<name>5G</name>
<Point><coordinates>85.08084563,25.53554946,0</coordinates></Point>
</Placemark>
<Placemark>
<name>LTE</name>
<Point><coordinates>85.22941759,25.70030038,0</coordinates></Point>
</Placemark>
<Placemark>
<name>LTE</name>
<Point><coordinates>85.04297543,25.50461567,0</coordinates></Point>
</Placemark>
<Placemark>
<name>LTE</name>
<Point><coordinates>85.09330697,25.436093,0</coordinates></Point>
</Placemark>
<Placemark>
<name>4G</name>
<Point><coordinates>85.18950649,25.66958679,0</coordinates></Point>
</Placemark>
<Placemark>
<name>LTE</name>
<Point><coordinates>85.23933126,25.66206874,0</coordinates></Point>
</Placemark>
<Placemark>
<name>5G</name>
<Point><coordinates>85.07695724,25.55560271,0</coordinates></Point>
</Placemark>
<Placemark>
<name>5G</name>
<Point><coordinates>85.12190774,25.49172243,0</coordinates></Point>
</Placemark>
<Placemark>
<name>LTE</name>
<Point><coordinates>85.21711029,25.61015713,0</coordinates></Point>
</Placemark>
<Placemark>
<name>4G</name>
<Point><coordinates>85.16536783,25.70888933,0</coordinates></Point>
</Placemark>
<Placemark>
<name>LTE</name>
<Point><coordinates>85.00470239,25.68488575,0</coordinates></Point>
</Placemark>
<Placemark>
<name>LTE</name>
<Point><coordinates>85.13198004,25.61383055,0</coordinates></Point>
</Placemark>
<Placemark>
<name>LTE</name>
<Point><coordinates>85.00566288,25.57823039,0</coordinates></Point>
</Placemark>
<Placemark>
<name>LTE</name>
<Point><coordinates>85.08853618,25.5794225,0</coordinates></Point>
</Placemark>
<Placemark>
<name>5G</name>
<Point><coordinates>85.11670445,25.75039697,0</coordinates></Point>
</Placemark>
<Placemark>
<name>LTE</name>
<Point><coordinates>85.18697324,25.76446504,0</coordinates></Point>
</Placemark>
<Placemark>
<name>4G</name>
<Point><coordinates>84.97203368,25.66353052,0</coordinates></Point>
</Placemark>
<Placemark>
<name>3G</name>
<Point><coordinates>84.98675588,25.54295636,0</coordinates></Point>
</Placemark>
<Placemark>
<name>4G</name>
<Point><coordinates>85.12354173,25.53993921,0</coordinates></Point>
</Placemark>
<Placemark>
<name>LTE</name>
<Point><coordinates>85.05491356,25.74101315,0</coordinates></Point>
</Placemark>
<Placemark>
<name>LTE</name>
<Point><coordinates>85.123178,25.64658872,0</coordinates></Point>
</Placemark>
<Placemark>
<name>5G</name>
<Point><coordinates>85.24131545,25.55653931,0</coordinates></Point>
</Placemark>
<Placemark>
<name>3G</name>
<Point><coordinates>85.04026045,25.69394256,0</coordinates></Point>
</Placemark>
<Placemark>
<name>3G</name>
<Point><coordinates>85.0378539,25.71858472,0</coordinates></Point>
</Placemark>
<Placemark>
<name>3G</name>
<Point><coordinates>85.23289593,25.68721136,0</coordinates></Point>
</Placemark>
<Placemark>
<name>4G</name>
<Point><coordinates>85.11490921,25.77035118,0</coordinates></Point>
</Placemark>
<Placemark>
<name>LTE</name>
<Point><coordinates>85.1521502,25.50408536,0</coordinates></Point>
</Placemark>
<Placemark>
<name>4G</name>
<Point><coordinates>85.2464678,25.69669654,0</coordinates></Point>
</Placemark>
<Placemark>
<name>5G</name>
<Point><coordinates>85.04901009,25.55916148,0</coordinates></Point>
</Placemark>
<Placemark>
<name>LTE</name>
<Point><coordinates>85.10661167,25.4307688,0</coordinates></Point>
</Placemark>
<Placemark>
<name>5G</name>
<Point><coordinates>84.96612737,25.5954324,0</coordinates></Point>
</Placemark>
<Placemark>
<name>4G</name>
<Point><coordinates>85.26365224,25.67913303,0</coordinates></Point>
</Placemark>
<Placemark>
<name>3G</name>
<Point><coordinates>85.04005374,25.64248039,0</coordinates></Point>
</Placemark>
<Placemark>
<name>4G</name>
<Point><coordinates>85.21483139,25.5819558,0</coordinates></Point>
</Placemark>
<Placemark>
<name>5G</name>
<Point><coordinates>85.22248188,25.65260481,0</coordinates></Point>
</Placemark>
<Placemark>
<name>LTE</name>
<Point><coordinates>85.24984732,25.72694108,0</coordinates></Point>
</Placemark>
<Placemark>
<name>3G</name>
<Point><coordinates>84.96900183,25.584053,0</coordinates></Point>
</Placemark>
<Placemark>
<name>4G</name>
<Point><coordinates>84.99036171,25.58533736,0</coordinates></Point>
</Placemark>
<Placemark>
<name>LTE</name>
<Point><coordinates>85.11940932,25.58393009,0</coordinates></Point>
</Placemark>
<Placemark>
<name>3G</name>
<Point><coordinates>85.12679869,25.5450778,0</coordinates></Point>
</Placemark>
<Placemark>
<name>LTE</name>
<Point><coordinates>85.0577975,25.73191176,0</coordinates></Point>
</Placemark>
<Placemark>
<name>3G</name>
<Point><coordinates>85.08623017,25.56840467,0</coordinates></Point>
</Placemark>
<Placemark>
<name>5G</name>
<Point><coordinates>85.25383997,25.69475162,0</coordinates></Point>
</Placemark>
<Placemark>
<name>5G</name>
<Point><coordinates>85.22504836,25.73365735,0</coordinates></Point>
</Placemark>
<Placemark>
<name>4G</name>
<Point><coordinates>85.09086021,25.71323462,0</coordinates></Point>
</Placemark>
<Placemark>
<name>3G</name>
<Point><coordinates>84.98949456,25.68328697,0</coordinates></Point>
</Placemark>
<Placemark>
<name>4G</name>
<Point><coordinates>85.05443286,25.55241753,0</coordinates></Point>
</Placemark>
<Placemark>
<name>LTE</name>
<Point><coordinates>85.12259285,25.72263474,0</coordinates></Point>
</Placemark>
<Placemark>
<name>LTE</name>
<Point><coordinates>85.27747204,25.61605526,0</coordinates></Point>
</Placemark>
<Placemark>
<name>LTE</name>
<Point><coordinates>85.01448139,25.69613299,0</coordinates></Point>
</Placemark>
<Placemark>
<name>3G</name>
<Point><coordinates>85.26558499,25.60605472,0</coordinates></Point>
</Placemark>
<Placemark>
<name>LTE</name>
<Point><coordinates>85.2138986,25.60902634,0</coordinates></Point>
</Placemark>
<Placemark>
<name>4G</name>
<Point><coordinates>85.28784108,25.63383934,0</coordinates></Point>
</Placemark>
<Placemark>
<name>LTE</name>
<Point><coordinates>85.27077617,25.64943148,0</coordinates></Point>
</Placemark>
<Placemark>
<name>3G</name>
<Point><coordinates>85.15387577,25.62269015,0</coordinates></Point>
</Placemark>
<Placemark>
<name>4G</name>
<Point><coordinates>85.11052554,25.71942778,0</coordinates></Point>
</Placemark>
<Placemark>
<name>5G</name>
<Point><coordinates>85.15548703,25.43169938,0</coordinates></Point>
</Placemark>
<Placemark>
<name>3G</name>
<Point><coordinates>85.19599794,25.44765746,0</coordinates></Point>
</Placemark>
<Placemark>
<name>4G</name>
<Point><coordinates>85.04684425,25.47950186,0</coordinates></Point>
</Placemark>
<Placemark>
<name>LTE</name>
<Point><coordinates>85.06972411,25.60807744,0</coordinates></Point>
</Placemark>
<Placemark>
<name>LTE</name>
<Point><coordinates>85.00073408,25.66570278,0</coordinates></Point>
</Placemark>
<Placemark>
<name>LTE</name>
<Point><coordinates>85.0412632,25.57006985,0</coordinates></Point>
</Placemark>
<Placemark>
<name>5G</name>
<Point><coordinates>85.24897802,25.72838791,0</coordinates></Point>
</Placemark>
<Placemark>
<name>3G</name>
<Point><coordinates>85.05372941,25.67096148,0</coordinates></Point>
</Placemark>
<Placemark>
<name>5G</name>
<Point><coordinates>85.18458279,25.48595871,0</coordinates></Point>
</Placemark>
<Placemark>
<name>5G</name>
<Point><coordinates>85.00785407,25.56766199,0</coordinates></Point>
</Placemark>
<Placemark>
<name>5G</name>
<Point><coordinates>85.1360147,25.76685103,0</coordinates></Point>
</Placemark>
<Placemark>
<name>LTE</name>
<Point><coordinates>85.06141753,25.52568041,0</coordinates></Point>
</Placemark>
<Placemark>
<name>LTE</name>
<Point><coordinates>85.08318422,25.5106273,0</coordinates></Point>
</Placemark>
<Placemark>
<name>4G</name>
<Point><coordinates>84.99265511,25.51801647,0</coordinates></Point>
</Placemark>
<Placemark>
<name>5G</name>
<Point><coordinates>85.15308999,25.7286556,0</coordinates></Point>
</Placemark>
<Placemark>
<name>4G</name>
<Point><coordinates>85.15088301,25.43103523,0</coordinates></Point>
</Placemark>
<Placemark>
<name>4G</name>
<Point><coordinates>85.28458296,25.55824245,0</coordinates></Point>
</Placemark>
<Placemark>
<name>LTE</name>
<Point><coordinates>85.18828301,25.61348663,0</coordinates></Point>
</Placemark>
<Placemark>
<name>3G</name>
<Point><coordinates>85.0590805,25.67301841,0</coordinates></Point>
</Placemark>
<Placemark>
<name>5G</name>
<Point><coordinates>85.22098331,25.4894109,0</coordinates></Point>
</Placemark>
<Placemark>
<name>LTE</name>
<Point><coordinates>85.18274955,25.53162451,0</coordinates></Point>
</Placemark>
<Placemark>
<name>3G</name>
<Point><coordinates>85.04606667,25.45615074,0</coordinates></Point>
</Placemark>
<Placemark>
<name>4G</name>
<Point><coordinates>85.09715965,25.57220352,0</coordinates></Point>
</Placemark>
<Placemark>
<name>4G</name>
<Point><coordinates>85.13119704,25.719555,0</coordinates></Point>
</Placemark>
<Placemark>
<name>4G</name>
<Point><coordinates>85.06445061,25.61252069,0</coordinates></Point>
</Placemark>
<Placemark>
<name>LTE</name>
<Point><coordinates>85.23098651,25.475884,0</coordinates></Point>
</Placemark>
<Placemark>
<name>LTE</name>
<Point><coordinates>85.08472925,25.56780877,0</coordinates></Point>
</Placemark>
<Placemark>
<name>5G</name>
<Point><coordinates>85.23858802,25.62116725,0</coordinates></Point>
</Placemark>
<Placemark>
<name>3G</name>
<Point><coordinates>85.22639593,25.4806306,0</coordinates></Point>
</Placemark>
<Placemark>
<name>3G</name>
<Point><coordinates>85.0754207,25.5055044,0</coordinates></Point>
</Placemark>
<Placemark>
<name>4G</name>
<Point><coordinates>85.04385624,25.48579057,0</coordinates></Point>
</Placemark>
<Placemark>
<name>5G</name>
<Point><coordinates>84.97854061,25.6025463,0</coordinates></Point>
</Placemark>
<Placemark>
<name>3G</name>
<Point><coordinates>85.18572693,25.52138845,0</coordinates></Point>
</Placemark>
<Placemark>
<name>3G</name>
<Point><coordinates>84.98466792,25.65792036,0</coordinates></Point>
</Placemark>
<Placemark>
<name>4G</name>
<Point><coordinates>85.00391885,25.66985576,0</coordinates></Point>
</Placemark>
<Placemark>
<name>LTE</name>
<Point><coordinates>85.00629848,25.65581049,0</coordinates></Point>
</Placemark>
<Placemark>
<name>3G</name>
<Point><coordinates>85.25836863,25.71306531,0</coordinates></Point>
</Placemark>
<Placemark>
<name>4G</name>
<Point><coordinates>85.19831341,25.56314114,0</coordinates></Point>
</Placemark>
<Placemark>
<name>5G</name>
<Point><coordinates>85.2012597,25.43620582,0</coordinates></Point>
</Placemark>
<Placemark>
<name>5G</name>
<Point><coordinates>85.19724076,25.56295265,0</coordinates></Point>
</Placemark>
<Placemark>
<name>3G</name>
<Point><coordinates>85.0654495,25.52779021,0</coordinates></Point>
</Placemark>
<Placemark>
<name>3G</name>
<Point><coordinates>85.14610732,25.4586815,0</coordinates></Point>
</Placemark>
<Placemark>
<name>4G</name>
<Point><coordinates>85.03751485,25.65877355,0</coordinates></Point>
</Placemark>
<Placemark>
<name>3G</name>
<Point><coordinates>85.12737422,25.44166709,0</coordinates></Point>
</Placemark>
<Placemark>
<name>3G</name>
<Point><coordinates>85.01892577,25.56094185,0</coordinates></Point>
</Placemark>
<Placemark>
<name>5G</name>
<Point><coordinates>85.11102984,25.54432676,0</coordinates></Point>
</Placemark>
<Placemark>
<name>4G</name>
<Point><coordinates>85.19468295,25.66366232,0</coordinates></Point>
</Placemark>
<Placemark>
<name>LTE</name>
<Point><coordinates>85.14243468,25.51183123,0</coordinates></Point>
</Placemark>
<Placemark>
<name>5G</name>
<Point><coordinates>85.01432892,25.640258,0</coordinates></Point>
</Placemark>
<Placemark>
<name>LTE</name>
<Point><coordinates>85.07674719,25.52732277,0</coordinates></Point>
</Placemark>
<Placemark>
<name>LTE</name>
<Point><coordinates>85.30684326,25.6497627,0</coordinates></Point>
</Placemark>
<Placemark>
<name>LTE</name>
<Point><coordinates>85.23645204,25.56904077,0</coordinates></Point>
</Placemark>
<Placemark>
<name>LTE</name>
<Point><coordinates>85.01117959,25.60044441,0</coordinates></Point>
</Placemark>
<Placemark>
<name>4G</name>
<Point><coordinates>84.99349074,25.48722086,0</coordinates></Point>
</Placemark>
<Placemark>
<name>4G</name>
<Point><coordinates>85.30190234,25.66662986,0</coordinates></Point>
</Placemark>
<Placemark>
<name>5G</name>
<Point><coordinates>85.11078227,25.7284926,0</coordinates></Point>
</Placemark>
<Placemark>
<name>LTE</name>
<Point><coordinates>85.08320564,25.76285633,0</coordinates></Point>
</Placemark>
<Placemark>
<name>LTE</name>
<Point><coordinates>85.12219899,25.69585142,0</coordinates></Point>
</Placemark>
<Placemark>
<name>3G</name>
<Point><coordinates>85.02482988,25.66940703,0</coordinates></Point>
</Placemark>
<Placemark>
<name>3G</name>
<Point><coordinates>85.02150122,25.56866395,0</coordinates></Point>
</Placemark>
<Placemark>
<name>4G</name>
<Point><coordinates>85.28684867,25.6874432,0</coordinates></Point>
</Placemark>
<Placemark>
<name>3G</name>
<Point><coordinates>85.0396953,25.48726423,0</coordinates></Point>
</Placemark>
<Placemark>
<name>5G</name>
<Point><coordinates>85.1968735,25.67654207,0</coordinates></Point>
</Placemark>
<Placemark>
<name>3G</name>
<Point><coordinates>85.07785472,25.69602888,0</coordinates></Point>
</Placemark>
<Placemark>
<name>5G</name>
<Point><coordinates>85.07554703,25.75305167,0</coordinates></Point>
</Placemark>
<Placemark>
<name>4G</name>
<Point><coordinates>85.23958939,25.4902099,0</coordinates></Point>
</Placemark>
<Placemark>
<name>LTE</name>
<Point><coordinates>85.15363292,25.4735444,0</coordinates></Point>
</Placemark>
<Placemark>
<name>LTE</name>
<Point><coordinates>85.04544438,25.56025647,0</coordinates></Point>
</Placemark>
<Placemark>
<name>5G</name>
<Point><coordinates>85.0487764,25.62109121,0</coordinates></Point>
</Placemark>
<Placemark>
<name>5G</name>
<Point><coordinates>85.15122822,25.71333693,0</coordinates></Point>
</Placemark>
<Placemark>
<name>4G</name>
<Point><coordinates>85.26834949,25.66492369,0</coordinates></Point>
</Placemark>
<Placemark>
<name>LTE</name>
<Point><coordinates>85.22753381,25.53398189,0</coordinates></Point>
</Placemark>
<Placemark>
<name>3G</name>
<Point><coordinates>85.08443671,25.61732713,0</coordinates></Point>
</Placemark>
<Placemark>
<name>3G</name>
<Point><coordinates>85.17545398,25.4545678,0</coordinates></Point>
</Placemark>
<Placemark>
<name>5G</name>
<Point><coordinates>85.0342244,25.59696569,0</coordinates></Point>
</Placemark>
<Placemark>
<name>4G</name>
<Point><coordinates>85.18379936,25.5922555,0</coordinates></Point>
</Placemark>
<Placemark>
<name>LTE</name>
<Point><coordinates>85.19187688,25.52470908,0</coordinates></Point>
</Placemark>
<Placemark>
<name>LTE</name>
<Point><coordinates>85.023265,25.52011803,0</coordinates></Point>
</Placemark>
<Placemark>
<name>3G</name>
<Point><coordinates>85.26490866,25.57398418,0</coordinates></Point>
</Placemark>
<Placemark>
<name>LTE</name>
<Point><coordinates>85.16957789,25.57822715,0</coordinates></Point>
</Placemark>
<Placemark>
<name>3G</name>
<Point><coordinates>85.208546,25.59933298,0</coordinates></Point>
</Placemark>
<Placemark>
<name>3G</name>
<Point><coordinates>85.21952752,25.68808037,0</coordinates></Point>
</Placemark>
<Placemark>
<name>5G</name>
<Point><coordinates>85.15896211,25.72242501,0</coordinates></Point>
</Placemark>
<Placemark>
<name>5G</name>
<Point><coordinates>84.99920476,25.57100973,0</coordinates></Point>
</Placemark>
<Placemark>
<name>LTE</name>
<Point><coordinates>85.08924365,25.64665726,0</coordinates></Point>
</Placemark>
<Placemark>
<name>4G</name>
<Point><coordinates>85.2679858,25.61764868,0</coordinates></Point>
</Placemark>
<Placemark>
<name>3G</name>
<Point><coordinates>85.12045112,25.68234174,0</coordinates></Point>
</Placemark>
<Placemark>
<name>4G</name>
<Point><coordinates>85.05111348,25.67147158,0</coordinates></Point>
</Placemark>
<Placemark>
<name>4G</name>
<Point><coordinates>85.06700193,25.62914841,0</coordinates></Point>
</Placemark>
<Placemark>
<name>3G</name>
<Point><coordinates>85.04756794,25.48217897,0</coordinates></Point>
</Placemark>
<Placemark>
<name>4G</name>
<Point><coordinates>85.24476916,25.71770444,0</coordinates></Point>
</Placemark>
<Placemark>
<name>5G</name>
<Point><coordinates>85.23578059,25.61477434,0</coordinates></Point>
</Placemark>
<Placemark>
<name>5G</name>
<Point><coordinates>85.0445001,25.56931353,0</coordinates></Point>
</Placemark>
<Placemark>
<name>LTE</name>
<Point><coordinates>85.0512402,25.45651947,0</coordinates></Point>
</Placemark>
<Placemark>
<name>LTE</name>
<Point><coordinates>85.14266244,25.70140161,0</coordinates></Point>
</Placemark>
<Placemark>
<name>LTE</name>
<Point><coordinates>85.23824164,25.53854605,0</coordinates></Point>
</Placemark>
<Placemark>
<name>5G</name>
<Point><coordinates>85.17909382,25.5952521,0</coordinates></Point>
</Placemark>
<Placemark>
<name>4G</name>
<Point><coordinates>85.09897993,25.70074232,0</coordinates></Point>
</Placemark>
<Placemark>
<name>LTE</name>
<Point><coordinates>85.24742981,25.7317872,0</coordinates></Point>
</Placemark>
<Placemark>
<name>4G</name>
<Point><coordinates>84.99335628,25.6565463,0</coordinates></Point>
</Placemark>
<Placemark>
<name>5G</name>
<Point><coordinates>85.24899827,25.55160348,0</coordinates></Point>
</Placemark>
<Placemark>
<name>4G</name>
<Point><coordinates>85.18733727,25.73559274,0</coordinates></Point>
</Placemark>
<Placemark>
<name>LTE</name>
<Point><coordinates>85.14164837,25.67023814,0</coordinates></Point>
</Placemark>
<Placemark>
<name>3G</name>
<Point><coordinates>85.23888845,25.65273741,0</coordinates></Point>
</Placemark>
<Placemark>
<name>4G</name>
<Point><coordinates>85.14914169,25.48323389,0</coordinates></Point>
</Placemark>
<Placemark>
<name>4G</name>
<Point><coordinates>84.97367639,25.52472731,0</coordinates></Point>
</Placemark>
<Placemark>
<name>3G</name>
<Point><coordinates>85.05468131,25.73002915,0</coordinates></Point>
</Placemark>
<Placemark>
<name>4G</name>
<Point><coordinates>85.17291892,25.73083251,0</coordinates></Point>
</Placemark>
<Placemark>
<name>3G</name>
<Point><coordinates>85.10486552,25.69760942,0</coordinates></Point>
</Placemark>
<Placemark>
<name>3G</name>
<Point><coordinates>85.17131009,25.53148223,0</coordinates></Point>
</Placemark>
<Placemark>
<name>4G</name>
<Point><coordinates>85.10816089,25.66416197,0</coordinates></Point>
</Placemark>
<Placemark>
<name>4G</name>
<Point><coordinates>85.07343836,25.43359302,0</coordinates></Point>
</Placemark>
<Placemark>
<name>4G</name>
<Point><coordinates>85.25255352,25.7048339,0</coordinates></Point>
</Placemark>
<Placemark>
<name>3G</name>
<Point><coordinates>85.04630588,25.49752377,0</coordinates></Point>
</Placemark>
<Placemark>
<name>LTE</name>
<Point><coordinates>85.04572558,25.74480583,0</coordinates></Point>
</Placemark>
<Placemark>
<name>5G</name>
<Point><coordinates>85.18261477,25.75594802,0</coordinates></Point>
</Placemark>
<Placemark>
<name>3G</name>
<Point><coordinates>85.31063706,25.60331408,0</coordinates></Point>
</Placemark>
<Placemark>
<name>5G</name>
<Point><coordinates>85.05965518,25.45492273,0</coordinates></Point>
</Placemark>
<Placemark>
<name>3G</name>
<Point><coordinates>85.13642501,25.45281898,0</coordinates></Point>
</Placemark>
<Placemark>
<name>4G</name>
<Point><coordinates>84.99036676,25.6535661,0</coordinates></Point>
</Placemark>
<Placemark>
<name>4G</name>
<Point><coordinates>85.16723109,25.46242298,0</coordinates></Point>
</Placemark>
<Placemark>
<name>LTE</name>
<Point><coordinates>85.29170646,25.58606425,0</coordinates></Point>
</Placemark>
<Placemark>
<name>5G</name>
<Point><coordinates>85.06309843,25.6450107,0</coordinates></Point>
</Placemark>
<Placemark>
<name>4G</name>
<Point><coordinates>85.16438869,25.6071555,0</coordinates></Point>
</Placemark>
<Placemark>
<name>3G</name>
<Point><coordinates>85.15961615,25.53337142,0</coordinates></Point>
</Placemark>
<Placemark>
<name>LTE</name>
<Point><coordinates>85.13382105,25.49525361,0</coordinates></Point>
</Placemark>
<Placemark>
<name>5G</name>
<Point><coordinates>85.19494192,25.65903366,0</coordinates></Point>
</Placemark>
<Placemark>
<name>LTE</name>
<Point><coordinates>85.11615226,25.57015171,0</coordinates></Point>
</Placemark>
<Placemark>
<name>4G</name>
<Point><coordinates>85.00094904,25.48748328,0</coordinates></Point>
</Placemark>
<Placemark>
<name>LTE</name>
<Point><coordinates>85.29684498,25.55922126,0</coordinates></Point>
</Placemark>
<Placemark>
<name>4G</name>
<Point><coordinates>85.26425825,25.6866422,0</coordinates></Point>
</Placemark>
<Placemark>
<name>LTE</name>
<Point><coordinates>85.03617755,25.65228259,0</coordinates></Point>
</Placemark>
<Placemark>
<name>5G</name>
<Point><coordinates>85.25856731,25.63010596,0</coordinates></Point>
</Placemark>
<Placemark>
<name>3G</name>
<Point><coordinates>85.2018125,25.58313599,0</coordinates></Point>
</Placemark>
<Placemark>
<name>5G</name>
<Point><coordinates>85.12996491,25.60603614,0</coordinates></Point>
</Placemark>
<Placemark>
<name>5G</name>
<Point><coordinates>85.06993612,25.63606268,0</coordinates></Point>
</Placemark>
<Placemark>
<name>5G</name>
<Point><coordinates>85.06559331,25.4915275,0</coordinates></Point>
</Placemark>
<Placemark>
<name>4G</name>
<Point><coordinates>85.14176936,25.44694689,0</coordinates></Point>
</Placemark>
<Placemark>
<name>LTE</name>
<Point><coordinates>85.25420004,25.55249657,0</coordinates></Point>
</Placemark>
<Placemark>
<name>LTE</name>
<Point><coordinates>85.07951798,25.67733082,0</coordinates></Point>
</Placemark>
<Placemark>
<name>4G</name>
<Point><coordinates>84.97455468,25.66244866,0</coordinates></Point>
</Placemark>
<Placemark>
<name>4G</name>
<Point><coordinates>85.12992463,25.6216414,0</coordinates></Point>
</Placemark>
<Placemark>
<name>3G</name>
<Point><coordinates>85.21144108,25.55572192,0</coordinates></Point>
</Placemark>
<Placemark>
<name>5G</name>
<Point><coordinates>85.18133424,25.60994029,0</coordinates></Point>
</Placemark>
<Placemark>
<name>4G</name>
<Point><coordinates>85.30391947,25.53449966,0</coordinates></Point>
</Placemark>
<Placemark>
<name>5G</name>
<Point><coordinates>85.1075024,25.5524558,0</coordinates></Point>
</Placemark>
<Placemark>
<name>5G</name>
<Point><coordinates>85.13946204,25.75057662,0</coordinates></Point>
</Placemark>
<Placemark>
<name>3G</name>
<Point><coordinates>84.97719274,25.60383392,0</coordinates></Point>
</Placemark>
<Placemark>
<name>LTE</name>
<Point><coordinates>85.29691263,25.57191183,0</coordinates></Point>
</Placemark>
<Placemark>
<name>3G</name>
<Point><coordinates>85.1496925,25.52522172,0</coordinates></Point>
</Placemark>
<Placemark>
<name>LTE</name>
<Point><coordinates>85.25246885,25.5939463,0</coordinates></Point>
</Placemark>
<Placemark>
<name>LTE</name>
<Point><coordinates>85.15184239,25.57300875,0</coordinates></Point>
</Placemark>
<Placemark>
<name>3G</name>
<Point><coordinates>85.28938734,25.5713888,0</coordinates></Point>
</Placemark>
<Placemark>
<name>3G</name>
<Point><coordinates>85.2194272,25.74631564,0</coordinates></Point>
</Placemark>
<Placemark>
<name>LTE</name>
<Point><coordinates>85.02506776,25.56297601,0</coordinates></Point>
</Placemark>
<Placemark>
<name>LTE</name>
<Point><coordinates>85.18004645,25.53860987,0</coordinates></Point>
</Placemark>
<Placemark>
<name>5G</name>
<Point><coordinates>85.09025324,25.70226492,0</coordinates></Point>
</Placemark>
<Placemark>
<name>5G</name>
<Point><coordinates>85.12064298,25.48789725,0</coordinates></Point>
</Placemark>
<Placemark>
<name>LTE</name>
<Point><coordinates>85.20807047,25.45191447,0</coordinates></Point>
</Placemark>
<Placemark>
<name>3G</name>
<Point><coordinates>85.18881453,25.53727353,0</coordinates></Point>
</Placemark>
<Placemark>
<name>3G</name>
<Point><coordinates>85.23476917,25.71339392,0</coordinates></Point>
</Placemark>
<Placemark>
<name>3G</name>
<Point><coordinates>85.01341206,25.55956092,0</coordinates></Point>
</Placemark>
<Placemark>
<name>5G</name>
<Point><coordinates>85.18972928,25.5395825,0</coordinates></Point>
</Placemark>
<Placemark>
<name>5G</name>
<Point><coordinates>85.06671783,25.67730891,0</coordinates></Point>
</Placemark>
<Placemark>
<name>LTE</name>
<Point><coordinates>85.1780315,25.73553213,0</coordinates></Point>
</Placemark>
<Placemark>
<name>LTE</name>
<Point><coordinates>85.24336611,25.56965791,0</coordinates></Point>
</Placemark>
<Placemark>
<name>LTE</name>
<Point><coordinates>85.13061808,25.69228606,0</coordinates></Point>
</Placemark>
<Placemark>
<name>5G</name>
<Point><coordinates>85.09344213,25.54878409,0</coordinates></Point>
</Placemark>
<Placemark>
<name>4G</name>
<Point><coordinates>85.20106129,25.60639969,0</coordinates></Point>
</Placemark>
<Placemark>
<name>5G</name>
<Point><coordinates>85.28135364,25.50274009,0</coordinates></Point>
</Placemark>
<Placemark>
<name>5G</name>
<Point><coordinates>85.20262377,25.67056624,0</coordinates></Point>
</Placemark>
<Placemark>
<name>4G</name>
<Point><coordinates>85.04802713,25.6103806,0</coordinates></Point>
</Placemark>
<Placemark>
<name>4G</name>
<Point><coordinates>85.13380258,25.56404335,0</coordinates></Point>
</Placemark>
<Placemark>
<name>3G</name>
<Point><coordinates>85.18663955,25.74094975,0</coordinates></Point>
</Placemark>
<Placemark>
<name>4G</name>
<Point><coordinates>85.26893819,25.53601752,0</coordinates></Point>
</Placemark>
<Placemark>
<name>3G</name>
<Point><coordinates>85.16196695,25.60089619,0</coordinates></Point>
</Placemark>
<Placemark>
<name>LTE</name>
<Point><coordinates>85.24917728,25.57504121,0</coordinates></Point>
</Placemark>
<Placemark>
<name>3G</name>
<Point><coordinates>85.00764628,25.5213141,0</coordinates></Point>
</Placemark>
<Placemark>
<name>5G</name>
<Point><coordinates>85.08394418,25.6365507,0</coordinates></Point>
</Placemark>
<Placemark>
<name>5G</name>
<Point><coordinates>85.23839713,25.49852637,0</coordinates></Point>
</Placemark>
<Placemark>
<name>5G</name>
<Point><coordinates>85.06381638,25.68285306,0</coordinates></Point>
</Placemark>
<Placemark>
<name>LTE</name>
<Point><coordinates>85.07659464,25.44738994,0</coordinates></Point>
</Placemark>
<Placemark>
<name>LTE</name>
<Point><coordinates>85.11780812,25.62785509,0</coordinates></Point>
</Placemark>
<Placemark>
<name>LTE</name>
<Point><coordinates>85.04396878,25.63049383,0</coordinates></Point>
</Placemark>
<Placemark>
<name>LTE</name>
<Point><coordinates>85.20412583,25.6707142,0</coordinates></Point>
</Placemark>
<Placemark>
<name>3G</name>
<Point><coordinates>85.24058137,25.6843011,0</coordinates></Point>
</Placemark>
<Placemark>
<name>3G</name>
<Point><coordinates>85.0953494,25.43275904,0</coordinates></Point>
</Placemark>
<Placemark>
<name>4G</name>
<Point><coordinates>85.28068888,25.54911981,0</coordinates></Point>
</Placemark>
<Placemark>
<name>LTE</name>
<Point><coordinates>85.03265355,25.66031754,0</coordinates></Point>
</Placemark>
<Placemark>
<name>5G</name>
<Point><coordinates>85.18883022,25.73318494,0</coordinates></Point>
</Placemark>
<Placemark>
<name>3G</name>
<Point><coordinates>85.05580586,25.66208452,0</coordinates></Point>
</Placemark>
<Placemark>
<name>3G</name>
<Point><coordinates>85.11968272,25.45002328,0</coordinates></Point>
</Placemark>
<Placemark>
<name>4G</name>
<Point><coordinates>85.23016524,25.59598063,0</coordinates></Point>
</Placemark>
<Placemark>
<name>4G</name>
<Point><coordinates>85.08269866,25.72870568,0</coordinates></Point>
</Placemark>
<Placemark>
<name>3G</name>
<Point><coordinates>85.26974572,25.50533893,0</coordinates></Point>
</Placemark>
<Placemark>
<name>3G</name>
<Point><coordinates>85.0118741,25.69512743,0</coordinates></Point>
</Placemark>
<Placemark>
<name>4G</name>
<Point><coordinates>85.25884568,25.60972231,0</coordinates></Point>
</Placemark>
<Placemark>
<name>LTE</name>
<Point><coordinates>85.08667131,25.6415037,0</coordinates></Point>
</Placemark>
<Placemark>
<name>5G</name>
<Point><coordinates>85.24562317,25.71800487,0</coordinates></Point>
</Placemark>
<Placemark>
<name>3G</name>
<Point><coordinates>85.14289709,25.53814775,0</coordinates></Point>
</Placemark>
<Placemark>
<name>3G</name>
<Point><coordinates>85.0621934,25.72918263,0</coordinates></Point>
</Placemark>
<Placemark>
<name>3G</name>
<Point><coordinates>85.16649684,25.70414096,0</coordinates></Point>
</Placemark>
<Placemark>
<name>LTE</name>
<Point><coordinates>85.10613257,25.442527,0</coordinates></Point>
</Placemark>
<Placemark>
<name>3G</name>
<Point><coordinates>85.07759579,25.59503296,0</coordinates></Point>
</Placemark>
<Placemark>
<name>LTE</name>
<Point><coordinates>85.01455812,25.53183932,0</coordinates></Point>
</Placemark>
<Placemark>
<name>3G</name>
<Point><coordinates>85.09586147,25.4290209,0</coordinates></Point>
</Placemark>
<Placemark>
<name>4G</name>
<Point><coordinates>85.0127977,25.63546489,0</coordinates></Point>
</Placemark>
<Placemark>
<name>4G</name>
<Point><coordinates>84.98309044,25.51515934,0</coordinates></Point>
</Placemark>
<Placemark>
<name>5G</name>
<Point><coordinates>85.15063628,25.52203351,0</coordinates></Point>
</Placemark>
<Placemark>
<name>5G</name>
<Point><coordinates>85.15913299,25.54415714,0</coordinates></Point>
</Placemark>
<Placemark>
<name>4G</name>
<Point><coordinates>85.16170175,25.65825252,0</coordinates></Point>
</Placemark>
<Placemark>
<name>3G</name>
<Point><coordinates>85.12890944,25.53036757,0</coordinates></Point>
</Placemark>
<Placemark>
<name>5G</name>
<Point><coordinates>85.05127117,25.46198037,0</coordinates></Point>
</Placemark>
<Placemark>
<name>4G</name>
<Point><coordinates>85.16528339,25.69459816,0</coordinates></Point>
</Placemark>
<Placemark>
<name>3G</name>
<Point><coordinates>85.09328219,25.63250982,0</coordinates></Point>
</Placemark>
<Placemark>
<name>5G</name>
<Point><coordinates>85.23269574,25.60743353,0</coordinates></Point>
</Placemark>
<Placemark>
<name>3G</name>
<Point><coordinates>85.14073189,25.55378865,0</coordinates></Point>
</Placemark>
<Placemark>
<name>5G</name>
<Point><coordinates>85.14359457,25.58631948,0</coordinates></Point>
</Placemark>
<Placemark>
<name>4G</name>
<Point><coordinates>85.09212276,25.70919464,0</coordinates></Point>
</Placemark>
<Placemark>
<name>LTE</name>
<Point><coordinates>85.1178729,25.4824496,0</coordinates></Point>
</Placemark>
<Placemark>
<name>4G</name>
<Point><coordinates>85.23680864,25.59743252,0</coordinates></Point>
</Placemark>
<Placemark>
<name>5G</name>
<Point><coordinates>85.0032961,25.50862406,0</coordinates></Point>
</Placemark>
<Placemark>
<name>3G</name>
<Point><coordinates>84.9824809,25.66736616,0</coordinates></Point>
</Placemark>
<Placemark>
<name>LTE</name>
<Point><coordinates>85.2614277,25.63781018,0</coordinates></Point>
</Placemark>
<Placemark>
<name>3G</name>
<Point><coordinates>85.14078458,25.52444108,0</coordinates></Point>
</Placemark>
<Placemark>
<name>3G</name>
<Point><coordinates>85.14456625,25.59016427,0</coordinates></Point>
</Placemark>
<Placemark>
<name>3G</name>
<Point><coordinates>85.17158321,25.56157304,0</coordinates></Point>
</Placemark>
<Placemark>
<name>3G</name>
<Point><coordinates>85.05648305,25.69212965,0</coordinates></Point>
</Placemark>
<Placemark>
<name>LTE</name>
<Point><coordinates>85.28432538,25.5245275,0</coordinates></Point>
</Placemark>
<Placemark>
<name>LTE</name>
<Point><coordinates>84.99960709,25.50875359,0</coordinates></Point>
</Placemark>
<Placemark>
<name>5G</name>
<Point><coordinates>85.12158151,25.5919248,0</coordinates></Point>
</Placemark>
<Placemark>
<name>5G</name>
<Point><coordinates>85.17084385,25.56188825,0</coordinates></Point>
</Placemark>
<Placemark>
<name>LTE</name>
<Point><coordinates>85.24689414,25.64251751,0</coordinates></Point>
</Placemark>
<Placemark>
<name>4G</name>
<Point><coordinates>85.01773734,25.64013887,0</coordinates></Point>
</Placemark>
<Placemark>
<name>5G</name>
<Point><coordinates>85.25758296,25.69566638,0</coordinates></Point>
</Placemark>
<Placemark>
<name>3G</name>
<Point><coordinates>85.01084404,25.67879285,0</coordinates></Point>
</Placemark>
<Placemark>
<name>3G</name>
<Point><coordinates>84.99950308,25.54596554,0</coordinates></Point>
</Placemark>
<Placemark>
<name>4G</name>
<Point><coordinates>85.28667665,25.57069582,0</coordinates></Point>
</Placemark>
<Placemark>
<name>3G</name>
<Point><coordinates>85.10417532,25.58450151,0</coordinates></Point>
</Placemark>
<Placemark>
<name>LTE</name>
<Point><coordinates>85.15009895,25.53319676,0</coordinates></Point>
</Placemark>
<Placemark>
<name>LTE</name>
<Point><coordinates>85.24603023,25.54626406,0</coordinates></Point>
</Placemark>
<Placemark>
<name>5G</name>
<Point><coordinates>85.2134915,25.54318794,0</coordinates></Point>
</Placemark>
<Placemark>
<name>LTE</name>
<Point><coordinates>85.0431886,25.4807596,0</coordinates></Point>
</Placemark>
<Placemark>
<name>LTE</name>
<Point><coordinates>85.18118477,25.58895098,0</coordinates></Point>
</Placemark>
<Placemark>
<name>4G</name>
<Point><coordinates>85.16550935,25.68946509,0</coordinates></Point>
</Placemark>
<Placemark>
<name>5G</name>
<Point><coordinates>85.09575519,25.62180024,0</coordinates></Point>
</Placemark>
<Placemark>
<name>4G</name>
<Point><coordinates>85.29885665,25.6691995,0</coordinates></Point>
</Placemark>
<Placemark>
<name>3G</name>
<Point><coordinates>85.07193256,25.55531627,0</coordinates></Point>
</Placemark>
<Placemark>
<name>LTE</name>
<Point><coordinates>85.02252648,25.62650349,0</coordinates></Point>
</Placemark>
<Placemark>
<name>LTE</name>
<Point><coordinates>85.00791653,25.71606726,0</coordinates></Point>
</Placemark>
<Placemark>
<name>4G</name>
<Point><coordinates>85.2299062,25.71446676,0</coordinates></Point>
</Placemark>
<Placemark>
<name>4G</name>
<Point><coordinates>84.99709859,25.5351274,0</coordinates></Point>
</Placemark>
<Placemark>
<name>3G</name>
<Point><coordinates>85.13043864,25.63395522,0</coordinates></Point>
</Placemark>
<Placemark>
<name>3G</name>
<Point><coordinates>85.0978516,25.68604347,0</coordinates></Point>
</Placemark>
<Placemark>
<name>3G</name>
<Point><coordinates>85.07106015,25.48009263,0</coordinates></Point>
</Placemark>
<Placemark>
<name>5G</name>
<Point><coordinates>85.07039531,25.53160792,0</coordinates></Point>
</Placemark>
<Placemark>
<name>LTE</name>
<Point><coordinates>84.97620438,25.64782866,0</coordinates></Point>
</Placemark>
<Placemark>
<name>4G</name>
<Point><coordinates>85.0907002,25.42622042,0</coordinates></Point>
</Placemark>
<Placemark>
<name>5G</name>
<Point><coordinates>85.23557819,25.70527957,0</coordinates></Point>
</Placemark>
<Placemark>
<name>LTE</name>
<Point><coordinates>85.10449341,25.66629052,0</coordinates></Point>
</Placemark>
<Placemark>
<name>LTE</name>
<Point><coordinates>85.21212679,25.65188703,0</coordinates></Point>
</Placemark>
<Placemark>
<name>LTE</name>
<Point><coordinates>85.11649255,25.57960688,0</coordinates></Point>
</Placemark>
<Placemark>
<name>4G</name>
<Point><coordinates>85.16761793,25.70773007,0</coordinates></Point>
</Placemark>
<Placemark>
<name>4G</name>
<Point><coordinates>85.18163281,25.68345595,0</coordinates></Point>
</Placemark>
<Placemark>
<name>3G</name>
<Point><coordinates>85.00913841,25.57538928,0</coordinates></Point>
</Placemark>
<Placemark>
<name>3G</name>
<Point><coordinates>85.0360346,25.58027489,0</coordinates></Point>
</Placemark>
<Placemark>
<name>4G</name>
<Point><coordinates>85.16571328,25.42467193,0</coordinates></Point>
</Placemark>
<Placemark>
<name>5G</name>
<Point><coordinates>85.18865063,25.5091083,0</coordinates></Point>
</Placemark>
<Placemark>
<name>3G</name>
<Point><coordinates>85.04966723,25.63982171,0</coordinates></Point>
</Placemark>
<Placemark>
<name>4G</name>
<Point><coordinates>85.10146276,25.64347964,0</coordinates></Point>
</Placemark>
<Placemark>
<name>4G</name>
<Point><coordinates>85.00569849,25.68657329,0</coordinates></Point>
</Placemark>
<Placemark>
<name>4G</name>
<Point><coordinates>85.06784282,25.52807473,0</coordinates></Point>
</Placemark>
<Placemark>
<name>3G</name>
<Point><coordinates>85.25567953,25.51577372,0</coordinates></Point>
</Placemark>
<Placemark>
<name>LTE</name>
<Point><coordinates>85.1137643,25.49972766,0</coordinates></Point>
</Placemark>
<Placemark>
<name>4G</name>
<Point><coordinates>85.08961763,25.42216139,0</coordinates></Point>
</Placemark>
<Placemark>
<name>LTE</name>
<Point><coordinates>85.24410852,25.6815809,0</coordinates></Point>
</Placemark>
<Placemark>
<name>4G</name>
<Point><coordinates>85.02616266,25.46593424,0</coordinates></Point>
</Placemark>
<Placemark>
<name>LTE</name>
<Point><coordinates>85.19040237,25.75207392,0</coordinates></Point>
</Placemark>
<Placemark>
<name>4G</name>
<Point><coordinates>85.17413515,25.67710398,0</coordinates></Point>
</Placemark>
<Placemark>
<name>5G</name>
<Point><coordinates>85.16321884,25.6608726,0</coordinates></Point>
</Placemark>
<Placemark>
<name>5G</name>
<Point><coordinates>85.28249395,25.64429481,0</coordinates></Point>
</Placemark>
<Placemark>
<name>4G</name>
<Point><coordinates>85.08028812,25.58836436,0</coordinates></Point>
</Placemark>
<Placemark>
<name>3G</name>
<Point><coordinates>85.03791905,25.58702424,0</coordinates></Point>
</Placemark>
<Placemark>
<name>5G</name>
<Point><coordinates>85.19402152,25.4754651,0</coordinates></Point>
</Placemark>
<Placemark>
<name>4G</name>
<Point><coordinates>85.25826783,25.60491639,0</coordinates></Point>
</Placemark>
<Placemark>
<name>5G</name>
<Point><coordinates>85.00005323,25.56268379,0</coordinates></Point>
</Placemark>
<Placemark>
<name>LTE</name>
<Point><coordinates>85.29484776,25.58941988,0</coordinates></Point>
</Placemark>
<Placemark>
<name>4G</name>
<Point><coordinates>85.29953584,25.63450102,0</coordinates></Point>
</Placemark>
<Placemark>
<name>LTE</name>
<Point><coordinates>85.20538974,25.73599774,0</coordinates></Point>
</Placemark>
<Placemark>
<name>4G</name>
<Point><coordinates>85.14678328,25.59418613,0</coordinates></Point>
</Placemark>
<Placemark>
<name>3G</name>
<Point><coordinates>85.04459025,25.49910585,0</coordinates></Point>
</Placemark>
<Placemark>
<name>4G</name>
<Point><coordinates>85.20303041,25.67379448,0</coordinates></Point>
</Placemark>
<Placemark>
<name>4G</name>
<Point><coordinates>85.0724874,25.59777641,0</coordinates></Point>
</Placemark>
<Placemark>
<name>3G</name>
<Point><coordinates>85.22830063,25.57637432,0</coordinates></Point>
</Placemark>
<Placemark>
<name>LTE</name>
<Point><coordinates>85.25940045,25.68436146,0</coordinates></Point>
</Placemark>
<Placemark>
<name>4G</name>
<Point><coordinates>85.16866259,25.61964617,0</coordinates></Point>
</Placemark>
<Placemark>
<name>LTE</name>
<Point><coordinates>85.00883978,25.60554323,0</coordinates></Point>
</Placemark>
<Placemark>
<name>5G</name>
<Point><coordinates>85.14097825,25.53570819,0</coordinates></Point>
</Placemark>
<Placemark>
<name>4G</name>
<Point><coordinates>85.18992769,25.54214384,0</coordinates></Point>
</Placemark>
<Placemark>
<name>4G</name>
<Point><coordinates>85.27291291,25.52828172,0</coordinates></Point>
</Placemark>
<Placemark>
<name>4G</name>
<Point><coordinates>85.25021784,25.47824371,0</coordinates></Point>
</Placemark>
<Placemark>
<name>LTE</name>
<Point><coordinates>85.0794458,25.66733472,0</coordinates></Point>
</Placemark>
<Placemark>
<name>4G</name>
<Point><coordinates>85.22669246,25.63244241,0</coordinates></Point>
</Placemark>
<Placemark>
<name>3G</name>
<Point><coordinates>85.05417273,25.47428182,0</coordinates></Point>
</Placemark>
<Placemark>
<name>5G</name>
<Point><coordinates>85.15146064,25.51954212,0</coordinates></Point>
</Placemark>
<Placemark>
<name>5G</name>
<Point><coordinates>85.06833311,25.66272853,0</coordinates></Point>
</Placemark>
<Placemark>
<name>5G</name>
<Point><coordinates>85.13142807,25.50785648,0</coordinates></Point>
</Placemark>
<Placemark>
<name>5G</name>
<Point><coordinates>85.16133157,25.52810863,0</coordinates></Point>
</Placemark>
<Placemark>
<name>5G</name>
<Point><coordinates>85.29929966,25.53989167,0</coordinates></Point>
</Placemark>
<Placemark>
<name>5G</name>
<Point><coordinates>85.12559647,25.58649649,0</coordinates></Point>
</Placemark>
<Placemark>
<name>LTE</name>
<Point><coordinates>84.99787855,25.62561456,0</coordinates></Point>
</Placemark>
<Placemark>
<name>LTE</name>
<Point><coordinates>85.16937285,25.69522738,0</coordinates></Point>
</Placemark>
<Placemark>
<name>3G</name>
<Point><coordinates>85.22480839,25.63032334,0</coordinates></Point>
</Placemark>
<Placemark>
<name>5G</name>
<Point><coordinates>85.16671414,25.50688332,0</coordinates></Point>
</Placemark>
<Placemark>
<name>5G</name>
<Point><coordinates>85.08416372,25.57214203,0</coordinates></Point>
</Placemark>
<Placemark>
<name>3G</name>
<Point><coordinates>85.05294118,25.43755797,0</coordinates></Point>
</Placemark>
<Placemark>
<name>4G</name>
<Point><coordinates>85.16943222,25.73263587,0</coordinates></Point>
</Placemark>
<Placemark>
<name>5G</name>
<Point><coordinates>85.14451889,25.45998425,0</coordinates></Point>
</Placemark>
<Placemark>
<name>3G</name>
<Point><coordinates>85.10647138,25.59836887,0</coordinates></Point>
</Placemark>
<Placemark>
<name>LTE</name>
<Point><coordinates>85.15925689,25.49015721,0</coordinates></Point>
</Placemark>
<Placemark>
<name>3G</name>
<Point><coordinates>85.26188264,25.5003997,0</coordinates></Point>
</Placemark>
<Placemark>
<name>4G</name>
<Point><coordinates>85.06047781,25.48775153,0</coordinates></Point>
</Placemark>
<Placemark>
<name>3G</name>
<Point><coordinates>85.26783325,25.6567946,0</coordinates></Point>
</Placemark>
<Placemark>
<name>4G</name>
<Point><coordinates>85.16805944,25.54737472,0</coordinates></Point>
</Placemark>
<Placemark>
<name>LTE</name>
<Point><coordinates>85.02800159,25.60782327,0</coordinates></Point>
</Placemark>
<Placemark>
<name>3G</name>
<Point><coordinates>85.19846462,25.56412958,0</coordinates></Point>
</Placemark>
<Placemark>
<name>4G</name>
<Point><coordinates>85.15323507,25.73433348,0</coordinates></Point>
</Placemark>
<Placemark>
<name>LTE</name>
<Point><coordinates>85.03980088,25.72712299,0</coordinates></Point>
</Placemark>
<Placemark>
<name>5G</name>
<Point><coordinates>85.16426737,25.65778494,0</coordinates></Point>
</Placemark>
<Placemark>
<name>3G</name>
<Point><coordinates>85.10967289,25.44645184,0</coordinates></Point>
</Placemark>
<Placemark>
<name>3G</name>
<Point><coordinates>84.99102305,25.54013545,0</coordinates></Point>
</Placemark>
<Placemark>
<name>LTE</name>
<Point><coordinates>85.12795351,25.59429557,0</coordinates></Point>
</Placemark>
<Placemark>
<name>LTE</name>
<Point><coordinates>84.97364847,25.59413968,0</coordinates></Point>
</Placemark>
<Placemark>
<name>3G</name>
<Point><coordinates>85.05886928,25.60679855,0</coordinates></Point>
</Placemark>
<Placemark>
<name>5G</name>
<Point><coordinates>85.22321288,25.64748808,0</coordinates></Point>
</Placemark>
<Placemark>
<name>4G</name>
<Point><coordinates>85.08667097,25.4390905,0</coordinates></Point>
</Placemark>
<Placemark>
<name>LTE</name>
<Point><coordinates>85.0558908,25.43724847,0</coordinates></Point>
</Placemark>
<Placemark>
<name>LTE</name>
<Point><coordinates>85.08243989,25.6376141,0</coordinates></Point>
</Placemark>
<Placemark>
<name>3G</name>
<Point><coordinates>85.21248319,25.44401971,0</coordinates></Point>
</Placemark>
<Placemark>
<name>4G</name>
<Point><coordinates>85.08388341,25.59213942,0</coordinates></Point>
</Placemark>
<Placemark>
<name>4G</name>
<Point><coordinates>85.06569027,25.61787442,0</coordinates></Point>
</Placemark>
<Placemark>
<name>3G</name>
<Point><coordinates>85.02043238,25.55725155,0</coordinates></Point>
</Placemark>
<Placemark>
<name>3G</name>
<Point><coordinates>85.03973898,25.59697801,0</coordinates></Point>
</Placemark>
<Placemark>
<name>3G</name>
<Point><coordinates>85.08376677,25.6798591,0</coordinates></Point>
</Placemark>
<Placemark>
<name>4G</name>
<Point><coordinates>85.16537645,25.61058913,0</coordinates></Point>
</Placemark>
<Placemark>
<name>LTE</name>
<Point><coordinates>85.01981137,25.51242257,0</coordinates></Point>
</Placemark>
<Placemark>
<name>4G</name>
<Point><coordinates>85.23014829,25.55740258,0</coordinates></Point>
</Placemark>
<Placemark>
<name>5G</name>
<Point><coordinates>85.19400626,25.51165384,0</coordinates></Point>
</Placemark>
<Placemark>
<name>LTE</name>
<Point><coordinates>85.08441909,25.47824571,0</coordinates></Point>
</Placemark>
<Placemark>
<name>LTE</name>
<Point><coordinates>85.13703628,25.55212496,0</coordinates></Point>
</Placemark>
<Placemark>
<name>5G</name>
<Point><coordinates>85.19424025,25.74219379,0</coordinates></Point>
</Placemark>
<Placemark>
<name>4G</name>
<Point><coordinates>85.16851152,25.68907268,0</coordinates></Point>
</Placemark>
<Placemark>
<name>3G</name>
<Point><coordinates>84.99008047,25.68001737,0</coordinates></Point>
</Placemark>
<Placemark>
<name>LTE</name>
<Point><coordinates>85.28148273,25.59939301,0</coordinates></Point>
</Placemark>
<Placemark>
<name>3G</name>
<Point><coordinates>85.05897921,25.71878235,0</coordinates></Point>
</Placemark>
<Placemark>
<name>4G</name>
<Point><coordinates>85.10447436,25.5146122,0</coordinates></Point>
</Placemark>
<Placemark>
<name>3G</name>
<Point><coordinates>85.19580068,25.54564589,0</coordinates></Point>
</Placemark>
<Placemark>
<name>3G</name>
<Point><coordinates>85.11125884,25.57443648,0</coordinates></Point>
</Placemark>
<Placemark>
<name>4G</name>
<Point><coordinates>85.13308057,25.56829291,0</coordinates></Point>
</Placemark>
<Placemark>
<name>4G</name>
<Point><coordinates>85.21818313,25.68650399,0</coordinates></Point>
</Placemark>
<Placemark>
<name>3G</name>
<Point><coordinates>85.26323957,25.54999039,0</coordinates></Point>
</Placemark>
<Placemark>
<name>3G</name>
<Point><coordinates>85.28232789,25.53018351,0</coordinates></Point>
</Placemark>
<Placemark>
<name>LTE</name>
<Point><coordinates>85.27459889,25.67356001,0</coordinates></Point>
</Placemark>
<Placemark>
<name>3G</name>
<Point><coordinates>85.11997559,25.772447,0</coordinates></Point>
</Placemark>
<Placemark>
<name>LTE</name>
<Point><coordinates>85.00382589,25.69907938,0</coordinates></Point>
</Placemark>
<Placemark>
<name>3G</name>
<Point><coordinates>85.17969612,25.71340386,0</coordinates></Point>
</Placemark>
<Placemark>
<name>5G</name>
<Point><coordinates>85.0121321,25.50862847,0</coordinates></Point>
</Placemark>
<Placemark>
<name>5G</name>
<Point><coordinates>84.99996515,25.55180428,0</coordinates></Point>
</Placemark>
<Placemark>
<name>LTE</name>
<Point><coordinates>85.00776451,25.53567776,0</coordinates></Point>
</Placemark>
<Placemark>
<name>4G</name>
<Point><coordinates>85.1069166,25.62572183,0</coordinates></Point>
</Placemark>
<Placemark>
<name>3G</name>
<Point><coordinates>84.99226785,25.59780254,0</coordinates></Point>
</Placemark>
<Placemark>
<name>LTE</name>
<Point><coordinates>85.19131385,25.64165347,0</coordinates></Point>
</Placemark>
<Placemark>
<name>4G</name>
<Point><coordinates>85.20772684,25.71094015,0</coordinates></Point>
</Placemark>
<Placemark>
<name>3G</name>
<Point><coordinates>85.22009116,25.44211648,0</coordinates></Point>
</Placemark>
<Placemark>
<name>4G</name>
<Point><coordinates>85.24125135,25.62404474,0</coordinates></Point>
</Placemark>
<Placemark>
<name>4G</name>
<Point><coordinates>85.17423773,25.5624382,0</coordinates></Point>
</Placemark>
<Placemark>
<name>4G</name>
<Point><coordinates>85.1215365,25.51146768,0</coordinates></Point>
</Placemark>
<Placemark>
<name>3G</name>
<Point><coordinates>85.19395155,25.69876635,0</coordinates></Point>
</Placemark>
<Placemark>
<name>3G</name>
<Point><coordinates>85.17255805,25.62600162,0</coordinates></Point>
</Placemark>
<Placemark>
<name>5G</name>
<Point><coordinates>85.16913393,25.58515387,0</coordinates></Point>
</Placemark>
<Placemark>
<name>4G</name>
<Point><coordinates>85.29028348,25.55641514,0</coordinates></Point>
</Placemark>
<Placemark>
<name>5G</name>
<Point><coordinates>84.96881212,25.58731464,0</coordinates></Point>
</Placemark>
<Placemark>
<name>4G</name>
<Point><coordinates>85.20287614,25.65673993,0</coordinates></Point>
</Placemark>
<Placemark>
<name>4G</name>
<Point><coordinates>85.0428325,25.45475667,0</coordinates></Point>
</Placemark>
<Placemark>
<name>4G</name>
<Point><coordinates>85.21867611,25.64007909,0</coordinates></Point>
</Placemark>
<Placemark>
<name>3G</name>
<Point><coordinates>85.15984859,25.66840149,0</coordinates></Point>
</Placemark>
<Placemark>
<name>3G</name>
<Point><coordinates>85.22947827,25.57587616,0</coordinates></Point>
</Placemark>
<Placemark>
<name>3G</name>
<Point><coordinates>85.21923803,25.61967015,0</coordinates></Point>
</Placemark>
<Placemark>
<name>4G</name>
<Point><coordinates>84.99291959,25.59329716,0</coordinates></Point>
</Placemark>
<Placemark>
<name>LTE</name>
<Point><coordinates>85.07098572,25.60875018,0</coordinates></Point>
</Placemark>
<Placemark>
<name>4G</name>
<Point><coordinates>85.1513746,25.62969084,0</coordinates></Point>
</Placemark>
<Placemark>
<name>LTE</name>
<Point><coordinates>85.20387533,25.65562287,0</coordinates></Point>
</Placemark>
<Placemark>
<name>5G</name>
<Point><coordinates>85.26015422,25.54792432,0</coordinates></Point>
</Placemark>
<Placemark>
<name>3G</name>
<Point><coordinates>85.28466523,25.66128344,0</coordinates></Point>
</Placemark>
<Placemark>
<name>5G</name>
<Point><coordinates>85.10026315,25.76521986,0</coordinates></Point>
</Placemark>
<Placemark>
<name>LTE</name>
<Point><coordinates>85.0726939,25.50117066,0</coordinates></Point>
</Placemark>
<Placemark>
<name>4G</name>
<Point><coordinates>85.2169688,25.58456483,0</coordinates></Point>
</Placemark>
<Placemark>
<name>5G</name>
<Point><coordinates>85.15304266,25.4392053,0</coordinates></Point>
</Placemark>
<Placemark>
<name>4G</name>
<Point><coordinates>85.2019518,25.66130997,0</coordinates></Point>
</Placemark>
<Placemark>
<name>3G</name>
<Point><coordinates>84.99757272,25.48266635,0</coordinates></Point>
</Placemark>
<Placemark>
<name>3G</name>
<Point><coordinates>85.05238386,25.63504762,0</coordinates></Point>
</Placemark>
<Placemark>
<name>5G</name>
<Point><coordinates>85.13598138,25.69746004,0</coordinates></Point>
</Placemark>
<Placemark>
<name>4G</name>
<Point><coordinates>85.18182969,25.65440573,0</coordinates></Point>
</Placemark>
<Placemark>
<name>LTE</name>
<Point><coordinates>85.04248756,25.70005009,0</coordinates></Point>
</Placemark>
<Placemark>
<name>4G</name>
<Point><coordinates>85.02758847,25.50163194,0</coordinates></Point>
</Placemark>
<Placemark>
<name>3G</name>
<Point><coordinates>85.05134644,25.66512883,0</coordinates></Point>
</Placemark>
<Placemark>
<name>3G</name>
<Point><coordinates>84.99829306,25.56462954,0</coordinates></Point>
</Placemark>
<Placemark>
<name>3G</name>
<Point><coordinates>85.23605362,25.63172633,0</coordinates></Point>
</Placemark>
<Placemark>
<name>3G</name>
<Point><coordinates>85.17719677,25.63305119,0</coordinates></Point>
</Placemark>
<Placemark>
<name>3G</name>
<Point><coordinates>85.0179145,25.47515855,0</coordinates></Point>
</Placemark>
<Placemark>
<name>LTE</name>
<Point><coordinates>85.16963452,25.44916234,0</coordinates></Point>
</Placemark>
<Placemark>
<name>3G</name>
<Point><coordinates>85.27229116,25.63623763,0</coordinates></Point>
</Placemark>
<Placemark>
<name>5G</name>
<Point><coordinates>84.99231574,25.50528837,0</coordinates></Point>
</Placemark>
<Placemark>
<name>LTE</name>
<Point><coordinates>85.06590772,25.64346742,0</coordinates></Point>
</Placemark>
<Placemark>
<name>5G</name>
<Point><coordinates>85.2024701,25.48656647,0</coordinates></Point>
</Placemark>
<Placemark>
<name>4G</name>
<Point><coordinates>85.20014112,25.52247936,0</coordinates></Point>
</Placemark>
<Placemark>
<name>3G</name>
<Point><coordinates>85.16047074,25.76851649,0</coordinates></Point>
</Placemark>
<Placemark>
<name>4G</name>
<Point><coordinates>85.09005804,25.67775188,0</coordinates></Point>
</Placemark>
<Placemark>
<name>3G</name>
<Point><coordinates>85.16533789,25.57394418,0</coordinates></Point>
</Placemark>
<Placemark>
<name>3G</name>
<Point><coordinates>85.10124757,25.45552627,0</coordinates></Point>
</Placemark>
<Placemark>
<name>5G</name>
<Point><coordinates>85.02319003,25.49617387,0</coordinates></Point>
</Placemark>
<Placemark>
<name>LTE</name>
<Point><coordinates>85.24830464,25.64744169,0</coordinates></Point>
</Placemark>
<Placemark>
<name>3G</name>
<Point><coordinates>85.22168433,25.6834793,0</coordinates></Point>
</Placemark>
<Placemark>
<name>5G</name>
<Point><coordinates>85.19580801,25.67809096,0</coordinates></Point>
</Placemark>
<Placemark>
<name>LTE</name>
<Point><coordinates>85.2273374,25.49140768,0</coordinates></Point>
</Placemark>
<Placemark>
<name>LTE</name>
<Point><coordinates>85.19237222,25.514591,0</coordinates></Point>
</Placemark>
<Placemark>
<name>LTE</name>
<Point><coordinates>85.20807618,25.52037061,0</coordinates></Point>
</Placemark>
<Placemark>
<name>5G</name>
<Point><coordinates>85.12405854,25.49679956,0</coordinates></Point>
</Placemark>
<Placemark>
<name>3G</name>
<Point><coordinates>85.11799395,25.62176918,0</coordinates></Point>
</Placemark>
<Placemark>
<name>LTE</name>
<Point><coordinates>85.31116626,25.58378838,0</coordinates></Point>
</Placemark>
<Placemark>
<name>3G</name>
<Point><coordinates>85.06056597,25.46247755,0</coordinates></Point>
</Placemark>
<Placemark>
<name>5G</name>
<Point><coordinates>85.16916505,25.74801846,0</coordinates></Point>
</Placemark>
<Placemark>
<name>LTE</name>
<Point><coordinates>85.0299673,25.51250791,0</coordinates></Point>
</Placemark>
<Placemark>
<name>4G</name>
<Point><coordinates>85.18808334,25.68385275,0</coordinates></Point>
</Placemark>
<Placemark>
<name>5G</name>
<Point><coordinates>85.23244003,25.64577401,0</coordinates></Point>
</Placemark>
<Placemark>
<name>LTE</name>
<Point><coordinates>85.23832651,25.50890195,0</coordinates></Point>
</Placemark>
<Placemark>
<name>5G</name>
<Point><coordinates>85.06343236,25.7567875,0</coordinates></Point>
</Placemark>
<Placemark>
<name>5G</name>
<Point><coordinates>85.15649268,25.59563793,0</coordinates></Point>
</Placemark>
<Placemark>
<name>3G</name>
<Point><coordinates>85.06798269,25.662326,0</coordinates></Point>
</Placemark>
<Placemark>
<name>LTE</name>
<Point><coordinates>85.04405049,25.61830954,0</coordinates></Point>
</Placemark>
<Placemark>
<name>4G</name>
<Point><coordinates>85.13236806,25.65272767,0</coordinates></Point>
</Placemark>
<Placemark>
<name>4G</name>
<Point><coordinates>85.18984888,25.47854979,0</coordinates></Point>
</Placemark>
<Placemark>
<name>4G</name>
<Point><coordinates>84.98478369,25.66297497,0</coordinates></Point>
</Placemark>
<Placemark>
<name>5G</name>
<Point><coordinates>85.28427652,25.68447795,0</coordinates></Point>
</Placemark>
<Placemark>
<name>5G</name>
<Point><coordinates>85.12914555,25.69864766,0</coordinates></Point>
</Placemark>
<Placemark>
<name>3G</name>
<Point><coordinates>85.25070643,25.50285487,0</coordinates></Point>
</Placemark>
<Placemark>
<name>3G</name>
<Point><coordinates>85.22257304,25.72466224,0</coordinates></Point>
</Placemark>
<Placemark>
<name>5G</name>
<Point><coordinates>85.22615383,25.69692427,0</coordinates></Point>
</Placemark>
<Placemark>
<name>3G</name>
<Point><coordinates>85.21329122,25.49060687,0</coordinates></Point>
</Placemark>
<Placemark>
<name>5G</name>
<Point><coordinates>85.24974517,25.65082929,0</coordinates></Point>
</Placemark>
<Placemark>
<name>4G</name>
<Point><coordinates>85.30555209,25.587796,0</coordinates></Point>
</Placemark>
<Placemark>
<name>LTE</name>
<Point><coordinates>85.16810779,25.5364105,0</coordinates></Point>
</Placemark>
<Placemark>
<name>LTE</name>
<Point><coordinates>85.01613158,25.49631126,0</coordinates></Point>
</Placemark>
<Placemark>
<name>3G</name>
<Point><coordinates>85.06558175,25.65290624,0</coordinates></Point>
</Placemark>
<Placemark>
<name>4G</name>
<Point><coordinates>85.29517266,25.63687701,0</coordinates></Point>
</Placemark>
<Placemark>
<name>4G</name>
<Point><coordinates>85.20041695,25.51292626,0</coordinates></Point>
</Placemark>
<Placemark>
<name>4G</name>
<Point><coordinates>85.24064165,25.52880237,0</coordinates></Point>
</Placemark>
<Placemark>
<name>4G</name>
<Point><coordinates>85.0047553,25.56024408,0</coordinates></Point>
</Placemark>
<Placemark>
<name>4G</name>
<Point><coordinates>85.16252193,25.69594029,0</coordinates></Point>
</Placemark>
<Placemark>
<name>3G</name>
<Point><coordinates>85.03471112,25.60943194,0</coordinates></Point>
</Placemark>
<Placemark>
<name>4G</name>
<Point><coordinates>85.13549665,25.47672516,0</coordinates></Point>
</Placemark>
<Placemark>
<name>LTE</name>
<Point><coordinates>85.09230381,25.71098518,0</coordinates></Point>
</Placemark>
<Placemark>
<name>5G</name>
<Point><coordinates>85.1515926,25.54922315,0</coordinates></Point>
</Placemark>
<Placemark>
<name>4G</name>
<Point><coordinates>85.23285283,25.63643541,0</coordinates></Point>
</Placemark>
<Placemark>
<name>3G</name>
<Point><coordinates>85.18467089,25.68219507,0</coordinates></Point>
</Placemark>
<Placemark>
<name>5G</name>
<Point><coordinates>85.2277982,25.52631091,0</coordinates></Point>
</Placemark>
<Placemark>
<name>3G</name>
<Point><coordinates>85.2708818,25.5006956,0</coordinates></Point>
</Placemark>
<Placemark>
<name>5G</name>
<Point><coordinates>85.25922565,25.64215717,0</coordinates></Point>
</Placemark>
<Placemark>
<name>4G</name>
<Point><coordinates>85.06543351,25.49078875,0</coordinates></Point>
</Placemark>
<Placemark>
<name>3G</name>
<Point><coordinates>85.0813937,25.58089215,0</coordinates></Point>
</Placemark>
<Placemark>
<name>LTE</name>
<Point><coordinates>85.27873846,25.60313253,0</coordinates></Point>
</Placemark>
<Placemark>
<name>4G</name>
<Point><coordinates>85.23477236,25.60841353,0</coordinates></Point>
</Placemark>
<Placemark>
<name>LTE</name>
<Point><coordinates>85.24105978,25.52456436,0</coordinates></Point>
</Placemark>
<Placemark>
<name>LTE</name>
<Point><coordinates>85.15486221,25.4448335,0</coordinates></Point>
</Placemark>
<Placemark>
<name>3G</name>
<Point><coordinates>85.09940818,25.47256397,0</coordinates></Point>
</Placemark>
<Placemark>
<name>LTE</name>
<Point><coordinates>85.19111065,25.50066253,0</coordinates></Point>
</Placemark>
<Placemark>
<name>3G</name>
<Point><coordinates>85.03711073,25.45376573,0</coordinates></Point>
</Placemark>
<Placemark>
<name>3G</name>
<Point><coordinates>85.09319505,25.68780546,0</coordinates></Point>
</Placemark>
<Placemark>
<name>3G</name>
<Point><coordinates>85.02192023,25.46037827,0</coordinates></Point>
</Placemark>
<Placemark>
<name>3G</name>
<Point><coordinates>85.21632412,25.67140034,0</coordinates></Point>
</Placemark>
<Placemark>
<name>3G</name>
<Point><coordinates>85.06727983,25.70873555,0</coordinates></Point>
</Placemark>
<Placemark>
<name>LTE</name>
<Point><coordinates>85.16757622,25.5221736,0</coordinates></Point>
</Placemark>
<Placemark>
<name>4G</name>
<Point><coordinates>85.15043194,25.702365,0</coordinates></Point>
</Placemark>
<Placemark>
<name>3G</name>
<Point><coordinates>85.2156644,25.63472802,0</coordinates></Point>
</Placemark>
<Placemark>
<name>3G</name>
<Point><coordinates>85.11237211,25.63526837,0</coordinates></Point>
</Placemark>
<Placemark>
<name>5G</name>
<Point><coordinates>85.27614349,25.63828094,0</coordinates></Point>
</Placemark>
<Placemark>
<name>5G</name>
<Point><coordinates>85.17784992,25.58799253,0</coordinates></Point>
</Placemark>
<Placemark>
<name>4G</name>
<Point><coordinates>85.16647108,25.45790542,0</coordinates></Point>
</Placemark>
<Placemark>
<name>LTE</name>
<Point><coordinates>85.12447461,25.63184778,0</coordinates></Point>
</Placemark>
<Placemark>
<name>4G</name>
<Point><coordinates>84.98587705,25.56067272,0</coordinates></Point>
</Placemark>
<Placemark>
<name>4G</name>
<Point><coordinates>85.15803629,25.71995174,0</coordinates></Point>
</Placemark>
<Placemark>
<name>LTE</name>
<Point><coordinates>85.01941466,25.63409929,0</coordinates></Point>
</Placemark>
<Placemark>
<name>5G</name>
<Point><coordinates>85.03978198,25.64951253,0</coordinates></Point>
</Placemark>
<Placemark>
<name>3G</name>
<Point><coordinates>85.18892298,25.70642368,0</coordinates></Point>
</Placemark>
<Placemark>
<name>4G</name>
<Point><coordinates>85.18100186,25.54247284,0</coordinates></Point>
</Placemark>
<Placemark>
<name>5G</name>
<Point><coordinates>85.18727158,25.59122564,0</coordinates></Point>
</Placemark>
<Placemark>
<name>4G</name>
<Point><coordinates>85.05597411,25.73039913,0</coordinates></Point>
</Placemark>
<Placemark>
<name>3G</name>
<Point><coordinates>85.2704601,25.61443395,0</coordinates></Point>
</Placemark>
<Placemark>
<name>3G</name>
<Point><coordinates>85.25234736,25.55140579,0</coordinates></Point>
</Placemark>
<Placemark>
<name>5G</name>
<Point><coordinates>85.25156802,25.62528597,0</coordinates></Point>
</Placemark>
<Placemark>
<name>LTE</name>
<Point><coordinates>85.0402602,25.55005781,0</coordinates></Point>
</Placemark>
<Placemark>
<name>4G</name>
<Point><coordinates>85.27678256,25.60846098,0</coordinates></Point>
</Placemark>
<Placemark>
<name>4G</name>
<Point><coordinates>85.01629077,25.69503812,0</coordinates></Point>
</Placemark>
<Placemark>
<name>LTE</name>
<Point><coordinates>85.22625655,25.58006508,0</coordinates></Point>
</Placemark>
<Placemark>
<name>5G</name>
<Point><coordinates>85.0374831,25.64305945,0</coordinates></Point>
</Placemark>
<Placemark>
<name>5G</name>
<Point><coordinates>85.09529213,25.45345191,0</coordinates></Point>
</Placemark>
<Placemark>
<name>5G</name>
<Point><coordinates>85.09512733,25.4674564,0</coordinates></Point>
</Placemark>
<Placemark>
<name>3G</name>
<Point><coordinates>85.12844382,25.68635744,0</coordinates></Point>
</Placemark>
<Placemark>
<name>4G</name>
<Point><coordinates>85.1216581,25.69026115,0</coordinates></Point>
</Placemark>
<Placemark>
<name>5G</name>
<Point><coordinates>85.11612305,25.70997909,0</coordinates></Point>
</Placemark>
<Placemark>
<name>3G</name>
<Point><coordinates>85.01974032,25.6762274,0</coordinates></Point>
</Placemark>
<Placemark>
<name>3G</name>
<Point><coordinates>85.00412975,25.5808976,0</coordinates></Point>
</Placemark>
<Placemark>
<name>LTE</name>
<Point><coordinates>85.21802602,25.43395435,0</coordinates></Point>
</Placemark>
<Placemark>
<name>LTE</name>
<Point><coordinates>85.18309285,25.47582579,0</coordinates></Point>
</Placemark>
<Placemark>
<name>5G</name>
<Point><coordinates>85.28846888,25.62139131,0</coordinates></Point>
</Placemark>
<Placemark>
<name>5G</name>
<Point><coordinates>84.99653557,25.62927407,0</coordinates></Point>
</Placemark>
<Placemark>
<name>5G</name>
<Point><coordinates>85.23741334,25.68170083,0</coordinates></Point>
</Placemark>
<Placemark>
<name>5G</name>
<Point><coordinates>85.12575028,25.64781879,0</coordinates></Point>
</Placemark>
<Placemark>
<name>5G</name>
<Point><coordinates>85.13974109,25.58555926,0</coordinates></Point>
</Placemark>
<Placemark>
<name>4G</name>
<Point><coordinates>85.16686245,25.52777232,0</coordinates></Point>
</Placemark>
<Placemark>
<name>LTE</name>
<Point><coordinates>85.19246892,25.5608932,0</coordinates></Point>
</Placemark>
<Placemark>
<name>4G</name>
<Point><coordinates>85.22499137,25.68136684,0</coordinates></Point>
</Placemark>
<Placemark>
<name>5G</name>
<Point><coordinates>85.20252384,25.66801302,0</coordinates></Point>
</Placemark>
<Placemark>
<name>3G</name>
<Point><coordinates>85.23010095,25.72116556,0</coordinates></Point>
</Placemark>
<Placemark>
<name>3G</name>
<Point><coordinates>85.24942858,25.6765239,0</coordinates></Point>
</Placemark>
<Placemark>
<name>LTE</name>
<Point><coordinates>85.17679521,25.62874946,0</coordinates></Point>
</Placemark>
<Placemark>
<name>5G</name>
<Point><coordinates>85.15446125,25.59368731,0</coordinates></Point>
</Placemark>
<Placemark>
<name>LTE</name>
<Point><coordinates>85.12012042,25.72472588,0</coordinates></Point>
</Placemark>
<Placemark>
<name>5G</name>
<Point><coordinates>85.24168218,25.58675917,0</coordinates></Point>
</Placemark>
<Placemark>
<name>4G</name>
<Point><coordinates>85.09385483,25.5180909,0</coordinates></Point>
</Placemark>
<Placemark>
<name>3G</name>
<Point><coordinates>85.19458289,25.70477518,0</coordinates></Point>
</Placemark>
<Placemark>
<name>5G</name>
<Point><coordinates>85.08668737,25.58855847,0</coordinates></Point>
</Placemark>
<Placemark>
<name>3G</name>
<Point><coordinates>85.29356365,25.5643562,0</coordinates></Point>
</Placemark>
<Placemark>
<name>LTE</name>
<Point><coordinates>85.23921335,25.61505947,0</coordinates></Point>
</Placemark>
<Placemark>
<name>LTE</name>
<Point><coordinates>85.09537006,25.73106996,0</coordinates></Point>
</Placemark>
<Placemark>
<name>5G</name>
<Point><coordinates>85.04996212,25.65270522,0</coordinates></Point>
</Placemark>
<Placemark>
<name>LTE</name>
<Point><coordinates>85.14194449,25.56709595,0</coordinates></Point>
</Placemark>
<Placemark>
<name>LTE</name>
<Point><coordinates>85.24834572,25.69885962,0</coordinates></Point>
</Placemark>
<Placemark>
<name>4G</name>
<Point><coordinates>85.22441698,25.51543607,0</coordinates></Point>
</Placemark>
<Placemark>
<name>LTE</name>
<Point><coordinates>85.15186729,25.48072958,0</coordinates></Point>
</Placemark>
<Placemark>
<name>4G</name>
<Point><coordinates>85.22558863,25.44220541,0</coordinates></Point>
</Placemark>
<Placemark>
<name>3G</name>
<Point><coordinates>85.06316881,25.59272578,0</coordinates></Point>
</Placemark>
<Placemark>
<name>3G</name>
<Point><coordinates>85.0367489,25.54332427,0</coordinates></Point>
</Placemark>
<Placemark>
<name>4G</name>
<Point><coordinates>85.22545822,25.64249812,0</coordinates></Point>
</Placemark>
<Placemark>
<name>LTE</name>
<Point><coordinates>85.06533611,25.43441979,0</coordinates></Point>
</Placemark>
<Placemark>
<name>5G</name>
<Point><coordinates>85.0882387,25.63281161,0</coordinates></Point>
</Placemark>
<Placemark>
<name>4G</name>
<Point><coordinates>85.0843627,25.59201371,0</coordinates></Point>
</Placemark>
<Placemark>
<name>LTE</name>
<Point><coordinates>85.1512882,25.75985555,0</coordinates></Point>
</Placemark>
<Placemark>
<name>LTE</name>
<Point><coordinates>85.17443155,25.50686457,0</coordinates></Point>
</Placemark>
<Placemark>
<name>4G</name>
<Point><coordinates>85.16364563,25.63287004,0</coordinates></Point>
</Placemark>
<Placemark>
<name>3G</name>
<Point><coordinates>85.07545309,25.519252,0</coordinates></Point>
</Placemark>
<Placemark>
<name>5G</name>
<Point><coordinates>85.07641916,25.71619439,0</coordinates></Point>
</Placemark>
<Placemark>
<name>LTE</name>
<Point><coordinates>85.03500923,25.65372541,0</coordinates></Point>
</Placemark>
<Placemark>
<name>4G</name>
<Point><coordinates>85.1938757,25.72895042,0</coordinates></Point>
</Placemark>
<Placemark>
<name>5G</name>
<Point><coordinates>85.09194445,25.52671804,0</coordinates></Point>
</Placemark>
<Placemark>
<name>3G</name>
<Point><coordinates>85.1568338,25.45633963,0</coordinates></Point>
</Placemark>
<Placemark>
<name>4G</name>
<Point><coordinates>85.13114107,25.77313663,0</coordinates></Point>
</Placemark>
<Placemark>
<name>5G</name>
<Point><coordinates>85.28005789,25.55112195,0</coordinates></Point>
</Placemark>
<Placemark>
<name>4G</name>
<Point><coordinates>85.14492815,25.57403889,0</coordinates></Point>
</Placemark>
<Placemark>
<name>5G</name>
<Point><coordinates>85.15246966,25.44963074,0</coordinates></Point>
</Placemark>
<Placemark>
<name>5G</name>
<Point><coordinates>85.04660341,25.74056594,0</coordinates></Point>
</Placemark>
<Placemark>
<name>LTE</name>
<Point><coordinates>85.13407222,25.69613803,0</coordinates></Point>
</Placemark>
<Placemark>
<name>4G</name>
<Point><coordinates>85.11959946,25.4577091,0</coordinates></Point>
</Placemark>
<Placemark>
<name>5G</name>
<Point><coordinates>85.19284198,25.52658062,0</coordinates></Point>
</Placemark>
<Placemark>
<name>4G</name>
<Point><coordinates>85.21792923,25.43963482,0</coordinates></Point>
</Placemark>
<Placemark>
<name>5G</name>
<Point><coordinates>84.96162759,25.57529745,0</coordinates></Point>
</Placemark>
<Placemark>
<name>3G</name>
<Point><coordinates>85.21969068,25.69358631,0</coordinates></Point>
</Placemark>
<Placemark>
<name>3G</name>
<Point><coordinates>85.2722703,25.53034818,0</coordinates></Point>
</Placemark>
<Placemark>
<name>3G</name>
<Point><coordinates>85.2019884,25.46888357,0</coordinates></Point>
</Placemark>
<Placemark>
<name>5G</name>
<Point><coordinates>85.06169728,25.72870199,0</coordinates></Point>
</Placemark>
<Placemark>
<name>5G</name>
<Point><coordinates>85.01581676,25.48856502,0</coordinates></Point>
</Placemark>
<Placemark>
<name>3G</name>
<Point><coordinates>85.23671831,25.56626713,0</coordinates></Point>
</Placemark>
<Placemark>
<name>LTE</name>
<Point><coordinates>85.1945633,25.67972978,0</coordinates></Point>
</Placemark>
<Placemark>
<name>3G</name>
<Point><coordinates>85.02873008,25.55544516,0</coordinates></Point>
</Placemark>
<Placemark>
<name>5G</name>
<Point><coordinates>85.16838381,25.52957467,0</coordinates></Point>
</Placemark>
<Placemark>
<name>3G</name>
<Point><coordinates>85.01977477,25.67308518,0</coordinates></Point>
</Placemark>
<Placemark>
<name>5G</name>
<Point><coordinates>85.22969178,25.70192055,0</coordinates></Point>
</Placemark>
<Placemark>
<name>4G</name>
<Point><coordinates>85.13406053,25.4605209,0</coordinates></Point>
</Placemark>
<Placemark>
<name>LTE</name>
<Point><coordinates>85.16973684,25.5120778,0</coordinates></Point>
</Placemark>
<Placemark>
<name>4G</name>
<Point><coordinates>85.16989891,25.46029189,0</coordinates></Point>
</Placemark>
<Placemark>
<name>LTE</name>
<Point><coordinates>85.26299729,25.59397823,0</coordinates></Point>
</Placemark>
<Placemark>
<name>5G</name>
<Point><coordinates>85.03110051,25.69150114,0</coordinates></Point>
</Placemark>
<Placemark>
<name>LTE</name>
<Point><coordinates>85.04727501,25.52134476,0</coordinates></Point>
</Placemark>
<Placemark>
<name>3G</name>
<Point><coordinates>85.05049093,25.70643194,0</coordinates></Point>
</Placemark>
<Placemark>
<name>5G</name>
<Point><coordinates>85.07890084,25.71542431,0</coordinates></Point>
</Placemark>
<Placemark>
<name>LTE</name>
<Point><coordinates>85.10139172,25.45031834,0</coordinates></Point>
</Placemark>
<Placemark>
<name>LTE</name>
<Point><coordinates>85.17401583,25.76241538,0</coordinates></Point>
</Placemark>
<Placemark>
<name>LTE</name>
<Point><coordinates>85.22367817,25.50503792,0</coordinates></Point>
</Placemark>
<Placemark>
<name>3G</name>
<Point><coordinates>85.13352766,25.76662843,0</coordinates></Point>
</Placemark>
<Placemark>
<name>3G</name>
<Point><coordinates>85.27158407,25.56430605,0</coordinates></Point>
</Placemark>
<Placemark>
<name>LTE</name>
<Point><coordinates>85.20432061,25.47690996,0</coordinates></Point>
</Placemark>
<Placemark>
<name>3G</name>
<Point><coordinates>85.14014638,25.77262604,0</coordinates></Point>
</Placemark>
<Placemark>
<name>3G</name>
<Point><coordinates>85.12693254,25.51778066,0</coordinates></Point>
</Placemark>
<Placemark>
<name>5G</name>
<Point><coordinates>85.07835668,25.70270883,0</coordinates></Point>
</Placemark>
<Placemark>
<name>4G</name>
<Point><coordinates>85.08229172,25.53717516,0</coordinates></Point>
</Placemark>
<Placemark>
<name>4G</name>
<Point><coordinates>85.23266824,25.74197821,0</coordinates></Point>
</Placemark>
<Placemark>
<name>4G</name>
<Point><coordinates>85.29121279,25.68039757,0</coordinates></Point>
</Placemark>
<Placemark>
<name>LTE</name>
<Point><coordinates>85.03475965,25.58407051,0</coordinates></Point>
</Placemark>
<Placemark>
<name>3G</name>
<Point><coordinates>85.07214421,25.74663444,0</coordinates></Point>
</Placemark>
<Placemark>
<name>3G</name>
<Point><coordinates>85.3044073,25.58788871,0</coordinates></Point>
</Placemark>
<Placemark>
<name>3G</name>
<Point><coordinates>85.22397292,25.64112623,0</coordinates></Point>
</Placemark>
<Placemark>
<name>4G</name>
<Point><coordinates>85.05856977,25.66542459,0</coordinates></Point>
</Placemark>
<Placemark>
<name>4G</name>
<Point><coordinates>85.13628915,25.52390249,0</coordinates></Point>
</Placemark>
<Placemark>
<name>LTE</name>
<Point><coordinates>85.25112894,25.68503408,0</coordinates></Point>
</Placemark>
<Placemark>
<name>5G</name>
<Point><coordinates>85.28097951,25.58704185,0</coordinates></Point>
</Placemark>
<Placemark>
<name>LTE</name>
<Point><coordinates>84.98392781,25.65470524,0</coordinates></Point>
</Placemark>
<Placemark>
<name>5G</name>
<Point><coordinates>85.17335329,25.46159829,0</coordinates></Point>
</Placemark>
<Placemark>
<name>3G</name>
<Point><coordinates>85.0433327,25.44646267,0</coordinates></Point>
</Placemark>
<Placemark>
<name>5G</name>
<Point><coordinates>85.07614941,25.63093932,0</coordinates></Point>
</Placemark>
<Placemark>
<name>5G</name>
<Point><coordinates>85.21900669,25.52158482,0</coordinates></Point>
</Placemark>
<Placemark>
<name>3G</name>
<Point><coordinates>85.17340445,25.48481056,0</coordinates></Point>
</Placemark>
<Placemark>
<name>5G</name>
<Point><coordinates>85.05926987,25.67270183,0</coordinates></Point>
</Placemark>
<Placemark>
<name>LTE</name>
<Point><coordinates>85.13147936,25.76460848,0</coordinates></Point>
</Placemark>
<Placemark>
<name>4G</name>
<Point><coordinates>85.20590807,25.59418833,0</coordinates></Point>
</Placemark>
<Placemark>
<name>3G</name>
<Point><coordinates>85.21519731,25.49861915,0</coordinates></Point>
</Placemark>
<Placemark>
<name>3G</name>
<Point><coordinates>85.24640402,25.57520037,0</coordinates></Point>
</Placemark>
<Placemark>
<name>3G</name>
<Point><coordinates>85.0040483,25.64799331,0</coordinates></Point>
</Placemark>
<Placemark>
<name>LTE</name>
<Point><coordinates>85.14333623,25.50627724,0</coordinates></Point>
</Placemark>
<Placemark>
<name>3G</name>
<Point><coordinates>85.30526106,25.5398056,0</coordinates></Point>
</Placemark>
<Placemark>
<name>4G</name>
<Point><coordinates>85.16964897,25.53809984,0</coordinates></Point>
</Placemark>
<Placemark>
<name>LTE</name>
<Point><coordinates>85.23500357,25.70311178,0</coordinates></Point>
</Placemark>
<Placemark>
<name>LTE</name>
<Point><coordinates>85.12024914,25.629401,0</coordinates></Point>
</Placemark>
<Placemark>
<name>LTE</name>
<Point><coordinates>85.21395643,25.58941508,0</coordinates></Point>
</Placemark>
<Placemark>
<name>4G</name>
<Point><coordinates>85.06590667,25.47518581,0</coordinates></Point>
</Placemark>
<Placemark>
<name>LTE</name>
<Point><coordinates>85.06846431,25.62914613,0</coordinates></Point>
</Placemark>
<Placemark>
<name>3G</name>
<Point><coordinates>85.15724103,25.52772729,0</coordinates></Point>
</Placemark>
<Placemark>
<name>3G</name>
<Point><coordinates>85.05328074,25.68571202,0</coordinates></Point>
</Placemark>
<Placemark>
<name>4G</name>
<Point><coordinates>85.27342187,25.52678787,0</coordinates></Point>
</Placemark>
<Placemark>
<name>5G</name>
<Point><coordinates>85.2227399,25.61805546,0</coordinates></Point>
</Placemark>
<Placemark>
<name>LTE</name>
<Point><coordinates>85.23913639,25.68260684,0</coordinates></Point>
</Placemark>
<Placemark>
<name>3G</name>
<Point><coordinates>85.13390797,25.69237997,0</coordinates></Point>
</Placemark>
<Placemark>
<name>LTE</name>
<Point><coordinates>85.00198291,25.65316713,0</coordinates></Point>
</Placemark>
<Placemark>
<name>3G</name>
<Point><coordinates>85.18061315,25.72893317,0</coordinates></Point>
</Placemark>
<Placemark>
<name>LTE</name>
<Point><coordinates>84.981885,25.66243639,0</coordinates></Point>
</Placemark>
<Placemark>
<name>3G</name>
<Point><coordinates>85.27532697,25.51902951,0</coordinates></Point>
</Placemark>
<Placemark>
<name>3G</name>
<Point><coordinates>85.09426163,25.73965412,0</coordinates></Point>
</Placemark>
<Placemark>
<name>5G</name>
<Point><coordinates>85.22034305,25.65194037,0</coordinates></Point>
</Placemark>
<Placemark>
<name>4G</name>
<Point><coordinates>85.26779096,25.59538007,0</coordinates></Point>
</Placemark>
<Placemark>
<name>5G</name>
<Point><coordinates>85.21518057,25.56860936,0</coordinates></Point>
</Placemark>
<Placemark>
<name>4G</name>
<Point><coordinates>85.25010916,25.45708953,0</coordinates></Point>
</Placemark>
<Placemark>
<name>5G</name>
<Point><coordinates>85.16050366,25.72862314,0</coordinates></Point>
</Placemark>
<Placemark>
<name>5G</name>
<Point><coordinates>84.98593143,25.49960975,0</coordinates></Point>
</Placemark>
<Placemark>
<name>LTE</name>
<Point><coordinates>85.30557202,25.58857679,0</coordinates></Point>
</Placemark>
<Placemark>
<name>4G</name>
<Point><coordinates>85.04370138,25.65623974,0</coordinates></Point>
</Placemark>
<Placemark>
<name>3G</name>
<Point><coordinates>85.14144382,25.5138897,0</coordinates></Point>
</Placemark>
<Placemark>
<name>3G</name>
<Point><coordinates>85.06673483,25.44006022,0</coordinates></Point>
</Placemark>
<Placemark>
<name>LTE</name>
<Point><coordinates>85.28495408,25.50751276,0</coordinates></Point>
</Placemark>
<Placemark>
<name>3G</name>
<Point><coordinates>85.21725122,25.49300152,0</coordinates></Point>
</Placemark>
<Placemark>
<name>3G</name>
<Point><coordinates>85.10777442,25.62101672,0</coordinates></Point>
</Placemark>
<Placemark>
<name>4G</name>
<Point><coordinates>84.97041693,25.6357993,0</coordinates></Point>
</Placemark>
<Placemark>
<name>4G</name>
<Point><coordinates>85.06483754,25.67855366,0</coordinates></Point>
</Placemark>
<Placemark>
<name>4G</name>
<Point><coordinates>85.23823374,25.46042658,0</coordinates></Point>
</Placemark>
<Placemark>
<name>5G</name>
<Point><coordinates>85.07433226,25.61770719,0</coordinates></Point>
</Placemark>
<Placemark>
<name>LTE</name>
<Point><coordinates>85.26819062,25.69466105,0</coordinates></Point>
</Placemark>
<Placemark>
<name>3G</name>
<Point><coordinates>84.96496579,25.5970965,0</coordinates></Point>
</Placemark>
<Placemark>
<name>5G</name>
<Point><coordinates>85.24375575,25.54031753,0</coordinates></Point>
</Placemark>
<Placemark>
<name>4G</name>
<Point><coordinates>85.05673548,25.6564365,0</coordinates></Point>
</Placemark>
<Placemark>
<name>5G</name>
<Point><coordinates>85.15219261,25.66875506,0</coordinates></Point>
</Placemark>
<Placemark>
<name>4G</name>
<Point><coordinates>85.18314561,25.74415641,0</coordinates></Point>
</Placemark>
<Placemark>
<name>4G</name>
<Point><coordinates>85.21396802,25.48558712,0</coordinates></Point>
</Placemark>
<Placemark>
<name>3G</name>
<Point><coordinates>85.17968741,25.47201761,0</coordinates></Point>
</Placemark>
<Placemark>
<name>5G</name>
<Point><coordinates>85.10522464,25.53443,0</coordinates></Point>
</Placemark>
<Placemark>
<name>3G</name>
<Point><coordinates>85.12535936,25.5260818,0</coordinates></Point>
</Placemark>
<Placemark>
<name>LTE</name>
<Point><coordinates>85.09107468,25.51169038,0</coordinates></Point>
</Placemark>
<Placemark>
<name>LTE</name>
<Point><coordinates>84.9823051,25.66791312,0</coordinates></Point>
</Placemark>
<Placemark>
<name>4G</name>
<Point><coordinates>85.04309911,25.510196,0</coordinates></Point>
</Placemark>
<Placemark>
<name>5G</name>
<Point><coordinates>85.28198999,25.69957005,0</coordinates></Point>
</Placemark>
<Placemark>
<name>3G</name>
<Point><coordinates>85.13450398,25.65638962,0</coordinates></Point>
</Placemark>
<Placemark>
<name>5G</name>
<Point><coordinates>85.10552107,25.62408399,0</coordinates></Point>
</Placemark>
<Placemark>
<name>4G</name>
<Point><coordinates>85.05826524,25.57188263,0</coordinates></Point>
</Placemark>
<Placemark>
<name>5G</name>
<Point><coordinates>85.14582183,25.69194668,0</coordinates></Point>
</Placemark>
<Placemark>
<name>4G</name>
<Point><coordinates>85.25191142,25.56341435,0</coordinates></Point>
</Placemark>
<Placemark>
<name>5G</name>
<Point><coordinates>85.16008684,25.58596305,0</coordinates></Point>
</Placemark>
<Placemark>
<name>3G</name>
<Point><coordinates>85.07601448,25.64990832,0</coordinates></Point>
</Placemark>
<Placemark>
<name>5G</name>
<Point><coordinates>85.12791429,25.57899314,0</coordinates></Point>
</Placemark>
<Placemark>
<name>3G</name>
<Point><coordinates>85.18161408,25.68522623,0</coordinates></Point>
</Placemark>
<Placemark>
<name>3G</name>
<Point><coordinates>85.30987828,25.60386474,0</coordinates></Point>
</Placemark>
<Placemark>
<name>3G</name>
<Point><coordinates>85.16516219,25.48296543,0</coordinates></Point>
</Placemark>
<Placemark>
<name>4G</name>
<Point><coordinates>85.20909364,25.69727236,0</coordinates></Point>
</Placemark>
<Placemark>
<name>4G</name>
<Point><coordinates>85.07105067,25.6215533,0</coordinates></Point>
</Placemark>
<Placemark>
<name>4G</name>
<Point><coordinates>85.15865237,25.53212744,0</coordinates></Point>
</Placemark>
<Placemark>
<name>LTE</name>
<Point><coordinates>85.13324451,25.7498104,0</coordinates></Point>
</Placemark>
<Placemark>
<name>4G</name>
<Point><coordinates>85.0734804,25.5289131,0</coordinates></Point>
</Placemark>
<Placemark>
<name>5G</name>
<Point><coordinates>85.23384435,25.61233013,0</coordinates></Point>
</Placemark>
<Placemark>
<name>LTE</name>
<Point><coordinates>84.99158368,25.64010636,0</coordinates></Point>
</Placemark>
<Placemark>
<name>5G</name>
<Point><coordinates>85.09455911,25.76516448,0</coordinates></Point>
</Placemark>
<Placemark>
<name>4G</name>
<Point><coordinates>85.0049113,25.68054757,0</coordinates></Point>
</Placemark>
<Placemark>
<name>LTE</name>
<Point><coordinates>85.06518402,25.43787015,0</coordinates></Point>
</Placemark>
<Placemark>
<name>5G</name>
<Point><coordinates>85.16082952,25.54004553,0</coordinates></Point>
</Placemark>
<Placemark>
<name>3G</name>
<Point><coordinates>85.10369913,25.57177742,0</coordinates></Point>
</Placemark>
<Placemark>
<name>3G</name>
<Point><coordinates>85.19659288,25.6851997,0</coordinates></Point>
</Placemark>
<Placemark>
<name>LTE</name>
<Point><coordinates>85.04178574,25.45755637,0</coordinates></Point>
</Placemark>
<Placemark>
<name>4G</name>
<Point><coordinates>85.12649646,25.43951948,0</coordinates></Point>
</Placemark>
<Placemark>
<name>LTE</name>
<Point><coordinates>85.2911435,25.62527976,0</coordinates></Point>
</Placemark>
<Placemark>
<name>LTE</name>
<Point><coordinates>85.16611974,25.50855132,0</coordinates></Point>
</Placemark>
<Placemark>
<name>5G</name>
<Point><coordinates>84.97408565,25.53046279,0</coordinates></Point>
</Placemark>
<Placemark>
<name>4G</name>
<Point><coordinates>85.15551937,25.52222555,0</coordinates></Point>
</Placemark>
<Placemark>
<name>4G</name>
<Point><coordinates>85.29490652,25.59224779,0</coordinates></Point>
</Placemark>
<Placemark>
<name>3G</name>
<Point><coordinates>85.21956434,25.75023341,0</coordinates></Point>
</Placemark>
<Placemark>
<name>5G</name>
<Point><coordinates>85.20156549,25.60260601,0</coordinates></Point>
</Placemark>
<Placemark>
<name>5G</name>
<Point><coordinates>85.0093292,25.63059871,0</coordinates></Point>
</Placemark>
<Placemark>
<name>5G</name>
<Point><coordinates>85.12574409,25.70207282,0</coordinates></Point>
</Placemark>
<Placemark>
<name>4G</name>
<Point><coordinates>85.17097228,25.74573423,0</coordinates></Point>
</Placemark>
<Placemark>
<name>LTE</name>
<Point><coordinates>85.08062212,25.54760041,0</coordinates></Point>
</Placemark>
<Placemark>
<name>LTE</name>
<Point><coordinates>85.13693793,25.65342665,0</coordinates></Point>
</Placemark>
<Placemark>
<name>LTE</name>
<Point><coordinates>85.19575552,25.51510544,0</coordinates></Point>
</Placemark>
<Placemark>
<name>5G</name>
<Point><coordinates>85.26770902,25.55859796,0</coordinates></Point>
</Placemark>
<Placemark>
<name>3G</name>
<Point><coordinates>85.1342802,25.66737375,0</coordinates></Point>
</Placemark>
<Placemark>
<name>5G</name>
<Point><coordinates>85.09282478,25.64617013,0</coordinates></Point>
</Placemark>
<Placemark>
<name>LTE</name>
<Point><coordinates>85.15200383,25.72127455,0</coordinates></Point>
</Placemark>
<Placemark>
<name>4G</name>
<Point><coordinates>85.14406387,25.68553472,0</coordinates></Point>
</Placemark>
<Placemark>
<name>5G</name>
<Point><coordinates>85.00668879,25.54809944,0</coordinates></Point>
</Placemark>
<Placemark>
<name>3G</name>
<Point><coordinates>85.02796199,25.58024905,0</coordinates></Point>
</Placemark>
<Placemark>
<name>4G</name>
<Point><coordinates>85.09443944,25.70621606,0</coordinates></Point>
</Placemark>
<Placemark>
<name>4G</name>
<Point><coordinates>84.9945992,25.53912842,0</coordinates></Point>
</Placemark>
<Placemark>
<name>5G</name>
<Point><coordinates>85.19113653,25.72549485,0</coordinates></Point>
</Placemark>
<Placemark>
<name>LTE</name>
<Point><coordinates>85.11641058,25.51558399,0</coordinates></Point>
</Placemark>
<Placemark>
<name>LTE</name>
<Point><coordinates>85.22974895,25.56246215,0</coordinates></Point>
</Placemark>
<Placemark>
<name>5G</name>
<Point><coordinates>85.14291293,25.55187852,0</coordinates></Point>
</Placemark>
<Placemark>
<name>5G</name>
<Point><coordinates>85.02900483,25.48054267,0</coordinates></Point>
</Placemark>
<Placemark>
<name>5G</name>
<Point><coordinates>85.16290516,25.62655388,0</coordinates></Point>
</Placemark>
<Placemark>
<name>5G</name>
<Point><coordinates>85.06261352,25.59329973,0</coordinates></Point>
</Placemark>
<Placemark>
<name>5G</name>
<Point><coordinates>84.96544229,25.62941567,0</coordinates></Point>
</Placemark>
<Placemark>
<name>4G</name>
<Point><coordinates>85.11700858,25.49791101,0</coordinates></Point>
</Placemark>
<Placemark>
<name>3G</name>
<Point><coordinates>85.24081789,25.61967431,0</coordinates></Point>
</Placemark>
<Placemark>
<name>LTE</name>
<Point><coordinates>85.04936616,25.45665017,0</coordinates></Point>
</Placemark>
<Placemark>
<name>5G</name>
<Point><coordinates>85.26847526,25.52399863,0</coordinates></Point>
</Placemark>
<Placemark>
<name>4G</name>
<Point><coordinates>85.02640631,25.61505493,0</coordinates></Point>
</Placemark>
<Placemark>
<name>5G</name>
<Point><coordinates>85.13042497,25.45364115,0</coordinates></Point>
</Placemark>
<Placemark>
<name>4G</name>
<Point><coordinates>85.13119714,25.7560127,0</coordinates></Point>
</Placemark>
<Placemark>
<name>LTE</name>
<Point><coordinates>85.1196973,25.63897918,0</coordinates></Point>
</Placemark>
<Placemark>
<name>LTE</name>
<Point><coordinates>85.30699061,25.58479648,0</coordinates></Point>
</Placemark>
<Placemark>
<name>3G</name>
<Point><coordinates>85.14477556,25.47771577,0</coordinates></Point>
</Placemark>
<Placemark>
<name>3G</name>
<Point><coordinates>85.11757404,25.65684473,0</coordinates></Point>
</Placemark>
<Placemark>
<name>4G</name>
<Point><coordinates>85.13343574,25.45918763,0</coordinates></Point>
</Placemark>
<Placemark>
<name>5G</name>
<Point><coordinates>85.06109038,25.61084693,0</coordinates></Point>
</Placemark>
<Placemark>
<name>LTE</name>
<Point><coordinates>85.21842538,25.6436864,0</coordinates></Point>
</Placemark>
<Placemark>
<name>3G</name>
<Point><coordinates>85.10513202,25.47762605,0</coordinates></Point>
</Placemark>
<Placemark>
<name>5G</name>
<Point><coordinates>85.03031973,25.73453074,0</coordinates></Point>
</Placemark>
<Placemark>
<name>4G</name>
<Point><coordinates>85.0329916,25.48692247,0</coordinates></Point>
</Placemark>
<Placemark>
<name>3G</name>
<Point><coordinates>85.1715682,25.54261618,0</coordinates></Point>
</Placemark>
<Placemark>
<name>3G</name>
<Point><coordinates>84.97023885,25.54025227,0</coordinates></Point>
</Placemark>
<Placemark>
<name>3G</name>
<Point><coordinates>85.17901851,25.7520357,0</coordinates></Point>
</Placemark>
<Placemark>
<name>5G</name>
<Point><coordinates>85.11306731,25.65894294,0</coordinates></Point>
</Placemark>
<Placemark>
<name>3G</name>
<Point><coordinates>85.14480201,25.61157606,0</coordinates></Point>
</Placemark>
<Placemark>
<name>LTE</name>
<Point><coordinates>85.17661182,25.66692694,0</coordinates></Point>
</Placemark>
<Placemark>
<name>4G</name>
<Point><coordinates>85.30171133,25.64951191,0</coordinates></Point>
</Placemark>
<Placemark>
<name>3G</name>
<Point><coordinates>85.02027415,25.53197812,0</coordinates></Point>
</Placemark>
<Placemark>
<name>4G</name>
<Point><coordinates>85.06236084,25.62892848,0</coordinates></Point>
</Placemark>
<Placemark>
<name>LTE</name>
<Point><coordinates>84.96936695,25.62926846,0</coordinates></Point>
</Placemark>
<Placemark>
<name>4G</name>
<Point><coordinates>85.1745308,25.66983589,0</coordinates></Point>
</Placemark>
<Placemark>
<name>5G</name>
<Point><coordinates>85.15774846,25.46896215,0</coordinates></Point>
</Placemark>
<Placemark>
<name>3G</name>
<Point><coordinates>85.21487067,25.71300621,0</coordinates></Point>
</Placemark>
<Placemark>
<name>5G</name>
<Point><coordinates>85.14001213,25.650678,0</coordinates></Point>
</Placemark>
<Placemark>
<name>5G</name>
<Point><coordinates>85.05995336,25.73943221,0</coordinates></Point>
</Placemark>
<Placemark>
<name>LTE</name>
<Point><coordinates>85.00930656,25.59977627,0</coordinates></Point>
</Placemark>
<Placemark>
<name>3G</name>
<Point><coordinates>85.12890781,25.60396295,0</coordinates></Point>
</Placemark>
<Placemark>
<name>3G</name>
<Point><coordinates>85.23375887,25.59695085,0</coordinates></Point>
</Placemark>
<Placemark>
<name>4G</name>
<Point><coordinates>85.05893144,25.52454714,0</coordinates></Point>
</Placemark>
<Placemark>
<name>5G</name>
<Point><coordinates>85.17852931,25.47501832,0</coordinates></Point>
</Placemark>
<Placemark>
<name>LTE</name>
<Point><coordinates>85.11735521,25.47329797,0</coordinates></Point>
</Placemark>
<Placemark>
<name>4G</name>
<Point><coordinates>85.14221662,25.58035174,0</coordinates></Point>
</Placemark>
<Placemark>
<name>LTE</name>
<Point><coordinates>85.02922529,25.4719366,0</coordinates></Point>
</Placemark>
<Placemark>
<name>4G</name>
<Point><coordinates>85.1751186,25.62589678,0</coordinates></Point>
</Placemark>
<Placemark>
<name>LTE</name>
<Point><coordinates>85.27876768,25.52306893,0</coordinates></Point>
</Placemark>
<Placemark>
<name>LTE</name>
<Point><coordinates>85.05543075,25.70532905,0</coordinates></Point>
</Placemark>
<Placemark>
<name>3G</name>
<Point><coordinates>85.04426846,25.64021759,0</coordinates></Point>
</Placemark>
<Placemark>
<name>4G</name>
<Point><coordinates>85.22260429,25.47166771,0</coordinates></Point>
</Placemark>
<Placemark>
<name>4G</name>
<Point><coordinates>85.18278798,25.58451803,0</coordinates></Point>
</Placemark>
<Placemark>
<name>4G</name>
<Point><coordinates>85.2772929,25.51438461,0</coordinates></Point>
</Placemark>
<Placemark>
<name>5G</name>
<Point><coordinates>85.09741122,25.73821878,0</coordinates></Point>
</Placemark>
<Placemark>
<name>4G</name>
<Point><coordinates>84.96485273,25.58958625,0</coordinates></Point>
</Placemark>
<Placemark>
<name>LTE</name>
<Point><coordinates>85.27714627,25.487846,0</coordinates></Point>
</Placemark>
<Placemark>
<name>4G</name>
<Point><coordinates>85.12346924,25.54296686,0</coordinates></Point>
</Placemark>
<Placemark>
<name>3G</name>
<Point><coordinates>85.17057551,25.5323096,0</coordinates></Point>
</Placemark>
<Placemark>
<name>4G</name>
<Point><coordinates>85.10063167,25.49323826,0</coordinates></Point>
</Placemark>
<Placemark>
<name>4G</name>
<Point><coordinates>85.15520887,25.71975555,0</coordinates></Point>
</Placemark>
<Placemark>
<name>5G</name>
<Point><coordinates>85.03581536,25.5832936,0</coordinates></Point>
</Placemark>
<Placemark>
<name>LTE</name>
<Point><coordinates>85.19282496,25.47031664,0</coordinates></Point>
</Placemark>
<Placemark>
<name>3G</name>
<Point><coordinates>85.28267019,25.49466792,0</coordinates></Point>
</Placemark>
<Placemark>
<name>LTE</name>
<Point><coordinates>85.14246897,25.52914545,0</coordinates></Point>
</Placemark>
<Placemark>
<name>5G</name>
<Point><coordinates>85.19337482,25.46106151,0</coordinates></Point>
</Placemark>
<Placemark>
<name>5G</name>
<Point><coordinates>85.23259604,25.44187444,0</coordinates></Point>
</Placemark>
<Placemark>
<name>5G</name>
<Point><coordinates>85.13975576,25.65524953,0</coordinates></Point>
</Placemark>
<Placemark>
<name>5G</name>
<Point><coordinates>85.02801292,25.63060773,0</coordinates></Point>
</Placemark>
<Placemark>
<name>5G</name>
<Point><coordinates>85.04129392,25.5694276,0</coordinates></Point>
</Placemark>
<Placemark>
<name>5G</name>
<Point><coordinates>85.00050157,25.48791826,0</coordinates></Point>
</Placemark>
<Placemark>
<name>3G</name>
<Point><coordinates>85.30355926,25.59051018,0</coordinates></Point>
</Placemark>
<Placemark>
<name>3G</name>
<Point><coordinates>85.07456766,25.67785973,0</coordinates></Point>
</Placemark>
<Placemark>
<name>5G</name>
<Point><coordinates>85.19374606,25.42988432,0</coordinates></Point>
</Placemark>
<Placemark>
<name>3G</name>
<Point><coordinates>85.11575893,25.754632,0</coordinates></Point>
</Placemark>
<Placemark>
<name>5G</name>
<Point><coordinates>85.16109526,25.66464012,0</coordinates></Point>
</Placemark>
<Placemark>
<name>5G</name>
<Point><coordinates>84.96950259,25.55984027,0</coordinates></Point>
</Placemark>
<Placemark>
<name>LTE</name>
<Point><coordinates>85.15740451,25.43313641,0</coordinates></Point>
</Placemark>
<Placemark>
<name>4G</name>
<Point><coordinates>85.07984107,25.71655662,0</coordinates></Point>
</Placemark>
<Placemark>
<name>5G</name>
<Point><coordinates>85.22853987,25.71880026,0</coordinates></Point>
</Placemark>
<Placemark>
<name>LTE</name>
<Point><coordinates>85.03629282,25.54079858,0</coordinates></Point>
</Placemark>
<Placemark>
<name>4G</name>
<Point><coordinates>85.233235,25.48674741,0</coordinates></Point>
</Placemark>
<Placemark>
<name>LTE</name>
<Point><coordinates>85.1819898,25.45901847,0</coordinates></Point>
</Placemark>
<Placemark>
<name>5G</name>
<Point><coordinates>85.11278984,25.47753327,0</coordinates></Point>
</Placemark>
<Placemark>
<name>5G</name>
<Point><coordinates>85.17468799,25.65630721,0</coordinates></Point>
</Placemark>
<Placemark>
<name>4G</name>
<Point><coordinates>85.2294029,25.47608297,0</coordinates></Point>
</Placemark>
<Placemark>
<name>5G</name>
<Point><coordinates>85.28526196,25.55113626,0</coordinates></Point>
</Placemark>
<Placemark>
<name>LTE</name>
<Point><coordinates>85.01303283,25.51003736,0</coordinates></Point>
</Placemark>
<Placemark>
<name>LTE</name>
<Point><coordinates>85.11006375,25.76679242,0</coordinates></Point>
</Placemark>
<Placemark>
<name>5G</name>
<Point><coordinates>84.98486162,25.60332835,0</coordinates></Point>
</Placemark>
<Placemark>
<name>3G</name>
<Point><coordinates>85.22554604,25.65967127,0</coordinates></Point>
</Placemark>
<Placemark>
<name>LTE</name>
<Point><coordinates>85.29824916,25.64217913,0</coordinates></Point>
</Placemark>
<Placemark>
<name>3G</name>
<Point><coordinates>85.25789154,25.65670559,0</coordinates></Point>
</Placemark>
<Placemark>
<name>LTE</name>
<Point><coordinates>85.09239273,25.58458856,0</coordinates></Point>
</Placemark>
<Placemark>
<name>4G</name>
<Point><coordinates>85.20612165,25.48155471,0</coordinates></Point>
</Placemark>
<Placemark>
<name>3G</name>
<Point><coordinates>85.11484851,25.5186637,0</coordinates></Point>
</Placemark>
<Placemark>
<name>3G</name>
<Point><coordinates>85.00530207,25.61265558,0</coordinates></Point>
</Placemark>
<Placemark>
<name>4G</name>
<Point><coordinates>85.21834864,25.46871323,0</coordinates></Point>
</Placemark>
<Placemark>
<name>LTE</name>
<Point><coordinates>85.20953081,25.7470477,0</coordinates></Point>
</Placemark>
<Placemark>
<name>LTE</name>
<Point><coordinates>85.1511086,25.65808868,0</coordinates></Point>
</Placemark>
<Placemark>
<name>4G</name>
<Point><coordinates>85.12039321,25.54267136,0</coordinates></Point>
</Placemark>
<Placemark>
<name>5G</name>
<Point><coordinates>85.04109915,25.73010854,0</coordinates></Point>
</Placemark>
<Placemark>
<name>4G</name>
<Point><coordinates>85.03836086,25.64581584,0</coordinates></Point>
</Placemark>
<Placemark>
<name>5G</name>
<Point><coordinates>85.08315782,25.62822753,0</coordinates></Point>
</Placemark>
<Placemark>
<name>LTE</name>
<Point><coordinates>85.19465704,25.56550241,0</coordinates></Point>
</Placemark>
<Placemark>
<name>LTE</name>
<Point><coordinates>85.17153358,25.57176389,0</coordinates></Point>
</Placemark>
<Placemark>
<name>5G</name>
<Point><coordinates>85.02017005,25.72487563,0</coordinates></Point>
</Placemark>
<Placemark>
<name>3G</name>
<Point><coordinates>85.08272292,25.58046601,0</coordinates></Point>
</Placemark>
<Placemark>
<name>3G</name>
<Point><coordinates>84.96908022,25.59722308,0</coordinates></Point>
</Placemark>
<Placemark>
<name>LTE</name>
<Point><coordinates>85.1900504,25.61074695,0</coordinates></Point>
</Placemark>
<Placemark>
<name>4G</name>
<Point><coordinates>85.11877977,25.42134846,0</coordinates></Point>
</Placemark>
<Placemark>
<name>LTE</name>
<Point><coordinates>85.26225601,25.52348045,0</coordinates></Point>
</Placemark>
<Placemark>
<name>5G</name>
<Point><coordinates>85.067992,25.71656025,0</coordinates></Point>
</Placemark>
<Placemark>
<name>3G</name>
<Point><coordinates>85.20294227,25.54198568,0</coordinates></Point>
</Placemark>
<Placemark>
<name>4G</name>
<Point><coordinates>85.19558138,25.73717733,0</coordinates></Point>
</Placemark>
<Placemark>
<name>4G</name>
<Point><coordinates>85.06412416,25.70091296,0</coordinates></Point>
</Placemark>
<Placemark>
<name>4G</name>
<Point><coordinates>85.1317748,25.73500943,0</coordinates></Point>
</Placemark>
<Placemark>
<name>3G</name>
<Point><coordinates>85.271765,25.65119027,0</coordinates></Point>
</Placemark>
<Placemark>
<name>LTE</name>
<Point><coordinates>85.04308926,25.6218038,0</coordinates></Point>
</Placemark>
<Placemark>
<name>5G</name>
<Point><coordinates>85.24031874,25.59195153,0</coordinates></Point>
</Placemark>
<Placemark>
<name>LTE</name>
<Point><coordinates>85.04791292,25.54913939,0</coordinates></Point>
</Placemark>
<Placemark>
<name>LTE</name>
<Point><coordinates>85.05565562,25.53463897,0</coordinates></Point>
</Placemark>
<Placemark>
<name>4G</name>
<Point><coordinates>84.9881575,25.65202121,0</coordinates></Point>
</Placemark>
<Placemark>
<name>4G</name>
<Point><coordinates>85.24663369,25.64783274,0</coordinates></Point>
</Placemark>
<Placemark>
<name>LTE</name>
<Point><coordinates>85.18642598,25.51640889,0</coordinates></Point>
</Placemark>
<Placemark>
<name>3G</name>
<Point><coordinates>85.00328447,25.68989284,0</coordinates></Point>
</Placemark>
<Placemark>
<name>LTE</name>
<Point><coordinates>85.11610091,25.59641962,0</coordinates></Point>
</Placemark>
<Placemark>
<name>LTE</name>
<Point><coordinates>85.0076466,25.69021293,0</coordinates></Point>
</Placemark>
<Placemark>
<name>3G</name>
<Point><coordinates>85.28220134,25.54074496,0</coordinates></Point>
</Placemark>
<Placemark>
<name>LTE</name>
<Point><coordinates>85.21657164,25.53766723,0</coordinates></Point>
</Placemark>
<Placemark>
<name>4G</name>
<Point><coordinates>85.15614737,25.66152183,0</coordinates></Point>
</Placemark>
<Placemark>
<name>LTE</name>
<Point><coordinates>85.07323331,25.50179441,0</coordinates></Point>
</Placemark>
<Placemark>
<name>LTE</name>
<Point><coordinates>85.05557934,25.44916515,0</coordinates></Point>
</Placemark>
<Placemark>
<name>5G</name>
<Point><coordinates>85.07073471,25.74662576,0</coordinates></Point>
</Placemark>
<Placemark>
<name>5G</name>
<Point><coordinates>85.26503859,25.52999505,0</coordinates></Point>
</Placemark>
<Placemark>
<name>4G</name>
<Point><coordinates>85.27043063,25.62709123,0</coordinates></Point>
</Placemark>
<Placemark>
<name>LTE</name>
<Point><coordinates>85.02031193,25.60167371,0</coordinates></Point>
</Placemark>
<Placemark>
<name>5G</name>
<Point><coordinates>85.03237404,25.49724865,0</coordinates></Point>
</Placemark>
<Placemark>
<name>4G</name>
<Point><coordinates>85.1220918,25.5896266,0</coordinates></Point>
</Placemark>
<Placemark>
<name>3G</name>
<Point><coordinates>85.03045268,25.6963701,0</coordinates></Point>
</Placemark>
<Placemark>
<name>LTE</name>
<Point><coordinates>85.18624638,25.4792629,0</coordinates></Point>
</Placemark>
<Placemark>
<name>LTE</name>
<Point><coordinates>84.98772232,25.5146976,0</coordinates></Point>
</Placemark>
<Placemark>
<name>4G</name>
<Point><coordinates>85.2409738,25.64535674,0</coordinates></Point>
</Placemark>
<Placemark>
<name>4G</name>
<Point><coordinates>85.20182003,25.50117329,0</coordinates></Point>
</Placemark>
<Placemark>
<name>4G</name>
<Point><coordinates>85.0188417,25.65403217,0</coordinates></Point>
</Placemark>
<Placemark>
<name>LTE</name>
<Point><coordinates>85.016637,25.5851847,0</coordinates></Point>
</Placemark>
<Placemark>
<name>4G</name>
<Point><coordinates>85.25621579,25.45953204,0</coordinates></Point>
</Placemark>
<Placemark>
<name>3G</name>
<Point><coordinates>85.13919918,25.54044,0</coordinates></Point>
</Placemark>
<Placemark>
<name>5G</name>
<Point><coordinates>85.07145136,25.70064227,0</coordinates></Point>
</Placemark>
<Placemark>
<name>3G</name>
<Point><coordinates>85.24285155,25.45400045,0</coordinates></Point>
</Placemark>
<Placemark>
<name>4G</name>
<Point><coordinates>85.14375717,25.50006461,0</coordinates></Point>
</Placemark>
<Placemark>
<name>LTE</name>
<Point><coordinates>85.29565813,25.56655089,0</coordinates></Point>
</Placemark>
<Placemark>
<name>5G</name>
<Point><coordinates>85.21245082,25.5502124,0</coordinates></Point>
</Placemark>
<Placemark>
<name>3G</name>
<Point><coordinates>85.21381836,25.5084783,0</coordinates></Point>
</Placemark>
<Placemark>
<name>5G</name>
<Point><coordinates>85.20947681,25.55566362,0</coordinates></Point>
</Placemark>
<Placemark>
<name>5G</name>
<Point><coordinates>85.07257034,25.724344,0</coordinates></Point>
</Placemark>
<Placemark>
<name>3G</name>
<Point><coordinates>85.1371488,25.61948025,0</coordinates></Point>
</Placemark>
<Placemark>
<name>5G</name>
<Point><coordinates>85.15492885,25.53581129,0</coordinates></Point>
</Placemark>
<Placemark>
<name>3G</name>
<Point><coordinates>85.23621565,25.64564755,0</coordinates></Point>
</Placemark>
<Placemark>
<name>3G</name>
<Point><coordinates>85.27090165,25.59818324,0</coordinates></Point>
</Placemark>
<Placemark>
<name>LTE</name>
<Point><coordinates>85.1205533,25.62439857,0</coordinates></Point>
</Placemark>
<Placemark>
<name>4G</name>
<Point><coordinates>85.11676585,25.61517985,0</coordinates></Point>
</Placemark>
<Placemark>
<name>LTE</name>
<Point><coordinates>85.21710877,25.68703225,0</coordinates></Point>
</Placemark>
<Placemark>
<name>LTE</name>
<Point><coordinates>85.22632535,25.45086268,0</coordinates></Point>
</Placemark>
<Placemark>
<name>3G</name>
<Point><coordinates>85.12753739,25.73311642,0</coordinates></Point>
</Placemark>
<Placemark>
<name>LTE</name>
<Point><coordinates>85.17088433,25.6852891,0</coordinates></Point>
</Placemark>
<Placemark>
<name>5G</name>
<Point><coordinates>85.1889202,25.61004629,0</coordinates></Point>
</Placemark>
<Placemark>
<name>4G</name>
<Point><coordinates>84.9980104,25.55828837,0</coordinates></Point>
</Placemark>
<Placemark>
<name>4G</name>
<Point><coordinates>85.17335966,25.62018982,0</coordinates></Point>
</Placemark>
<Placemark>
<name>5G</name>
<Point><coordinates>85.0415517,25.51099982,0</coordinates></Point>
</Placemark>
<Placemark>
<name>5G</name>
<Point><coordinates>85.24199982,25.45358754,0</coordinates></Point>
</Placemark>
<Placemark>
<name>3G</name>
<Point><coordinates>85.1594852,25.63451414,0</coordinates></Point>
</Placemark>
<Placemark>
<name>4G</name>
<Point><coordinates>85.14035014,25.56216667,0</coordinates></Point>
</Placemark>
<Placemark>
<name>4G</name>
<Point><coordinates>85.08403405,25.42680705,0</coordinates></Point>
</Placemark>
<Placemark>
<name>LTE</name>
<Point><coordinates>85.18124371,25.72691172,0</coordinates></Point>
</Placemark>
<Placemark>
<name>4G</name>
<Point><coordinates>85.05309502,25.48091375,0</coordinates></Point>
</Placemark>
<Placemark>
<name>LTE</name>
<Point><coordinates>84.97806572,25.51855228,0</coordinates></Point>
</Placemark>
<Placemark>
<name>5G</name>
<Point><coordinates>85.08418261,25.68212588,0</coordinates></Point>
</Placemark>
<Placemark>
<name>3G</name>
<Point><coordinates>85.05081833,25.59545277,0</coordinates></Point>
</Placemark>
<Placemark>
<name>4G</name>
<Point><coordinates>85.25303248,25.60599673,0</coordinates></Point>
</Placemark>
<Placemark>
<name>5G</name>
<Point><coordinates>85.16556958,25.7481687,0</coordinates></Point>
</Placemark>
<Placemark>
<name>5G</name>
<Point><coordinates>85.11063825,25.6634939,0</coordinates></Point>
</Placemark>
<Placemark>
<name>4G</name>
<Point><coordinates>85.2295543,25.51929463,0</coordinates></Point>
</Placemark>
<Placemark>
<name>4G</name>
<Point><coordinates>85.23495011,25.46750359,0</coordinates></Point>
</Placemark>
<Placemark>
<name>3G</name>
<Point><coordinates>85.28689108,25.4957126,0</coordinates></Point>
</Placemark>
<Placemark>
<name>5G</name>
<Point><coordinates>85.25519796,25.4658203,0</coordinates></Point>
</Placemark>
<Placemark>
<name>LTE</name>
<Point><coordinates>85.00363717,25.65637134,0</coordinates></Point>
</Placemark>
<Placemark>
<name>LTE</name>
<Point><coordinates>85.21879686,25.48651725,0</coordinates></Point>
</Placemark>
<Placemark>
<name>LTE</name>
<Point><coordinates>85.17959993,25.72566586,0</coordinates></Point>
</Placemark>
<Placemark>
<name>LTE</name>
<Point><coordinates>85.13058407,25.54174768,0</coordinates></Point>
</Placemark>
<Placemark>
<name>4G</name>
<Point><coordinates>85.27072739,25.54916317,0</coordinates></Point>
</Placemark>
<Placemark>
<name>3G</name>
<Point><coordinates>85.03859072,25.72733708,0</coordinates></Point>
</Placemark>
<Placemark>
<name>5G</name>
<Point><coordinates>85.21823074,25.53236704,0</coordinates></Point>
</Placemark>
<Placemark>
<name>4G</name>
<Point><coordinates>85.21573307,25.46689015,0</coordinates></Point>
</Placemark>
<Placemark>
<name>4G</name>
<Point><coordinates>85.12649993,25.42974986,0</coordinates></Point>
</Placemark>
<Placemark>
<name>3G</name>
<Point><coordinates>85.11478386,25.57731837,0</coordinates></Point>
</Placemark>
<Placemark>
<name>4G</name>
<Point><coordinates>85.1294331,25.43352087,0</coordinates></Point>
</Placemark>
<Placemark>
<name>3G</name>
<Point><coordinates>85.00939388,25.51434046,0</coordinates></Point>
</Placemark>
<Placemark>
<name>3G</name>
<Point><coordinates>85.01388345,25.48033462,0</coordinates></Point>
</Placemark>
<Placemark>
<name>5G</name>
<Point><coordinates>85.15266399,25.53229386,0</coordinates></Point>
</Placemark>
<Placemark>
<name>4G</name>
<Point><coordinates>84.98547601,25.64194503,0</coordinates></Point>
</Placemark>
<Placemark>
<name>3G</name>
<Point><coordinates>85.13532022,25.69842554,0</coordinates></Point>
</Placemark>
<Placemark>
<name>3G</name>
<Point><coordinates>85.12825163,25.71691175,0</coordinates></Point>
</Placemark>
<Placemark>
<name>3G</name>
<Point><coordinates>85.09674181,25.6361509,0</coordinates></Point>
</Placemark>
<Placemark>
<name>3G</name>
<Point><coordinates>85.08524351,25.50563104,0</coordinates></Point>
</Placemark>
<Placemark>
<name>LTE</name>
<Point><coordinates>85.07899565,25.53408702,0</coordinates></Point>
</Placemark>
<Placemark>
<name>3G</name>
<Point><coordinates>85.28652909,25.65682733,0</coordinates></Point>
</Placemark>
<Placemark>
<name>4G</name>
<Point><coordinates>85.14897682,25.5309258,0</coordinates></Point>
</Placemark>
<Placemark>
<name>LTE</name>
<Point><coordinates>85.0077306,25.71731981,0</coordinates></Point>
</Placemark>
<Placemark>
<name>LTE</name>
<Point><coordinates>85.23751869,25.69421381,0</coordinates></Point>
</Placemark>
<Placemark>
<name>5G</name>
<Point><coordinates>85.06552505,25.66806615,0</coordinates></Point>
</Placemark>
<Placemark>
<name>LTE</name>
<Point><coordinates>85.01480371,25.52621614,0</coordinates></Point>
</Placemark>
<Placemark>
<name>4G</name>
<Point><coordinates>85.03320213,25.65173233,0</coordinates></Point>
</Placemark>
<Placemark>
<name>LTE</name>
<Point><coordinates>85.16573852,25.4862048,0</coordinates></Point>
</Placemark>
<Placemark>
<name>4G</name>
<Point><coordinates>85.23947549,25.4902789,0</coordinates></Point>
</Placemark>
<Placemark>
<name>4G</name>
<Point><coordinates>85.04984294,25.45932175,0</coordinates></Point>
</Placemark>
<Placemark>
<name>LTE</name>
<Point><coordinates>85.05794065,25.4895959,0</coordinates></Point>
</Placemark>
<Placemark>
<name>3G</name>
<Point><coordinates>85.22854893,25.69531951,0</coordinates></Point>
</Placemark>
<Placemark>
<name>5G</name>
<Point><coordinates>85.13451503,25.66028573,0</coordinates></Point>
</Placemark>
<Placemark>
<name>LTE</name>
<Point><coordinates>85.08007029,25.76334857,0</coordinates></Point>
</Placemark>
<Placemark>
<name>LTE</name>
<Point><coordinates>85.22088115,25.4800245,0</coordinates></Point>
</Placemark>
<Placemark>
<name>4G</name>
<Point><coordinates>85.27253972,25.53187137,0</coordinates></Point>
</Placemark>
<Placemark>
<name>3G</name>
<Point><coordinates>85.1393339,25.75710796,0</coordinates></Point>
</Placemark>
<Placemark>
<name>LTE</name>
<Point><coordinates>85.19742611,25.44416146,0</coordinates></Point>
</Placemark>
<Placemark>
<name>4G</name>
<Point><coordinates>84.97195997,25.56951624,0</coordinates></Point>
</Placemark>
<Placemark>
<name>4G</name>
<Point><coordinates>85.12914398,25.48301522,0</coordinates></Point>
</Placemark>
<Placemark>
<name>4G</name>
<Point><coordinates>85.00010772,25.47943786,0</coordinates></Point>
</Placemark>
<Placemark>
<name>3G</name>
<Point><coordinates>85.15367506,25.69988275,0</coordinates></Point>
</Placemark>
<Placemark>
<name>3G</name>
<Point><coordinates>85.23581922,25.58516698,0</coordinates></Point>
</Placemark>
<Placemark>
<name>LTE</name>
<Point><coordinates>85.29267786,25.65436838,0</coordinates></Point>
</Placemark>
<Placemark>
<name>3G</name>
<Point><coordinates>85.24487447,25.68575694,0</coordinates></Point>
</Placemark>
<Placemark>
<name>LTE</name>
<Point><coordinates>85.28537256,25.6122628,0</coordinates></Point>
</Placemark>
<Placemark>
<name>5G</name>
<Point><coordinates>85.16489984,25.53815116,0</coordinates></Point>
</Placemark>
<Placemark>
<name>LTE</name>
<Point><coordinates>85.1232993,25.67639931,0</coordinates></Point>
</Placemark>
<Placemark>
<name>4G</name>
<Point><coordinates>85.28133523,25.68602629,0</coordinates></Point>
</Placemark>
<Placemark>
<name>3G</name>
<Point><coordinates>85.15004637,25.44584642,0</coordinates></Point>
</Placemark>
<Placemark>
<name>3G</name>
<Point><coordinates>85.18149805,25.70369381,0</coordinates></Point>
</Placemark>
<Placemark>
<name>3G</name>
<Point><coordinates>85.15233314,25.5896705,0</coordinates></Point>
</Placemark>
<Placemark>
<name>5G</name>
<Point><coordinates>85.26417115,25.69436149,0</coordinates></Point>
</Placemark>
<Placemark>
<name>4G</name>
<Point><coordinates>85.16294641,25.42363611,0</coordinates></Point>
</Placemark>
<Placemark>
<name>3G</name>
<Point><coordinates>85.28017927,25.58677449,0</coordinates></Point>
</Placemark>
<Placemark>
<name>5G</name>
<Point><coordinates>84.98148029,25.53155537,0</coordinates></Point>
</Placemark>
<Placemark>
<name>5G</name>
<Point><coordinates>85.06201883,25.75408966,0</coordinates></Point>
</Placemark>
<Placemark>
<name>5G</name>
<Point><coordinates>85.17468108,25.52970392,0</coordinates></Point>
</Placemark>
<Placemark>
<name>4G</name>
<Point><coordinates>85.13612832,25.48858031,0</coordinates></Point>
</Placemark>
<Placemark>
<name>4G</name>
<Point><coordinates>85.13039434,25.44323321,0</coordinates></Point>
</Placemark>
<Placemark>
<name>5G</name>
<Point><coordinates>85.23518078,25.5147319,0</coordinates></Point>
</Placemark>
<Placemark>
<name>5G</name>
<Point><coordinates>85.04463982,25.52904344,0</coordinates></Point>
</Placemark>
<Placemark>
<name>3G</name>
<Point><coordinates>85.18146216,25.56591306,0</coordinates></Point>
</Placemark>
<Placemark>
<name>3G</name>
<Point><coordinates>85.1931257,25.69513138,0</coordinates></Point>
</Placemark>
<Placemark>
<name>3G</name>
<Point><coordinates>85.29347006,25.67509391,0</coordinates></Point>
</Placemark>
<Placemark>
<name>4G</name>
<Point><coordinates>85.13436898,25.70057316,0</coordinates></Point>
</Placemark>
<Placemark>
<name>5G</name>
<Point><coordinates>84.98013937,25.54385276,0</coordinates></Point>
</Placemark>
<Placemark>
<name>LTE</name>
<Point><coordinates>85.10211853,25.63122933,0</coordinates></Point>
</Placemark>
<Placemark>
<name>LTE</name>
<Point><coordinates>85.2154608,25.56753785,0</coordinates></Point>
</Placemark>
<Placemark>
<name>4G</name>
<Point><coordinates>85.27369834,25.65016473,0</coordinates></Point>
</Placemark>
<Placemark>
<name>4G</name>
<Point><coordinates>85.25105766,25.57093359,0</coordinates></Point>
</Placemark>
<Placemark>
<name>LTE</name>
<Point><coordinates>85.0954095,25.49913494,0</coordinates></Point>
</Placemark>
<Placemark>
<name>4G</name>
<Point><coordinates>85.13792292,25.5132489,0</coordinates></Point>
</Placemark>
<Placemark>
<name>5G</name>
<Point><coordinates>85.00202854,25.68783095,0</coordinates></Point>
</Placemark>
<Placemark>
<name>5G</name>
<Point><coordinates>85.18996077,25.48257882,0</coordinates></Point>
</Placemark>
<Placemark>
<name>4G</name>
<Point><coordinates>85.26298201,25.48955875,0</coordinates></Point>
</Placemark>
<Placemark>
<name>4G</name>
<Point><coordinates>85.01556848,25.67515045,0</coordinates></Point>
</Placemark>
<Placemark>
<name>5G</name>
<Point><coordinates>85.09245692,25.58225272,0</coordinates></Point>
</Placemark>
<Placemark>
<name>4G</name>
<Point><coordinates>85.12103022,25.73259928,0</coordinates></Point>
</Placemark>
<Placemark>
<name>LTE</name>
<Point><coordinates>85.09173884,25.5916203,0</coordinates></Point>
</Placemark>
<Placemark>
<name>4G</name>
<Point><coordinates>85.0274969,25.57171971,0</coordinates></Point>
</Placemark>
<Placemark>
<name>4G</name>
<Point><coordinates>85.19342857,25.64688112,0</coordinates></Point>
</Placemark>
<Placemark>
<name>3G</name>
<Point><coordinates>84.96826324,25.56677851,0</coordinates></Point>
</Placemark>
<Placemark>
<name>LTE</name>
<Point><coordinates>85.12519247,25.54257007,0</coordinates></Point>
</Placemark>
<Placemark>
<name>5G</name>
<Point><coordinates>85.1257405,25.51105183,0</coordinates></Point>
</Placemark>
<Placemark>
<name>4G</name>
<Point><coordinates>85.12551613,25.5636448,0</coordinates></Point>
</Placemark>
<Placemark>
<name>5G</name>
<Point><coordinates>85.18198119,25.76474264,0</coordinates></Point>
</Placemark>
<Placemark>
<name>3G</name>
<Point><coordinates>84.96148395,25.59615087,0</coordinates></Point>
</Placemark>
<Placemark>
<name>5G</name>
<Point><coordinates>85.26876573,25.64020964,0</coordinates></Point>
</Placemark>
<Placemark>
<name>4G</name>
<Point><coordinates>85.16181641,25.68720703,0</coordinates></Point>
</Placemark>
<Placemark>
<name>3G</name>
<Point><coordinates>85.20588846,25.52370299,0</coordinates></Point>
</Placemark>
<Placemark>
<name>LTE</name>
<Point><coordinates>85.02057347,25.49486555,0</coordinates></Point>
</Placemark>
<Placemark>
<name>3G</name>
<Point><coordinates>85.23573372,25.73732881,0</coordinates></Point>
</Placemark>
<Placemark>
<name>4G</name>
<Point><coordinates>85.02655671,25.68343445,0</coordinates></Point>
</Placemark>
<Placemark>
<name>LTE</name>
<Point><coordinates>85.12556131,25.56206785,0</coordinates></Point>
</Placemark>
<Placemark>
<name>4G</name>
<Point><coordinates>85.05140088,25.67180372,0</coordinates></Point>
</Placemark>
<Placemark>
<name>LTE</name>
<Point><coordinates>85.08641514,25.62710393,0</coordinates></Point>
</Placemark>
<Placemark>
<name>LTE</name>
<Point><coordinates>85.17774037,25.57903003,0</coordinates></Point>
</Placemark>
<Placemark>
<name>LTE</name>
<Point><coordinates>85.28018208,25.58843989,0</coordinates></Point>
</Placemark>
<Placemark>
<name>4G</name>
<Point><coordinates>85.28469252,25.67318671,0</coordinates></Point>
</Placemark>
<Placemark>
<name>5G</name>
<Point><coordinates>85.05807835,25.68359044,0</coordinates></Point>
</Placemark>
<Placemark>
<name>4G</name>
<Point><coordinates>85.02981109,25.58785177,0</coordinates></Point>
</Placemark>
<Placemark>
<name>3G</name>
<Point><coordinates>85.09664129,25.62820301,0</coordinates></Point>
</Placemark>
<Placemark>
<name>3G</name>
<Point><coordinates>85.06996724,25.43065357,0</coordinates></Point>
</Placemark>
<Placemark>
<name>4G</name>
<Point><coordinates>85.25465777,25.61874949,0</coordinates></Point>
</Placemark>
<Placemark>
<name>LTE</name>
<Point><coordinates>85.138682,25.49741132,0</coordinates></Point>
</Placemark>
<Placemark>
<name>3G</name>
<Point><coordinates>85.2543973,25.46587719,0</coordinates></Point>
</Placemark>
<Placemark>
<name>LTE</name>
<Point><coordinates>85.25883425,25.69322589,0</coordinates></Point>
</Placemark>
<Placemark>
<name>3G</name>
<Point><coordinates>85.19256231,25.7247787,0</coordinates></Point>
</Placemark>
<Placemark>
<name>4G</name>
<Point><coordinates>85.03675519,25.45568683,0</coordinates></Point>
</Placemark>
<Placemark>
<name>4G</name>
<Point><coordinates>85.02358914,25.64250303,0</coordinates></Point>
</Placemark>
<Placemark>
<name>LTE</name>
<Point><coordinates>85.01475771,25.50358129,0</coordinates></Point>
</Placemark>
<Placemark>
<name>4G</name>
<Point><coordinates>85.08842735,25.65750198,0</coordinates></Point>
</Placemark>
<Placemark>
<name>4G</name>
<Point><coordinates>85.20225775,25.64550099,0</coordinates></Point>
</Placemark>
<Placemark>
<name>4G</name>
<Point><coordinates>85.0729012,25.53176914,0</coordinates></Point>
</Placemark>
<Placemark>
<name>LTE</name>
<Point><coordinates>85.13019664,25.66600038,0</coordinates></Point>
</Placemark>
<Placemark>
<name>LTE</name>
<Point><coordinates>85.2913397,25.62469354,0</coordinates></Point>
</Placemark>
<Placemark>
<name>LTE</name>
<Point><coordinates>84.98304495,25.54496827,0</coordinates></Point>
</Placemark>
<Placemark>
<name>3G</name>
<Point><coordinates>85.02259573,25.67011483,0</coordinates></Point>
</Placemark>
<Placemark>
<name>4G</name>
<Point><coordinates>84.99564329,25.66378796,0</coordinates></Point>
</Placemark>
<Placemark>
<name>4G</name>
<Point><coordinates>84.99089473,25.65054231,0</coordinates></Point>
</Placemark>
<Placemark>
<name>4G</name>
<Point><coordinates>85.11169713,25.49922185,0</coordinates></Point>
</Placemark>
<Placemark>
<name>3G</name>
<Point><coordinates>85.05054118,25.67250935,0</coordinates></Point>
</Placemark>
<Placemark>
<name>3G</name>
<Point><coordinates>85.18560785,25.71342874,0</coordinates></Point>
</Placemark>
<Placemark>
<name>4G</name>
<Point><coordinates>85.22865575,25.50588681,0</coordinates></Point>
</Placemark>
<Placemark>
<name>3G</name>
<Point><coordinates>85.27849363,25.6319298,0</coordinates></Point>
</Placemark>
<Placemark>
<name>4G</name>
<Point><coordinates>85.22687987,25.60268544,0</coordinates></Point>
</Placemark>
<Placemark>
<name>5G</name>
<Point><coordinates>85.1092138,25.56836296,0</coordinates></Point>
</Placemark>
<Placemark>
<name>LTE</name>
<Point><coordinates>85.02478493,25.50160101,0</coordinates></Point>
</Placemark>
<Placemark>
<name>4G</name>
<Point><coordinates>85.04012948,25.73842266,0</coordinates></Point>
</Placemark>
<Placemark>
<name>LTE</name>
<Point><coordinates>85.27850134,25.64196707,0</coordinates></Point>
</Placemark>
<Placemark>
<name>5G</name>
<Point><coordinates>85.02354992,25.70374762,0</coordinates></Point>
</Placemark>
<Placemark>
<name>5G</name>
<Point><coordinates>85.01474408,25.70286612,0</coordinates></Point>
</Placemark>
<Placemark>
<name>3G</name>
<Point><coordinates>85.11158641,25.44438997,0</coordinates></Point>
</Placemark>
<Placemark>
<name>3G</name>
<Point><coordinates>85.21414911,25.58383268,0</coordinates></Point>
</Placemark>
<Placemark>
<name>LTE</name>
<Point><coordinates>85.26118729,25.65571849,0</coordinates></Point>
</Placemark>
<Placemark>
<name>5G</name>
<Point><coordinates>85.04227816,25.62141146,0</coordinates></Point>
</Placemark>
<Placemark>
<name>4G</name>
<Point><coordinates>85.00731332,25.712492,0</coordinates></Point>
</Placemark>
<Placemark>
<name>LTE</name>
<Point><coordinates>85.02139497,25.46425246,0</coordinates></Point>
</Placemark>
<Placemark>
<name>LTE</name>
<Point><coordinates>85.14585099,25.75104954,0</coordinates></Point>
</Placemark>
<Placemark>
<name>3G</name>
<Point><coordinates>85.20359004,25.4585838,0</coordinates></Point>
</Placemark>
<Placemark>
<name>4G</name>
<Point><coordinates>85.20043809,25.60905756,0</coordinates></Point>
</Placemark>
<Placemark>
<name>4G</name>
<Point><coordinates>85.12725585,25.55656802,0</coordinates></Point>
</Placemark>
<Placemark>
<name>4G</name>
<Point><coordinates>85.21782422,25.60199622,0</coordinates></Point>
</Placemark>
<Placemark>
<name>3G</name>
<Point><coordinates>85.26049941,25.70320041,0</coordinates></Point>
</Placemark>
<Placemark>
<name>4G</name>
<Point><coordinates>85.03127866,25.58994224,0</coordinates></Point>
</Placemark>
<Placemark>
<name>3G</name>
<Point><coordinates>85.1671068,25.44392931,0</coordinates></Point>
</Placemark>
<Placemark>
<name>5G</name>
<Point><coordinates>85.04418116,25.66854833,0</coordinates></Point>
</Placemark>
<Placemark>
<name>5G</name>
<Point><coordinates>85.11939065,25.50951041,0</coordinates></Point>
</Placemark>
<Placemark>
<name>3G</name>
<Point><coordinates>85.14831477,25.53127375,0</coordinates></Point>
</Placemark>
<Placemark>
<name>4G</name>
<Point><coordinates>85.15232785,25.59274418,0</coordinates></Point>
</Placemark>
<Placemark>
<name>4G</name>
<Point><coordinates>85.12600933,25.67374429,0</coordinates></Point>
</Placemark>
<Placemark>
<name>LTE</name>
<Point><coordinates>85.28657736,25.59952055,0</coordinates></Point>
</Placemark>
<Placemark>
<name>3G</name>
<Point><coordinates>85.19401857,25.51187899,0</coordinates></Point>
</Placemark>
<Placemark>
<name>LTE</name>
<Point><coordinates>85.1343017,25.42608286,0</coordinates></Point>
</Placemark>
<Placemark>
<name>LTE</name>
<Point><coordinates>85.07445797,25.74300511,0</coordinates></Point>
</Placemark>
<Placemark>
<name>3G</name>
<Point><coordinates>85.22312537,25.56182356,0</coordinates></Point>
</Placemark>
<Placemark>
<name>LTE</name>
<Point><coordinates>85.02744593,25.59151997,0</coordinates></Point>
</Placemark>
<Placemark>
<name>4G</name>
<Point><coordinates>85.03929238,25.58379975,0</coordinates></Point>
</Placemark>
<Placemark>
<name>5G</name>
<Point><coordinates>85.20156853,25.61110129,0</coordinates></Point>
</Placemark>
<Placemark>
<name>4G</name>
<Point><coordinates>85.11980909,25.42463841,0</coordinates></Point>
</Placemark>
<Placemark>
<name>4G</name>
<Point><coordinates>85.23559266,25.63844214,0</coordinates></Point>
</Placemark>
<Placemark>
<name>LTE</name>
<Point><coordinates>85.09169807,25.53909534,0</coordinates></Point>
</Placemark>
<Placemark>
<name>LTE</name>
<Point><coordinates>85.08316119,25.55211145,0</coordinates></Point>
</Placemark>
<Placemark>
<name>3G</name>
<Point><coordinates>85.10495407,25.55337361,0</coordinates></Point>
</Placemark>
<Placemark>
<name>5G</name>
<Point><coordinates>85.12255675,25.58703401,0</coordinates></Point>
</Placemark>
<Placemark>
<name>3G</name>
<Point><coordinates>85.2004467,25.70970861,0</coordinates></Point>
</Placemark>
<Placemark>
<name>5G</name>
<Point><coordinates>85.1525631,25.46462425,0</coordinates></Point>
</Placemark>
<Placemark>
<name>5G</name>
<Point><coordinates>85.21567868,25.62136974,0</coordinates></Point>
</Placemark>
<Placemark>
<name>3G</name>
<Point><coordinates>85.06091562,25.45865458,0</coordinates></Point>
</Placemark>
<Placemark>
<name>LTE</name>
<Point><coordinates>85.1075068,25.54266552,0</coordinates></Point>
</Placemark>
<Placemark>
<name>5G</name>
<Point><coordinates>85.06348125,25.65817191,0</coordinates></Point>
</Placemark>
<Placemark>
<name>5G</name>
<Point><coordinates>85.0623013,25.50261053,0</coordinates></Point>
</Placemark>
<Placemark>
<name>3G</name>
<Point><coordinates>85.14179312,25.54002197,0</coordinates></Point>
</Placemark>
<Placemark>
<name>5G</name>
<Point><coordinates>85.11999394,25.59225131,0</coordinates></Point>
</Placemark>
<Placemark>
<name>3G</name>
<Point><coordinates>84.99571861,25.59065971,0</coordinates></Point>
</Placemark>
<Placemark>
<name>4G</name>
<Point><coordinates>85.17491731,25.43502854,0</coordinates></Point>
</Placemark>
<Placemark>
<name>3G</name>
<Point><coordinates>85.11323552,25.64080459,0</coordinates></Point>
</Placemark>
<Placemark>
<name>4G</name>
<Point><coordinates>85.04607219,25.59381885,0</coordinates></Point>
</Placemark>
<Placemark>
<name>4G</name>
<Point><coordinates>84.98680195,25.53632219,0</coordinates></Point>
</Placemark>
<Placemark>
<name>4G</name>
<Point><coordinates>85.11676269,25.668678,0</coordinates></Point>
</Placemark>
<Placemark>
<name>5G</name>
<Point><coordinates>85.07690697,25.54729006,0</coordinates></Point>
</Placemark>
<Placemark>
<name>5G</name>
<Point><coordinates>85.02387905,25.51836513,0</coordinates></Point>
</Placemark>
<Placemark>
<name>LTE</name>
<Point><coordinates>85.19588881,25.51634772,0</coordinates></Point>
</Placemark>
<Placemark>
<name>4G</name>
<Point><coordinates>85.11219279,25.68684235,0</coordinates></Point>
</Placemark>
<Placemark>
<name>4G</name>
<Point><coordinates>85.28225231,25.66534766,0</coordinates></Point>
</Placemark>
<Placemark>
<name>3G</name>
<Point><coordinates>85.07067399,25.49784779,0</coordinates></Point>
</Placemark>
<Placemark>
<name>4G</name>
<Point><coordinates>85.06448278,25.7281749,0</coordinates></Point>
</Placemark>
<Placemark>
<name>3G</name>
<Point><coordinates>85.14384928,25.62454246,0</coordinates></Point>
</Placemark>
<Placemark>
<name>4G</name>
<Point><coordinates>85.07614546,25.58477869,0</coordinates></Point>
</Placemark>
<Placemark>
<name>5G</name>
<Point><coordinates>85.11412195,25.587226,0</coordinates></Point>
</Placemark>
<Placemark>
<name>5G</name>
<Point><coordinates>85.26543496,25.68628557,0</coordinates></Point>
</Placemark>
<Placemark>
<name>3G</name>
<Point><coordinates>85.08771785,25.48336904,0</coordinates></Point>
</Placemark>
<Placemark>
<name>4G</name>
<Point><coordinates>85.0414367,25.72815058,0</coordinates></Point>
</Placemark>
<Placemark>
<name>4G</name>
<Point><coordinates>85.02600732,25.53240744,0</coordinates></Point>
</Placemark>
<Placemark>
<name>4G</name>
<Point><coordinates>85.16862523,25.51135873,0</coordinates></Point>
</Placemark>
<Placemark>
<name>3G</name>
<Point><coordinates>85.04371124,25.71643398,0</coordinates></Point>
</Placemark>
<Placemark>
<name>4G</name>
<Point><coordinates>85.12863672,25.50118847,0</coordinates></Point>
</Placemark>
<Placemark>
<name>LTE</name>
<Point><coordinates>85.07080878,25.61860458,0</coordinates></Point>
</Placemark>
<Placemark>
<name>3G</name>
<Point><coordinates>85.11621695,25.46760025,0</coordinates></Point>
</Placemark>
<Placemark>
<name>3G</name>
<Point><coordinates>85.08446197,25.70466436,0</coordinates></Point>
</Placemark>
<Placemark>
<name>3G</name>
<Point><coordinates>85.13036663,25.75052344,0</coordinates></Point>
</Placemark>
<Placemark>
<name>3G</name>
<Point><coordinates>85.09158274,25.60944882,0</coordinates></Point>
</Placemark>
<Placemark>
<name>3G</name>
<Point><coordinates>85.11559869,25.46637924,0</coordinates></Point>
</Placemark>
<Placemark>
<name>4G</name>
<Point><coordinates>85.24061463,25.61251301,0</coordinates></Point>
</Placemark>
<Placemark>
<name>5G</name>
<Point><coordinates>85.10468561,25.58376211,0</coordinates></Point>
</Placemark>
<Placemark>
<name>5G</name>
<Point><coordinates>85.20089896,25.72461242,0</coordinates></Point>
</Placemark>
<Placemark>
<name>4G</name>
<Point><coordinates>84.97766805,25.55405114,0</coordinates></Point>
</Placemark>
<Placemark>
<name>4G</name>
<Point><coordinates>85.19807814,25.46537785,0</coordinates></Point>
</Placemark>
<Placemark>
<name>5G</name>
<Point><coordinates>85.10356851,25.54256638,0</coordinates></Point>
</Placemark>
<Placemark>
<name>5G</name>
<Point><coordinates>85.19589873,25.73317328,0</coordinates></Point>
</Placemark>
<Placemark>
<name>4G</name>
<Point><coordinates>85.11864429,25.57734048,0</coordinates></Point>
</Placemark>
<Placemark>
<name>4G</name>
<Point><coordinates>85.14376186,25.71902775,0</coordinates></Point>
</Placemark>
<Placemark>
<name>3G</name>
<Point><coordinates>85.09096714,25.48532011,0</coordinates></Point>
</Placemark>
<Placemark>
<name>5G</name>
<Point><coordinates>85.11503759,25.65019967,0</coordinates></Point>
</Placemark>
<Placemark>
<name>3G</name>
<Point><coordinates>85.15596065,25.73492536,0</coordinates></Point>
</Placemark>
<Placemark>
<name>3G</name>
<Point><coordinates>85.01401142,25.66158037,0</coordinates></Point>
</Placemark>
<Placemark>
<name>3G</name>
<Point><coordinates>85.25903844,25.51344914,0</coordinates></Point>
</Placemark>
<Placemark>
<name>LTE</name>
<Point><coordinates>85.16709258,25.697003,0</coordinates></Point>
</Placemark>
<Placemark>
<name>LTE</name>
<Point><coordinates>85.20049637,25.65637313,0</coordinates></Point>
</Placemark>
<Placemark>
<name>5G</name>
<Point><coordinates>85.05157843,25.62173762,0</coordinates></Point>
</Placemark>
<Placemark>
<name>3G</name>
<Point><coordinates>85.04363884,25.60034241,0</coordinates></Point>
</Placemark>
<Placemark>
<name>LTE</name>
<Point><coordinates>85.24979823,25.55280587,0</coordinates></Point>
</Placemark>
<Placemark>
<name>LTE</name>
<Point><coordinates>85.19992437,25.74783364,0</coordinates></Point>
</Placemark>
<Placemark>
<name>3G</name>
<Point><coordinates>85.11619775,25.70440463,0</coordinates></Point>
</Placemark>
<Placemark>
<name>3G</name>
<Point><coordinates>85.02204114,25.54039994,0</coordinates></Point>
</Placemark>
<Placemark>
<name>5G</name>
<Point><coordinates>85.07182406,25.72160898,0</coordinates></Point>
</Placemark>
<Placemark>
<name>3G</name>
<Point><coordinates>85.24108125,25.45651971,0</coordinates></Point>
</Placemark>
<Placemark>
<name>5G</name>
<Point><coordinates>85.00273715,25.69058569,0</coordinates></Point>
</Placemark>
<Placemark>
<name>3G</name>
<Point><coordinates>85.29539265,25.62764492,0</coordinates></Point>
</Placemark>
<Placemark>
<name>5G</name>
<Point><coordinates>85.16216312,25.46331856,0</coordinates></Point>
</Placemark>
<Placemark>
<name>4G</name>
<Point><coordinates>85.22347172,25.7081492,0</coordinates></Point>
</Placemark>
<Placemark>
<name>4G</name>
<Point><coordinates>85.2318728,25.69476628,0</coordinates></Point>
</Placemark>
<Placemark>
<name>3G</name>
<Point><coordinates>85.24452806,25.73087105,0</coordinates></Point>
</Placemark>
<Placemark>
<name>LTE</name>
<Point><coordinates>85.18923979,25.48155728,0</coordinates></Point>
</Placemark>
<Placemark>
<name>3G</name>
<Point><coordinates>85.27644355,25.60004094,0</coordinates></Point>
</Placemark>
<Placemark>
<name>4G</name>
<Point><coordinates>85.19176333,25.50984397,0</coordinates></Point>
</Placemark>
<Placemark>
<name>5G</name>
<Point><coordinates>85.17884794,25.51703243,0</coordinates></Point>
</Placemark>
<Placemark>
<name>4G</name>
<Point><coordinates>85.23685143,25.58667941,0</coordinates></Point>
</Placemark>
<Placemark>
<name>LTE</name>
<Point><coordinates>85.23231134,25.65471452,0</coordinates></Point>
</Placemark>
<Placemark>
<name>4G</name>
<Point><coordinates>85.19505607,25.56988443,0</coordinates></Point>
</Placemark>
<Placemark>
<name>4G</name>
<Point><coordinates>85.11430366,25.74706983,0</coordinates></Point>
</Placemark>
<Placemark>
<name>4G</name>
<Point><coordinates>85.18017036,25.72821628,0</coordinates></Point>
</Placemark>
<Placemark>
<name>5G</name>
<Point><coordinates>85.0245157,25.56985817,0</coordinates></Point>
</Placemark>
<Placemark>
<name>3G</name>
<Point><coordinates>85.03698683,25.59814924,0</coordinates></Point>
</Placemark>
<Placemark>
<name>LTE</name>
<Point><coordinates>85.14157282,25.70214051,0</coordinates></Point>
</Placemark>
<Placemark>
<name>LTE</name>
<Point><coordinates>85.2394678,25.71443416,0</coordinates></Point>
</Placemark>
<Placemark>
<name>LTE</name>
<Point><coordinates>85.0567186,25.46477747,0</coordinates></Point>
</Placemark>
<Placemark>
<name>LTE</name>
<Point><coordinates>84.997132,25.53809084,0</coordinates></Point>
</Placemark>
<Placemark>
<name>3G</name>
<Point><coordinates>85.06521122,25.45558095,0</coordinates></Point>
</Placemark>
<Placemark>
<name>3G</name>
<Point><coordinates>85.19996468,25.61523044,0</coordinates></Point>
</Placemark>
<Placemark>
<name>LTE</name>
<Point><coordinates>84.9674336,25.62751495,0</coordinates></Point>
</Placemark>
<Placemark>
<name>3G</name>
<Point><coordinates>85.14666314,25.67821425,0</coordinates></Point>
</Placemark>
<Placemark>
<name>5G</name>
<Point><coordinates>85.2355123,25.56888158,0</coordinates></Point>
</Placemark>
<Placemark>
<name>3G</name>
<Point><coordinates>85.11210653,25.734648,0</coordinates></Point>
</Placemark>
<Placemark>
<name>4G</name>
<Point><coordinates>85.24522548,25.64562786,0</coordinates></Point>
</Placemark>
<Placemark>
<name>4G</name>
<Point><coordinates>85.09632836,25.66958484,0</coordinates></Point>
</Placemark>
<Placemark>
<name>4G</name>
<Point><coordinates>85.15438648,25.62085949,0</coordinates></Point>
</Placemark>
<Placemark>
<name>3G</name>
<Point><coordinates>85.29791022,25.58190083,0</coordinates></Point>
</Placemark>
<Placemark>
<name>5G</name>
<Point><coordinates>84.96715554,25.58796412,0</coordinates></Point>
</Placemark>
<Placemark>
<name>5G</name>
<Point><coordinates>85.13765073,25.47878378,0</coordinates></Point>
</Placemark>
<Placemark>
<name>3G</name>
<Point><coordinates>85.05539316,25.46077778,0</coordinates></Point>
</Placemark>
<Placemark>
<name>LTE</name>
<Point><coordinates>85.19756106,25.57696421,0</coordinates></Point>
</Placemark>
<Placemark>
<name>LTE</name>
<Point><coordinates>85.23030504,25.66949131,0</coordinates></Point>
</Placemark>
<Placemark>
<name>4G</name>
<Point><coordinates>85.19619807,25.54325159,0</coordinates></Point>
</Placemark>
<Placemark>
<name>4G</name>
<Point><coordinates>85.31117458,25.58047777,0</coordinates></Point>
</Placemark>
<Placemark>
<name>4G</name>
<Point><coordinates>85.14708066,25.74656171,0</coordinates></Point>
</Placemark>
<Placemark>
<name>3G</name>
<Point><coordinates>85.21559715,25.73399184,0</coordinates></Point>
</Placemark>
<Placemark>
<name>5G</name>
<Point><coordinates>85.26356634,25.52767349,0</coordinates></Point>
</Placemark>
<Placemark>
<name>LTE</name>
<Point><coordinates>85.23502472,25.45534801,0</coordinates></Point>
</Placemark>
<Placemark>
<name>3G</name>
<Point><coordinates>85.14380953,25.68713727,0</coordinates></Point>
</Placemark>
<Placemark>
<name>3G</name>
<Point><coordinates>85.07975452,25.62320408,0</coordinates></Point>
</Placemark>
<Placemark>
<name>3G</name>
<Point><coordinates>85.00190394,25.67173385,0</coordinates></Point>
</Placemark>
<Placemark>
<name>3G</name>
<Point><coordinates>85.09826409,25.47917763,0</coordinates></Point>
</Placemark>
<Placemark>
<name>LTE</name>
<Point><coordinates>85.13709406,25.70601064,0</coordinates></Point>
</Placemark>
<Placemark>
<name>4G</name>
<Point><coordinates>85.12257259,25.71059101,0</coordinates></Point>
</Placemark>
<Placemark>
<name>5G</name>
<Point><coordinates>85.12368478,25.57185407,0</coordinates></Point>
</Placemark>
<Placemark>
<name>5G</name>
<Point><coordinates>85.13773155,25.52506548,0</coordinates></Point>
</Placemark>
<Placemark>
<name>4G</name>
<Point><coordinates>85.12727821,25.66656162,0</coordinates></Point>
</Placemark>
<Placemark>
<name>4G</name>
<Point><coordinates>85.11234087,25.49619375,0</coordinates></Point>
</Placemark>
<Placemark>
<name>4G</name>
<Point><coordinates>85.13806161,25.61565683,0</coordinates></Point>
</Placemark>
<Placemark>
<name>5G</name>
<Point><coordinates>85.28876319,25.56052505,0</coordinates></Point>
</Placemark>
<Placemark>
<name>5G</name>
<Point><coordinates>85.04294125,25.57616892,0</coordinates></Point>
</Placemark>
<Placemark>
<name>3G</name>
<Point><coordinates>85.22137846,25.64804179,0</coordinates></Point>
</Placemark>
<Placemark>
<name>3G</name>
<Point><coordinates>85.28333119,25.54452688,0</coordinates></Point>
</Placemark>
<Placemark>
<name>4G</name>
<Point><coordinates>85.12635561,25.49682148,0</coordinates></Point>
</Placemark>
<Placemark>
<name>5G</name>
<Point><coordinates>85.21438717,25.49426211,0</coordinates></Point>
</Placemark>
<Placemark>
<name>4G</name>
<Point><coordinates>85.29536574,25.54331667,0</coordinates></Point>
</Placemark>
<Placemark>
<name>LTE</name>
<Point><coordinates>85.30071559,25.60329827,0</coordinates></Point>
</Placemark>
<Placemark>
<name>3G</name>
<Point><coordinates>84.9864192,25.61771202,0</coordinates></Point>
</Placemark>
<Placemark>
<name>LTE</name>
<Point><coordinates>85.09806799,25.61256619,0</coordinates></Point>
</Placemark>
<Placemark>
<name>LTE</name>
<Point><coordinates>85.0712725,25.57264644,0</coordinates></Point>
</Placemark>
<Placemark>
<name>LTE</name>
<Point><coordinates>85.12378428,25.57668771,0</coordinates></Point>
</Placemark>
<Placemark>
<name>LTE</name>
<Point><coordinates>85.16353682,25.43212262,0</coordinates></Point>
</Placemark>
<Placemark>
<name>4G</name>
<Point><coordinates>85.02139757,25.49050598,0</coordinates></Point>
</Placemark>
<Placemark>
<name>4G</name>
<Point><coordinates>85.00292164,25.52676819,0</coordinates></Point>
</Placemark>
<Placemark>
<name>3G</name>
<Point><coordinates>85.07511677,25.61791814,0</coordinates></Point>
</Placemark>
<Placemark>
<name>3G</name>
<Point><coordinates>85.24713519,25.68263438,0</coordinates></Point>
</Placemark>
<Placemark>
<name>3G</name>
<Point><coordinates>85.13721101,25.73169573,0</coordinates></Point>
</Placemark>
<Placemark>
<name>4G</name>
<Point><coordinates>84.9620763,25.59344122,0</coordinates></Point>
</Placemark>
<Placemark>
<name>4G</name>
<Point><coordinates>85.04954233,25.71464788,0</coordinates></Point>
</Placemark>
<Placemark>
<name>LTE</name>
<Point><coordinates>85.1045502,25.6158254,0</coordinates></Point>
</Placemark>
<Placemark>
<name>3G</name>
<Point><coordinates>85.22729685,25.45084793,0</coordinates></Point>
</Placemark>
<Placemark>
<name>4G</name>
<Point><coordinates>85.14759385,25.58965114,0</coordinates></Point>
</Placemark>
<Placemark>
<name>4G</name>
<Point><coordinates>85.06994822,25.7394275,0</coordinates></Point>
</Placemark>
<Placemark>
<name>4G</name>
<Point><coordinates>85.10781366,25.73955536,0</coordinates></Point>
</Placemark>
<Placemark>
<name>3G</name>
<Point><coordinates>85.14349315,25.47400188,0</coordinates></Point>
</Placemark>
<Placemark>
<name>5G</name>
<Point><coordinates>85.22604013,25.51604688,0</coordinates></Point>
</Placemark>
<Placemark>
<name>3G</name>
<Point><coordinates>85.0048836,25.5778017,0</coordinates></Point>
</Placemark>
<Placemark>
<name>4G</name>
<Point><coordinates>85.097468,25.43150694,0</coordinates></Point>
</Placemark>
<Placemark>
<name>4G</name>
<Point><coordinates>85.13664884,25.63455105,0</coordinates></Point>
</Placemark>
<Placemark>
<name>3G</name>
<Point><coordinates>84.96538155,25.59582612,0</coordinates></Point>
</Placemark>
<Placemark>
<name>4G</name>
<Point><coordinates>85.13594229,25.59810942,0</coordinates></Point>
</Placemark>
<Placemark>
<name>LTE</name>
<Point><coordinates>84.99176983,25.51955461,0</coordinates></Point>
</Placemark>
<Placemark>
<name>5G</name>
<Point><coordinates>85.01693954,25.71548923,0</coordinates></Point>
</Placemark>
<Placemark>
<name>4G</name>
<Point><coordinates>84.99641488,25.69533972,0</coordinates></Point>
</Placemark>
<Placemark>
<name>5G</name>
<Point><coordinates>85.00539133,25.49474335,0</coordinates></Point>
</Placemark>
<Placemark>
<name>4G</name>
<Point><coordinates>85.09248323,25.5980985,0</coordinates></Point>
</Placemark>
<Placemark>
<name>LTE</name>
<Point><coordinates>85.20336519,25.56785261,0</coordinates></Point>
</Placemark>
<Placemark>
<name>LTE</name>
<Point><coordinates>85.0114633,25.58342631,0</coordinates></Point>
</Placemark>
<Placemark>
<name>5G</name>
<Point><coordinates>85.08768304,25.52881926,0</coordinates></Point>
</Placemark>
<Placemark>
<name>5G</name>
<Point><coordinates>85.23524296,25.55875645,0</coordinates></Point>
</Placemark>
<Placemark>
<name>3G</name>
<Point><coordinates>85.19910842,25.68493816,0</coordinates></Point>
</Placemark>
<Placemark>
<name>5G</name>
<Point><coordinates>85.00206628,25.500041,0</coordinates></Point>
</Placemark>
<Placemark>
<name>LTE</name>
<Point><coordinates>85.26755111,25.56184546,0</coordinates></Point>
</Placemark>
<Placemark>
<name>5G</name>
<Point><coordinates>85.09460977,25.61722694,0</coordinates></Point>
</Placemark>
<Placemark>
<name>5G</name>
<Point><coordinates>85.09727394,25.76167337,0</coordinates></Point>
</Placemark>
<Placemark>
<name>3G</name>
<Point><coordinates>85.19375554,25.4700023,0</coordinates></Point>
</Placemark>
<Placemark>
<name>5G</name>
<Point><coordinates>84.96716084,25.54449577,0</coordinates></Point>
</Placemark>
<Placemark>
<name>3G</name>
<Point><coordinates>84.99630828,25.61509716,0</coordinates></Point>
</Placemark>
<Placemark>
<name>LTE</name>
<Point><coordinates>84.98320386,25.56515407,0</coordinates></Point>
</Placemark>
<Placemark>
<name>5G</name>
<Point><coordinates>85.17468035,25.47739903,0</coordinates></Point>
</Placemark>
<Placemark>
<name>LTE</name>
<Point><coordinates>84.98699239,25.58250802,0</coordinates></Point>
</Placemark>
<Placemark>
<name>4G</name>
<Point><coordinates>84.9960621,25.48617817,0</coordinates></Point>
</Placemark>
<Placemark>
<name>5G</name>
<Point><coordinates>85.08415635,25.43447632,0</coordinates></Point>
</Placemark>
<Placemark>
<name>4G</name>
<Point><coordinates>85.13600961,25.49833111,0</coordinates></Point>
</Placemark>
<Placemark>
<name>5G</name>
<Point><coordinates>85.09945442,25.7557957,0</coordinates></Point>
</Placemark>
<Placemark>
<name>5G</name>
<Point><coordinates>84.97411918,25.5883626,0</coordinates></Point>
</Placemark>
<Placemark>
<name>LTE</name>
<Point><coordinates>85.0496287,25.65667322,0</coordinates></Point>
</Placemark>
<Placemark>
<name>LTE</name>
<Point><coordinates>85.15728004,25.47744737,0</coordinates></Point>
</Placemark>
<Placemark>
<name>3G</name>
<Point><coordinates>85.01586988,25.71367171,0</coordinates></Point>
</Placemark>
<Placemark>
<name>LTE</name>
<Point><coordinates>85.00448947,25.55297024,0</coordinates></Point>
</Placemark>
<Placemark>
<name>3G</name>
<Point><coordinates>85.14530455,25.6715129,0</coordinates></Point>
</Placemark>
<Placemark>
<name>3G</name>
<Point><coordinates>85.1872652,25.47457359,0</coordinates></Point>
</Placemark>
<Placemark>
<name>4G</name>
<Point><coordinates>85.26132181,25.52268849,0</coordinates></Point>
</Placemark>
<Placemark>
<name>5G</name>
<Point><coordinates>85.05877361,25.46781949,0</coordinates></Point>
</Placemark>
<Placemark>
<name>3G</name>
<Point><coordinates>85.04400943,25.45341794,0</coordinates></Point>
</Placemark>
<Placemark>
<name>LTE</name>
<Point><coordinates>85.11478224,25.64515551,0</coordinates></Point>
</Placemark>
<Placemark>
<name>3G</name>
<Point><coordinates>85.28500915,25.51111643,0</coordinates></Point>
</Placemark>
<Placemark>
<name>LTE</name>
<Point><coordinates>85.03385062,25.50907868,0</coordinates></Point>
</Placemark>
<Placemark>
<name>5G</name>
<Point><coordinates>85.04295786,25.51503321,0</coordinates></Point>
</Placemark>
<Placemark>
<name>4G</name>
<Point><coordinates>85.06923466,25.50166844,0</coordinates></Point>
</Placemark>
<Placemark>
<name>4G</name>
<Point><coordinates>85.09494808,25.64693282,0</coordinates></Point>
</Placemark>
<Placemark>
<name>3G</name>
<Point><coordinates>85.26364455,25.52574515,0</coordinates></Point>
</Placemark>
<Placemark>
<name>LTE</name>
<Point><coordinates>85.17214752,25.4399308,0</coordinates></Point>
</Placemark>
<Placemark>
<name>5G</name>
<Point><coordinates>85.11872065,25.42230598,0</coordinates></Point>
</Placemark>
<Placemark>
<name>3G</name>
<Point><coordinates>85.17367942,25.75575398,0</coordinates></Point>
</Placemark>
<Placemark>
<name>5G</name>
<Point><coordinates>85.04645216,25.58137325,0</coordinates></Point>
</Placemark>
<Placemark>
<name>5G</name>
<Point><coordinates>85.2926858,25.59833524,0</coordinates></Point>
</Placemark>
<Placemark>
<name>4G</name>
<Point><coordinates>85.19925813,25.49361721,0</coordinates></Point>
</Placemark>
<Placemark>
<name>5G</name>
<Point><coordinates>85.27365636,25.57803469,0</coordinates></Point>
</Placemark>
<Placemark>
<name>5G</name>
<Point><coordinates>85.21579274,25.61459781,0</coordinates></Point>
</Placemark>
<Placemark>
<name>LTE</name>
<Point><coordinates>85.26177392,25.48418633,0</coordinates></Point>
</Placemark>
<Placemark>
<name>4G</name>
<Point><coordinates>85.28909858,25.50361869,0</coordinates></Point>
</Placemark>
<Placemark>
<name>LTE</name>
<Point><coordinates>85.30263461,25.53492545,0</coordinates></Point>
</Placemark>
<Placemark>
<name>3G</name>
<Point><coordinates>85.11339158,25.75626683,0</coordinates></Point>
</Placemark>
<Placemark>
<name>4G</name>
<Point><coordinates>85.14445835,25.64450274,0</coordinates></Point>
</Placemark>
<Placemark>
<name>4G</name>
<Point><coordinates>85.28375178,25.57629993,0</coordinates></Point>
</Placemark>
<Placemark>
<name>5G</name>
<Point><coordinates>85.18310781,25.49121997,0</coordinates></Point>
</Placemark>
<Placemark>
<name>4G</name>
<Point><coordinates>85.09905603,25.6549201,0</coordinates></Point>
</Placemark>
<Placemark>
<name>4G</name>
<Point><coordinates>85.15844858,25.51001616,0</coordinates></Point>
</Placemark>
<Placemark>
<name>5G</name>
<Point><coordinates>85.16016038,25.46480864,0</coordinates></Point>
</Placemark>
<Placemark>
<name>5G</name>
<Point><coordinates>85.05772434,25.43983925,0</coordinates></Point>
</Placemark>
<Placemark>
<name>3G</name>
<Point><coordinates>85.15698132,25.42269173,0</coordinates></Point>
</Placemark>
<Placemark>
<name>5G</name>
<Point><coordinates>85.21600322,25.63767456,0</coordinates></Point>
</Placemark>
<Placemark>
<name>LTE</name>
<Point><coordinates>85.24561762,25.70741082,0</coordinates></Point>
</Placemark>
<Placemark>
<name>LTE</name>
<Point><coordinates>85.07021353,25.6201829,0</coordinates></Point>
</Placemark>
<Placemark>
<name>5G</name>
<Point><coordinates>85.05431944,25.56668413,0</coordinates></Point>
</Placemark>
<Placemark>
<name>5G</name>
<Point><coordinates>85.06504679,25.47367506,0</coordinates></Point>
</Placemark>
<Placemark>
<name>LTE</name>
<Point><coordinates>85.25840352,25.52274379,0</coordinates></Point>
</Placemark>
<Placemark>
<name>5G</name>
<Point><coordinates>85.25055775,25.67711303,0</coordinates></Point>
</Placemark>
<Placemark>
<name>4G</name>
<Point><coordinates>85.17462242,25.58974471,0</coordinates></Point>
</Placemark>
<Placemark>
<name>LTE</name>
<Point><coordinates>85.19784032,25.50772362,0</coordinates></Point>
</Placemark>
<Placemark>
<name>4G</name>
<Point><coordinates>85.29900738,25.65787888,0</coordinates></Point>
</Placemark>
<Placemark>
<name>4G</name>
<Point><coordinates>85.10671036,25.6789897,0</coordinates></Point>
</Placemark>
<Placemark>
<name>3G</name>
<Point><coordinates>85.1957827,25.44159692,0</coordinates></Point>
</Placemark>
<Placemark>
<name>5G</name>
<Point><coordinates>85.02880222,25.53014531,0</coordinates></Point>
</Placemark>
<Placemark>
<name>4G</name>
<Point><coordinates>84.98364208,25.56012788,0</coordinates></Point>
</Placemark>
<Placemark>
<name>LTE</name>
<Point><coordinates>85.0710094,25.67385959,0</coordinates></Point>
</Placemark>
<Placemark>
<name>4G</name>
<Point><coordinates>85.03622783,25.57302742,0</coordinates></Point>
</Placemark>
<Placemark>
<name>5G</name>
<Point><coordinates>85.16042496,25.53800896,0</coordinates></Point>
</Placemark>
<Placemark>
<name>5G</name>
<Point><coordinates>85.29536507,25.62124331,0</coordinates></Point>
</Placemark>
<Placemark>
<name>4G</name>
<Point><coordinates>85.10979284,25.67829234,0</coordinates></Point>
</Placemark>
<Placemark>
<name>4G</name>
<Point><coordinates>85.02017527,25.57891737,0</coordinates></Point>
</Placemark>
<Placemark>
<name>3G</name>
<Point><coordinates>85.24568711,25.57393758,0</coordinates></Point>
</Placemark>
<Placemark>
<name>4G</name>
<Point><coordinates>85.18677306,25.50565738,0</coordinates></Point>
</Placemark>
<Placemark>
<name>3G</name>
<Point><coordinates>85.25080617,25.58927261,0</coordinates></Point>
</Placemark>
<Placemark>
<name>3G</name>
<Point><coordinates>85.06555391,25.66277161,0</coordinates></Point>
</Placemark>
<Placemark>
<name>LTE</name>
<Point><coordinates>85.10457515,25.41860568,0</coordinates></Point>
</Placemark>
<Placemark>
<name>5G</name>
<Point><coordinates>85.14619071,25.58860326,0</coordinates></Point>
</Placemark>
<Placemark>
<name>5G</name>
<Point><coordinates>85.10165022,25.53678716,0</coordinates></Point>
</Placemark>
<Placemark>
<name>LTE</name>
<Point><coordinates>85.10977641,25.62425019,0</coordinates></Point>
</Placemark>
<Placemark>
<name>4G</name>
<Point><coordinates>85.06586003,25.61489656,0</coordinates></Point>
</Placemark>
<Placemark>
<name>LTE</name>
<Point><coordinates>85.14708688,25.61492243,0</coordinates></Point>
</Placemark>
<Placemark>
<name>3G</name>
<Point><coordinates>85.07607963,25.42739725,0</coordinates></Point>
</Placemark>
<Placemark>
<name>4G</name>
<Point><coordinates>85.1146998,25.68325912,0</coordinates></Point>
</Placemark>
<Placemark>
<name>4G</name>
<Point><coordinates>85.26170106,25.49582775,0</coordinates></Point>
</Placemark>
<Placemark>
<name>LTE</name>
<Point><coordinates>85.19742548,25.5751879,0</coordinates></Point>
</Placemark>
<Placemark>
<name>5G</name>
<Point><coordinates>85.16395993,25.45497569,0</coordinates></Point>
</Placemark>
<Placemark>
<name>LTE</name>
<Point><coordinates>85.1338562,25.59997196,0</coordinates></Point>
</Placemark>
<Placemark>
<name>3G</name>
<Point><coordinates>85.10387177,25.52187702,0</coordinates></Point>
</Placemark>
<Placemark>
<name>5G</name>
<Point><coordinates>85.0729646,25.56736896,0</coordinates></Point>
</Placemark>
<Placemark>
<name>5G</name>
<Point><coordinates>85.25852736,25.52014971,0</coordinates></Point>
</Placemark>
<Placemark>
<name>LTE</name>
<Point><coordinates>85.27050474,25.64268179,0</coordinates></Point>
</Placemark>
<Placemark>
<name>LTE</name>
<Point><coordinates>85.07238723,25.74510054,0</coordinates></Point>
</Placemark>
<Placemark>
<name>3G</name>
<Point><coordinates>85.21376884,25.55728393,0</coordinates></Point>
</Placemark>
<Placemark>
<name>LTE</name>
<Point><coordinates>85.12073297,25.57785184,0</coordinates></Point>
</Placemark>
<Placemark>
<name>5G</name>
<Point><coordinates>85.13957113,25.58900172,0</coordinates></Point>
</Placemark>
<Placemark>
<name>LTE</name>
<Point><coordinates>85.19102331,25.42739266,0</coordinates></Point>
</Placemark>
<Placemark>
<name>3G</name>
<Point><coordinates>85.04256328,25.51528376,0</coordinates></Point>
</Placemark>
<Placemark>
<name>3G</name>
<Point><coordinates>85.03535771,25.4593308,0</coordinates></Point>
</Placemark>
<Placemark>
<name>4G</name>
<Point><coordinates>85.1142251,25.54223139,0</coordinates></Point>
</Placemark>
<Placemark>
<name>4G</name>
<Point><coordinates>84.96947737,25.57100726,0</coordinates></Point>
</Placemark>
<Placemark>
<name>4G</name>
<Point><coordinates>85.07181234,25.5216855,0</coordinates></Point>
</Placemark>
<Placemark>
<name>4G</name>
<Point><coordinates>85.06749368,25.46683046,0</coordinates></Point>
</Placemark>
<Placemark>
<name>3G</name>
<Point><coordinates>85.25013695,25.67088187,0</coordinates></Point>
</Placemark>
<Placemark>
<name>LTE</name>
<Point><coordinates>85.14544106,25.4498957,0</coordinates></Point>
</Placemark>
<Placemark>
<name>4G</name>
<Point><coordinates>85.22021996,25.54738571,0</coordinates></Point>
</Placemark>
<Placemark>
<name>LTE</name>
<Point><coordinates>85.12210415,25.46002377,0</coordinates></Point>
</Placemark>
<Placemark>
<name>5G</name>
<Point><coordinates>84.97760882,25.53757595,0</coordinates></Point>
</Placemark>
<Placemark>
<name>3G</name>
<Point><coordinates>85.1877776,25.48873541,0</coordinates></Point>
</Placemark>
<Placemark>
<name>4G</name>
<Point><coordinates>85.29439101,25.65040163,0</coordinates></Point>
</Placemark>
<Placemark>
<name>4G</name>
<Point><coordinates>85.28730996,25.52614034,0</coordinates></Point>
</Placemark>
<Placemark>
<name>4G</name>
<Point><coordinates>85.25767652,25.61144518,0</coordinates></Point>
</Placemark>
<Placemark>
<name>4G</name>
<Point><coordinates>84.97443051,25.54400976,0</coordinates></Point>
</Placemark>
<Placemark>
<name>5G</name>
<Point><coordinates>85.09175669,25.52498857,0</coordinates></Point>
</Placemark>
<Placemark>
<name>3G</name>
<Point><coordinates>85.23507154,25.72168522,0</coordinates></Point>
</Placemark>
<Placemark>
<name>3G</name>
<Point><coordinates>85.05000265,25.61188706,0</coordinates></Point>
</Placemark>
<Placemark>
<name>5G</name>
<Point><coordinates>85.10348784,25.73982991,0</coordinates></Point>
</Placemark>
<Placemark>
<name>5G</name>
<Point><coordinates>85.23689369,25.63581072,0</coordinates></Point>
</Placemark>
<Placemark>
<name>3G</name>
<Point><coordinates>85.12960838,25.41718214,0</coordinates></Point>
</Placemark>
<Placemark>
<name>4G</name>
<Point><coordinates>85.22717201,25.50005872,0</coordinates></Point>
</Placemark>
<Placemark>
<name>LTE</name>
<Point><coordinates>85.0225731,25.71239256,0</coordinates></Point>
</Placemark>
<Placemark>
<name>LTE</name>
<Point><coordinates>85.08915924,25.44901698,0</coordinates></Point>
</Placemark>
<Placemark>
<name>5G</name>
<Point><coordinates>85.04625317,25.66432387,0</coordinates></Point>
</Placemark>
<Placemark>
<name>5G</name>
<Point><coordinates>85.25016218,25.65631712,0</coordinates></Point>
</Placemark>
<Placemark>
<name>LTE</name>
<Point><coordinates>84.99070851,25.69311483,0</coordinates></Point>
</Placemark>
<Placemark>
<name>4G</name>
<Point><coordinates>85.18538648,25.45181449,0</coordinates></Point>
</Placemark>
<Placemark>
<name>5G</name>
<Point><coordinates>85.12955255,25.67015484,0</coordinates></Point>
</Placemark>
<Placemark>
<name>LTE</name>
<Point><coordinates>85.2522308,25.63637945,0</coordinates></Point>
</Placemark>
<Placemark>
<name>LTE</name>
<Point><coordinates>85.12107651,25.75914809,0</coordinates></Point>
</Placemark>
<Placemark>
<name>4G</name>
<Point><coordinates>85.09785435,25.57756725,0</coordinates></Point>
</Placemark>
<Placemark>
<name>LTE</name>
<Point><coordinates>85.0156981,25.6498495,0</coordinates></Point>
</Placemark>
<Placemark>
<name>3G</name>
<Point><coordinates>85.30372671,25.61653486,0</coordinates></Point>
</Placemark>
<Placemark>
<name>4G</name>
<Point><coordinates>85.03623457,25.5131889,0</coordinates></Point>
</Placemark>
<Placemark>
<name>4G</name>
<Point><coordinates>85.08129632,25.4351373,0</coordinates></Point>
</Placemark>
<Placemark>
<name>4G</name>
<Point><coordinates>85.03069327,25.50760133,0</coordinates></Point>
</Placemark>
<Placemark>
<name>3G</name>
<Point><coordinates>85.21030036,25.58352191,0</coordinates></Point>
</Placemark>
<Placemark>
<name>3G</name>
<Point><coordinates>84.97084016,25.65407869,0</coordinates></Point>
</Placemark>
<Placemark>
<name>3G</name>
<Point><coordinates>85.12235219,25.62059909,0</coordinates></Point>
</Placemark>
<Placemark>
<name>3G</name>
<Point><coordinates>85.12464223,25.75145996,0</coordinates></Point>
</Placemark>
<Placemark>
<name>4G</name>
<Point><coordinates>85.13678125,25.68308102,0</coordinates></Point>
</Placemark>
<Placemark>
<name>5G</name>
<Point><coordinates>85.01415492,25.55041277,0</coordinates></Point>
</Placemark>
<Placemark>
<name>LTE</name>
<Point><coordinates>85.1369029,25.56860704,0</coordinates></Point>
</Placemark>
<Placemark>
<name>LTE</name>
<Point><coordinates>84.98379599,25.54676581,0</coordinates></Point>
</Placemark>
<Placemark>
<name>LTE</name>
<Point><coordinates>85.27531196,25.5419727,0</coordinates></Point>
</Placemark>
<Placemark>
<name>4G</name>
<Point><coordinates>85.14032209,25.69792187,0</coordinates></Point>
</Placemark>
<Placemark>
<name>5G</name>
<Point><coordinates>85.16686477,25.53376963,0</coordinates></Point>
</Placemark>
<Placemark>
<name>4G</name>
<Point><coordinates>85.2594922,25.6442084,0</coordinates></Point>
</Placemark>
<Placemark>
<name>LTE</name>
<Point><coordinates>85.21230133,25.46799177,0</coordinates></Point>
</Placemark>
<Placemark>
<name>5G</name>
<Point><coordinates>85.23374305,25.56275024,0</coordinates></Point>
</Placemark>
<Placemark>
<name>4G</name>
<Point><coordinates>85.01766843,25.56225333,0</coordinates></Point>
</Placemark>
<Placemark>
<name>5G</name>
<Point><coordinates>85.2320179,25.73571867,0</coordinates></Point>
</Placemark>
<Placemark>
<name>4G</name>
<Point><coordinates>85.04951008,25.55690759,0</coordinates></Point>
</Placemark>
<Placemark>
<name>LTE</name>
<Point><coordinates>85.20446844,25.50545573,0</coordinates></Point>
</Placemark>
<Placemark>
<name>4G</name>
<Point><coordinates>85.19318152,25.57112154,0</coordinates></Point>
</Placemark>
<Placemark>
<name>4G</name>
<Point><coordinates>85.15690757,25.5441426,0</coordinates></Point>
</Placemark>
<Placemark>
<name>3G</name>
<Point><coordinates>84.9882001,25.63161031,0</coordinates></Point>
</Placemark>
<Placemark>
<name>5G</name>
<Point><coordinates>85.0510319,25.66219763,0</coordinates></Point>
</Placemark>
<Placemark>
<name>5G</name>
<Point><coordinates>85.22642986,25.72347857,0</coordinates></Point>
</Placemark>
<Placemark>
<name>5G</name>
<Point><coordinates>85.26878104,25.70290251,0</coordinates></Point>
</Placemark>
<Placemark>
<name>LTE</name>
<Point><coordinates>85.07823565,25.61525543,0</coordinates></Point>
</Placemark>
<Placemark>
<name>LTE</name>
<Point><coordinates>85.1289007,25.67934365,0</coordinates></Point>
</Placemark>
<Placemark>
<name>3G</name>
<Point><coordinates>85.21602894,25.47371427,0</coordinates></Point>
</Placemark>
<Placemark>
<name>5G</name>
<Point><coordinates>85.16312589,25.48221299,0</coordinates></Point>
</Placemark>
<Placemark>
<name>4G</name>
<Point><coordinates>85.11995697,25.59169749,0</coordinates></Point>
</Placemark>
<Placemark>
<name>4G</name>
<Point><coordinates>85.27178948,25.47724218,0</coordinates></Point>
</Placemark>
<Placemark>
<name>4G</name>
<Point><coordinates>85.25169761,25.59989365,0</coordinates></Point>
</Placemark>
<Placemark>
<name>LTE</name>
<Point><coordinates>85.09978818,25.63012967,0</coordinates></Point>
</Placemark>
<Placemark>
<name>4G</name>
<Point><coordinates>85.21834401,25.48075396,0</coordinates></Point>
</Placemark>
<Placemark>
<name>5G</name>
<Point><coordinates>85.00546061,25.67402155,0</coordinates></Point>
</Placemark>
<Placemark>
<name>4G</name>
<Point><coordinates>84.97749318,25.64563674,0</coordinates></Point>
</Placemark>
<Placemark>
<name>5G</name>
<Point><coordinates>85.18817101,25.54495534,0</coordinates></Point>
</Placemark>
<Placemark>
<name>4G</name>
<Point><coordinates>85.10545668,25.59239841,0</coordinates></Point>
</Placemark>
<Placemark>
<name>4G</name>
<Point><coordinates>85.09067423,25.58733281,0</coordinates></Point>
</Placemark>
<Placemark>
<name>LTE</name>
<Point><coordinates>84.99098038,25.68031334,0</coordinates></Point>
</Placemark>
<Placemark>
<name>5G</name>
<Point><coordinates>85.21585947,25.44631402,0</coordinates></Point>
</Placemark>
<Placemark>
<name>LTE</name>
<Point><coordinates>85.15377208,25.48858035,0</coordinates></Point>
</Placemark>
<Placemark>
<name>LTE</name>
<Point><coordinates>85.14147581,25.70489063,0</coordinates></Point>
</Placemark>
<Placemark>
<name>3G</name>
<Point><coordinates>85.1381156,25.69507434,0</coordinates></Point>
</Placemark>
<Placemark>
<name>4G</name>
<Point><coordinates>85.16239799,25.56122305,0</coordinates></Point>
</Placemark>
<Placemark>
<name>4G</name>
<Point><coordinates>85.08845283,25.58407877,0</coordinates></Point>
</Placemark>
<Placemark>
<name>LTE</name>
<Point><coordinates>85.15579976,25.58003256,0</coordinates></Point>
</Placemark>
<Placemark>
<name>5G</name>
<Point><coordinates>85.26607851,25.69910965,0</coordinates></Point>
</Placemark>
<Placemark>
<name>3G</name>
<Point><coordinates>84.97750061,25.59868613,0</coordinates></Point>
</Placemark>
<Placemark>
<name>5G</name>
<Point><coordinates>85.21417223,25.49136227,0</coordinates></Point>
</Placemark>
<Placemark>
<name>5G</name>
<Point><coordinates>85.22972165,25.52977268,0</coordinates></Point>
</Placemark>
<Placemark>
<name>4G</name>
<Point><coordinates>85.16103611,25.43018974,0</coordinates></Point>
</Placemark>
<Placemark>
<name>3G</name>
<Point><coordinates>84.96075503,25.58300453,0</coordinates></Point>
</Placemark>
<Placemark>
<name>3G</name>
<Point><coordinates>85.00096962,25.51357491,0</coordinates></Point>
</Placemark>
<Placemark>
<name>5G</name>
<Point><coordinates>85.26402247,25.5913262,0</coordinates></Point>
</Placemark>
<Placemark>
<name>5G</name>
<Point><coordinates>85.00458004,25.4853571,0</coordinates></Point>
</Placemark>
<Placemark>
<name>3G</name>
<Point><coordinates>85.23735426,25.62560584,0</coordinates></Point>
</Placemark>
<Placemark>
<name>3G</name>
<Point><coordinates>85.1207374,25.5133291,0</coordinates></Point>
</Placemark>
<Placemark>
<name>5G</name>
<Point><coordinates>85.09176228,25.59105012,0</coordinates></Point>
</Placemark>
<Placemark>
<name>LTE</name>
<Point><coordinates>85.03818964,25.47338647,0</coordinates></Point>
</Placemark>
<Placemark>
<name>4G</name>
<Point><coordinates>85.19271394,25.75327794,0</coordinates></Point>
</Placemark>
<Placemark>
<name>3G</name>
<Point><coordinates>85.22621201,25.64768977,0</coordinates></Point>
</Placemark>
<Placemark>
<name>5G</name>
<Point><coordinates>85.07738439,25.47930001,0</coordinates></Point>
</Placemark>
<Placemark>
<name>LTE</name>
<Point><coordinates>85.14780898,25.6920302,0</coordinates></Point>
</Placemark>
<Placemark>
<name>3G</name>
<Point><coordinates>85.19966591,25.42557905,0</coordinates></Point>
</Placemark>
<Placemark>
<name>4G</name>
<Point><coordinates>85.03105903,25.62898588,0</coordinates></Point>
</Placemark>
<Placemark>
<name>4G</name>
<Point><coordinates>85.15334226,25.42004024,0</coordinates></Point>
</Placemark>
<Placemark>
<name>LTE</name>
<Point><coordinates>85.20145023,25.6432566,0</coordinates></Point>
</Placemark>
<Placemark>
<name>3G</name>
<Point><coordinates>85.15962407,25.75024734,0</coordinates></Point>
</Placemark>
<Placemark>
<name>3G</name>
<Point><coordinates>85.27483199,25.66677382,0</coordinates></Point>
</Placemark>
<Placemark>
<name>5G</name>
<Point><coordinates>85.07138146,25.70288693,0</coordinates></Point>
</Placemark>
<Placemark>
<name>LTE</name>
<Point><coordinates>85.22180274,25.69683851,0</coordinates></Point>
</Placemark>
<Placemark>
<name>4G</name>
<Point><coordinates>85.03021645,25.64420877,0</coordinates></Point>
</Placemark>
<Placemark>
<name>4G</name>
<Point><coordinates>85.10055454,25.55719993,0</coordinates></Point>
</Placemark>
<Placemark>
<name>5G</name>
<Point><coordinates>84.99050742,25.60333828,0</coordinates></Point>
</Placemark>
<Placemark>
<name>3G</name>
<Point><coordinates>85.19345588,25.63722161,0</coordinates></Point>
</Placemark>
<Placemark>
<name>3G</name>
<Point><coordinates>85.18793488,25.67861873,0</coordinates></Point>
</Placemark>
<Placemark>
<name>4G</name>
<Point><coordinates>85.16611792,25.76379495,0</coordinates></Point>
</Placemark>
<Placemark>
<name>4G</name>
<Point><coordinates>85.08776046,25.64789541,0</coordinates></Point>
</Placemark>
<Placemark>
<name>5G</name>
<Point><coordinates>85.30173285,25.63782743,0</coordinates></Point>
</Placemark>
<Placemark>
<name>3G</name>
<Point><coordinates>85.16736678,25.63445306,0</coordinates></Point>
</Placemark>
<Placemark>
<name>LTE</name>
<Point><coordinates>85.12737366,25.51916376,0</coordinates></Point>
</Placemark>
<Placemark>
<name>3G</name>
<Point><coordinates>85.0096707,25.70165171,0</coordinates></Point>
</Placemark>
<Placemark>
<name>5G</name>
<Point><coordinates>85.08534367,25.72057301,0</coordinates></Point>
</Placemark>
<Placemark>
<name>5G</name>
<Point><coordinates>85.27731611,25.59703992,0</coordinates></Point>
</Placemark>
<Placemark>
<name>5G</name>
<Point><coordinates>85.07334495,25.45379574,0</coordinates></Point>
</Placemark>
<Placemark>
<name>5G</name>
<Point><coordinates>85.09567701,25.68978773,0</coordinates></Point>
</Placemark>
<Placemark>
<name>LTE</name>
<Point><coordinates>85.21462895,25.57990384,0</coordinates></Point>
</Placemark>
<Placemark>
<name>LTE</name>
<Point><coordinates>85.23466464,25.50102524,0</coordinates></Point>
</Placemark>
<Placemark>
<name>LTE</name>
<Point><coordinates>85.18303478,25.61338657,0</coordinates></Point>
</Placemark>
<Placemark>
<name>3G</name>
<Point><coordinates>85.01682812,25.51757068,0</coordinates></Point>
</Placemark>
<Placemark>
<name>5G</name>
<Point><coordinates>85.26095617,25.71193896,0</coordinates></Point>
</Placemark>
<Placemark>
<name>4G</name>
<Point><coordinates>85.10279807,25.42894916,0</coordinates></Point>
</Placemark>
<Placemark>
<name>LTE</name>
<Point><coordinates>85.15873747,25.57873986,0</coordinates></Point>
</Placemark>
<Placemark>
<name>LTE</name>
<Point><coordinates>85.09568157,25.61687734,0</coordinates></Point>
</Placemark>
<Placemark>
<name>5G</name>
<Point><coordinates>85.1067556,25.42560731,0</coordinates></Point>
</Placemark>
<Placemark>
<name>LTE</name>
<Point><coordinates>84.99021769,25.62178906,0</coordinates></Point>
</Placemark>
<Placemark>
<name>3G</name>
<Point><coordinates>85.22111544,25.69849189,0</coordinates></Point>
</Placemark>
<Placemark>
<name>4G</name>
<Point><coordinates>85.2646482,25.60472304,0</coordinates></Point>
</Placemark>
<Placemark>
<name>LTE</name>
<Point><coordinates>85.12671276,25.7202956,0</coordinates></Point>
</Placemark>
<Placemark>
<name>5G</name>
<Point><coordinates>85.22256668,25.73015336,0</coordinates></Point>
</Placemark>
<Placemark>
<name>3G</name>
<Point><coordinates>85.20410654,25.75094988,0</coordinates></Point>
</Placemark>
<Placemark>
<name>5G</name>
<Point><coordinates>85.00815414,25.58350722,0</coordinates></Point>
</Placemark>
<Placemark>
<name>5G</name>
<Point><coordinates>85.22125835,25.67001534,0</coordinates></Point>
</Placemark>
<Placemark>
<name>3G</name>
<Point><coordinates>84.99311748,25.61023173,0</coordinates></Point>
</Placemark>
<Placemark>
<name>3G</name>
<Point><coordinates>85.2129069,25.55488645,0</coordinates></Point>
</Placemark>
<Placemark>
<name>LTE</name>
<Point><coordinates>85.03004247,25.62096522,0</coordinates></Point>
</Placemark>
<Placemark>
<name>3G</name>
<Point><coordinates>85.24708169,25.71001581,0</coordinates></Point>
</Placemark>
<Placemark>
<name>5G</name>
<Point><coordinates>85.01551777,25.67650586,0</coordinates></Point>
</Placemark>
<Placemark>
<name>3G</name>
<Point><coordinates>85.07032778,25.64777275,0</coordinates></Point>
</Placemark>
<Placemark>
<name>3G</name>
<Point><coordinates>85.01635426,25.58684946,0</coordinates></Point>
</Placemark>
<Placemark>
<name>5G</name>
<Point><coordinates>85.23698222,25.52013061,0</coordinates></Point>
</Placemark>
<Placemark>
<name>LTE</name>
<Point><coordinates>85.081383,25.46587074,0</coordinates></Point>
</Placemark>
<Placemark>
<name>5G</name>
<Point><coordinates>85.14929657,25.69984523,0</coordinates></Point>
</Placemark>
<Placemark>
<name>LTE</name>
<Point><coordinates>85.00417214,25.62968209,0</coordinates></Point>
</Placemark>
<Placemark>
<name>4G</name>
<Point><coordinates>85.173182,25.58765585,0</coordinates></Point>
</Placemark>
<Placemark>
<name>3G</name>
<Point><coordinates>85.14278796,25.47233651,0</coordinates></Point>
</Placemark>
<Placemark>
<name>LTE</name>
<Point><coordinates>85.03044179,25.51378148,0</coordinates></Point>
</Placemark>
<Placemark>
<name>4G</name>
<Point><coordinates>85.01041191,25.60110053,0</coordinates></Point>
</Placemark>
<Placemark>
<name>5G</name>
<Point><coordinates>85.25853973,25.66961506,0</coordinates></Point>
</Placemark>
<Placemark>
<name>3G</name>
<Point><coordinates>85.00961341,25.59835963,0</coordinates></Point>
</Placemark>
<Placemark>
<name>LTE</name>
<Point><coordinates>85.29451977,25.62270509,0</coordinates></Point>
</Placemark>
<Placemark>
<name>LTE</name>
<Point><coordinates>85.26600912,25.53425094,0</coordinates></Point>
</Placemark>
<Placemark>
<name>4G</name>
<Point><coordinates>85.19183498,25.55767371,0</coordinates></Point>
</Placemark>
<Placemark>
<name>3G</name>
<Point><coordinates>85.22698855,25.73912963,0</coordinates></Point>
</Placemark>
<Placemark>
<name>3G</name>
<Point><coordinates>85.25558429,25.57023698,0</coordinates></Point>
</Placemark>
<Placemark>
<name>5G</name>
<Point><coordinates>85.01309904,25.63054892,0</coordinates></Point>
</Placemark>
<Placemark>
<name>5G</name>
<Point><coordinates>84.97466642,25.57344472,0</coordinates></Point>
</Placemark>
<Placemark>
<name>5G</name>
<Point><coordinates>85.19939202,25.53537713,0</coordinates></Point>
</Placemark>
<Placemark>
<name>5G</name>
<Point><coordinates>85.29180031,25.59370047,0</coordinates></Point>
</Placemark>
<Placemark>
<name>3G</name>
<Point><coordinates>85.05476538,25.63368575,0</coordinates></Point>
</Placemark>
<Placemark>
<name>3G</name>
<Point><coordinates>85.036492,25.49593916,0</coordinates></Point>
</Placemark>
<Placemark>
<name>LTE</name>
<Point><coordinates>85.02620066,25.49481236,0</coordinates></Point>
</Placemark>
<Placemark>
<name>3G</name>
<Point><coordinates>85.20079527,25.5819056,0</coordinates></Point>
</Placemark>
<Placemark>
<name>4G</name>
<Point><coordinates>85.18331397,25.73835387,0</coordinates></Point>
</Placemark>
<Placemark>
<name>5G</name>
<Point><coordinates>85.3017762,25.65574749,0</coordinates></Point>
</Placemark>
<Placemark>
<name>3G</name>
<Point><coordinates>85.14261166,25.42022425,0</coordinates></Point>
</Placemark>
<Placemark>
<name>3G</name>
<Point><coordinates>85.22608448,25.61232599,0</coordinates></Point>
</Placemark>
<Placemark>
<name>3G</name>
<Point><coordinates>85.26643768,25.49275412,0</coordinates></Point>
</Placemark>
<Placemark>
<name>4G</name>
<Point><coordinates>85.18896093,25.76087924,0</coordinates></Point>
</Placemark>
<Placemark>
<name>3G</name>
<Point><coordinates>85.11433199,25.63470007,0</coordinates></Point>
</Placemark>
<Placemark>
<name>3G</name>
<Point><coordinates>85.23791261,25.72425943,0</coordinates></Point>
</Placemark>
<Placemark>
<name>5G</name>
<Point><coordinates>85.15237305,25.51970347,0</coordinates></Point>
</Placemark>
<Placemark>
<name>3G</name>
<Point><coordinates>85.0259293,25.57021558,0</coordinates></Point>
</Placemark>
<Placemark>
<name>5G</name>
<Point><coordinates>85.01424124,25.72123698,0</coordinates></Point>
</Placemark>
<Placemark>
<name>LTE</name>
<Point><coordinates>85.12214575,25.69047869,0</coordinates></Point>
</Placemark>
<Placemark>
<name>5G</name>
<Point><coordinates>85.02779374,25.46834123,0</coordinates></Point>
</Placemark>
<Placemark>
<name>LTE</name>
<Point><coordinates>85.20980128,25.55898624,0</coordinates></Point>
</Placemark>
<Placemark>
<name>4G</name>
<Point><coordinates>85.26512962,25.47635766,0</coordinates></Point>
</Placemark>
<Placemark>
<name>3G</name>
<Point><coordinates>85.123341,25.75941262,0</coordinates></Point>
</Placemark>
<Placemark>
<name>4G</name>
<Point><coordinates>85.06033487,25.5487858,0</coordinates></Point>
</Placemark>
<Placemark>
<name>LTE</name>
<Point><coordinates>85.30537534,25.64738851,0</coordinates></Point>
</Placemark>
<Placemark>
<name>4G</name>
<Point><coordinates>84.96035746,25.59587821,0</coordinates></Point>
</Placemark>
<Placemark>
<name>3G</name>
<Point><coordinates>85.21285944,25.44909382,0</coordinates></Point>
</Placemark>
<Placemark>
<name>3G</name>
<Point><coordinates>85.21507183,25.52736581,0</coordinates></Point>
</Placemark>
<Placemark>
<name>5G</name>
<Point><coordinates>85.14251085,25.62534312,0</coordinates></Point>
</Placemark>
<Placemark>
<name>5G</name>
<Point><coordinates>85.06926402,25.56438528,0</coordinates></Point>
</Placemark>
<Placemark>
<name>5G</name>
<Point><coordinates>85.13187291,25.51870305,0</coordinates></Point>
</Placemark>
<Placemark>
<name>5G</name>
<Point><coordinates>85.14683624,25.49344054,0</coordinates></Point>
</Placemark>
<Placemark>
<name>LTE</name>
<Point><coordinates>85.24281506,25.45868061,0</coordinates></Point>
</Placemark>
<Placemark>
<name>5G</name>
<Point><coordinates>85.00987091,25.5599519,0</coordinates></Point>
</Placemark>
<Placemark>
<name>LTE</name>
<Point><coordinates>85.17350467,25.62662555,0</coordinates></Point>
</Placemark>
<Placemark>
<name>3G</name>
<Point><coordinates>85.19136812,25.45784143,0</coordinates></Point>
</Placemark>
<Placemark>
<name>3G</name>
<Point><coordinates>85.10221251,25.66829955,0</coordinates></Point>
</Placemark>
<Placemark>
<name>4G</name>
<Point><coordinates>85.29326021,25.54429779,0</coordinates></Point>
</Placemark>
<Placemark>
<name>4G</name>
<Point><coordinates>85.0676099,25.68917955,0</coordinates></Point>
</Placemark>
<Placemark>
<name>5G</name>
<Point><coordinates>85.08317639,25.56906369,0</coordinates></Point>
</Placemark>
<Placemark>
<name>3G</name>
<Point><coordinates>85.09247782,25.43908662,0</coordinates></Point>
</Placemark>
<Placemark>
<name>3G</name>
<Point><coordinates>85.27888871,25.50713655,0</coordinates></Point>
</Placemark>
<Placemark>
<name>3G</name>
<Point><coordinates>85.03351036,25.57611994,0</coordinates></Point>
</Placemark>
<Placemark>
<name>3G</name>
<Point><coordinates>85.14285213,25.52794741,0</coordinates></Point>
</Placemark>
<Placemark>
<name>5G</name>
<Point><coordinates>85.05054196,25.61471348,0</coordinates></Point>
</Placemark>
<Placemark>
<name>4G</name>
<Point><coordinates>85.19168021,25.4260959,0</coordinates></Point>
</Placemark>
<Placemark>
<name>4G</name>
<Point><coordinates>85.05354522,25.51310873,0</coordinates></Point>
</Placemark>
<Placemark>
<name>3G</name>
<Point><coordinates>84.96413162,25.55366508,0</coordinates></Point>
</Placemark>
<Placemark>
<name>LTE</name>
<Point><coordinates>85.11273021,25.54804255,0</coordinates></Point>
</Placemark>
<Placemark>
<name>4G</name>
<Point><coordinates>85.15129778,25.70605116,0</coordinates></Point>
</Placemark>
<Placemark>
<name>4G</name>
<Point><coordinates>85.19910859,25.51905281,0</coordinates></Point>
</Placemark>
<Placemark>
<name>4G</name>
<Point><coordinates>85.17406018,25.60812249,0</coordinates></Point>
</Placemark>
<Placemark>
<name>LTE</name>
<Point><coordinates>85.28635151,25.64601636,0</coordinates></Point>
</Placemark>
<Placemark>
<name>4G</name>
<Point><coordinates>85.13651078,25.48888128,0</coordinates></Point>
</Placemark>
<Placemark>
<name>LTE</name>
<Point><coordinates>85.03846908,25.70739895,0</coordinates></Point>
</Placemark>
<Placemark>
<name>4G</name>
<Point><coordinates>85.16605358,25.72488624,0</coordinates></Point>
</Placemark>
<Placemark>
<name>4G</name>
<Point><coordinates>85.0369894,25.52547034,0</coordinates></Point>
</Placemark>
<Placemark>
<name>4G</name>
<Point><coordinates>85.19015546,25.59354545,0</coordinates></Point>
</Placemark>
<Placemark>
<name>LTE</name>
<Point><coordinates>85.24537339,25.66991525,0</coordinates></Point>
</Placemark>
<Placemark>
<name>5G</name>
<Point><coordinates>85.09421881,25.50677064,0</coordinates></Point>
</Placemark>
<Placemark>
<name>4G</name>
<Point><coordinates>85.1030921,25.50877924,0</coordinates></Point>
</Placemark>
<Placemark>
<name>5G</name>
<Point><coordinates>84.99951739,25.66356846,0</coordinates></Point>
</Placemark>
<Placemark>
<name>3G</name>
<Point><coordinates>85.28918011,25.51709929,0</coordinates></Point>
</Placemark>
<Placemark>
<name>3G</name>
<Point><coordinates>85.28412298,25.60565357,0</coordinates></Point>
</Placemark>
<Placemark>
<name>3G</name>
<Point><coordinates>85.30090427,25.58837247,0</coordinates></Point>
</Placemark>
<Placemark>
<name>4G</name>
<Point><coordinates>85.25877284,25.60980522,0</coordinates></Point>
</Placemark>
<Placemark>
<name>LTE</name>
<Point><coordinates>85.02720099,25.70589678,0</coordinates></Point>
</Placemark>
<Placemark>
<name>LTE</name>
<Point><coordinates>85.13770924,25.5282547,0</coordinates></Point>
</Placemark>
<Placemark>
<name>4G</name>
<Point><coordinates>85.25863017,25.69937331,0</coordinates></Point>
</Placemark>
<Placemark>
<name>4G</name>
<Point><coordinates>85.05908397,25.59730119,0</coordinates></Point>
</Placemark>
<Placemark>
<name>3G</name>
<Point><coordinates>85.07824531,25.75679961,0</coordinates></Point>
</Placemark>
<Placemark>
<name>LTE</name>
<Point><coordinates>85.12186848,25.71082649,0</coordinates></Point>
</Placemark>
<Placemark>
<name>LTE</name>
<Point><coordinates>85.23991978,25.73188341,0</coordinates></Point>
</Placemark>
<Placemark>
<name>LTE</name>
<Point><coordinates>85.16060103,25.5616435,0</coordinates></Point>
</Placemark>
<Placemark>
<name>5G</name>
<Point><coordinates>85.27561238,25.70053942,0</coordinates></Point>
</Placemark>
<Placemark>
<name>5G</name>
<Point><coordinates>85.27821068,25.50761983,0</coordinates></Point>
</Placemark>
<Placemark>
<name>LTE</name>
<Point><coordinates>85.17765627,25.61487686,0</coordinates></Point>
</Placemark>
<Placemark>
<name>3G</name>
<Point><coordinates>85.27110741,25.58501976,0</coordinates></Point>
</Placemark>
<Placemark>
<name>4G</name>
<Point><coordinates>85.19661319,25.4651231,0</coordinates></Point>
</Placemark>
<Placemark>
<name>3G</name>
<Point><coordinates>85.02525726,25.63119321,0</coordinates></Point>
</Placemark>
<Placemark>
<name>5G</name>
<Point><coordinates>85.24876756,25.6137717,0</coordinates></Point>
</Placemark>
<Placemark>
<name>4G</name>
<Point><coordinates>85.06890825,25.64759367,0</coordinates></Point>
</Placemark>
<Placemark>
<name>5G</name>
<Point><coordinates>85.28664784,25.59797165,0</coordinates></Point>
</Placemark>
<Placemark>
<name>3G</name>
<Point><coordinates>85.13628698,25.61031693,0</coordinates></Point>
</Placemark>
<Placemark>
<name>3G</name>
<Point><coordinates>85.09957204,25.67319142,0</coordinates></Point>
</Placemark>
<Placemark>
<name>5G</name>
<Point><coordinates>84.96238692,25.61366743,0</coordinates></Point>
</Placemark>
<Placemark>
<name>4G</name>
<Point><coordinates>85.15323622,25.69922331,0</coordinates></Point>
</Placemark>
<Placemark>
<name>4G</name>
<Point><coordinates>85.20200816,25.54501739,0</coordinates></Point>
</Placemark>
<Placemark>
<name>3G</name>
<Point><coordinates>85.09629634,25.43465934,0</coordinates></Point>
</Placemark>
<Placemark>
<name>5G</name>
<Point><coordinates>85.18063481,25.6615231,0</coordinates></Point>
</Placemark>
<Placemark>
<name>3G</name>
<Point><coordinates>85.16015167,25.53111438,0</coordinates></Point>
</Placemark>
<Placemark>
<name>4G</name>
<Point><coordinates>85.13095953,25.76927499,0</coordinates></Point>
</Placemark>
<Placemark>
<name>3G</name>
<Point><coordinates>85.17067273,25.66823496,0</coordinates></Point>
</Placemark>
<Placemark>
<name>LTE</name>
<Point><coordinates>85.19600588,25.70262957,0</coordinates></Point>
</Placemark>
<Placemark>
<name>4G</name>
<Point><coordinates>85.0460235,25.73041243,0</coordinates></Point>
</Placemark>
<Placemark>
<name>5G</name>
<Point><coordinates>85.09952554,25.76428894,0</coordinates></Point>
</Placemark>
<Placemark>
<name>LTE</name>
<Point><coordinates>85.16847982,25.44647242,0</coordinates></Point>
</Placemark>
<Placemark>
<name>3G</name>
<Point><coordinates>85.1802912,25.63989582,0</coordinates></Point>
</Placemark>
<Placemark>
<name>5G</name>
<Point><coordinates>84.99325409,25.56039969,0</coordinates></Point>
</Placemark>
<Placemark>
<name>LTE</name>
<Point><coordinates>85.06738624,25.59895164,0</coordinates></Point>
</Placemark>
<Placemark>
<name>4G</name>
<Point><coordinates>84.96848254,25.62707722,0</coordinates></Point>
</Placemark>
<Placemark>
<name>5G</name>
<Point><coordinates>85.2724235,25.54236532,0</coordinates></Point>
</Placemark>
<Placemark>
<name>4G</name>
<Point><coordinates>85.21666217,25.43638852,0</coordinates></Point>
</Placemark>
<Placemark>
<name>5G</name>
<Point><coordinates>85.0836656,25.67602884,0</coordinates></Point>
</Placemark>
<Placemark>
<name>LTE</name>
<Point><coordinates>85.16016954,25.56305212,0</coordinates></Point>
</Placemark>
<Placemark>
<name>4G</name>
<Point><coordinates>85.23157385,25.72360685,0</coordinates></Point>
</Placemark>
<Placemark>
<name>LTE</name>
<Point><coordinates>85.16112889,25.64636203,0</coordinates></Point>
</Placemark>
<Placemark>
<name>4G</name>
<Point><coordinates>85.14513122,25.41533832,0</coordinates></Point>
</Placemark>
<Placemark>
<name>LTE</name>
<Point><coordinates>85.01273873,25.65124996,0</coordinates></Point>
</Placemark>
<Placemark>
<name>3G</name>
<Point><coordinates>85.07989692,25.46152031,0</coordinates></Point>
</Placemark>
<Placemark>
<name>5G</name>
<Point><coordinates>85.15128844,25.59558292,0</coordinates></Point>
</Placemark>
<Placemark>
<name>5G</name>
<Point><coordinates>85.26781771,25.51811152,0</coordinates></Point>
</Placemark>
<Placemark>
<name>3G</name>
<Point><coordinates>85.03496359,25.52280865,0</coordinates></Point>
</Placemark>
<Placemark>
<name>3G</name>
<Point><coordinates>85.22360501,25.73664268,0</coordinates></Point>
</Placemark>
<Placemark>
<name>5G</name>
<Point><coordinates>85.18023643,25.52888988,0</coordinates></Point>
</Placemark>
<Placemark>
<name>LTE</name>
<Point><coordinates>85.04661384,25.61355951,0</coordinates></Point>
</Placemark>
<Placemark>
<name>3G</name>
<Point><coordinates>85.10300337,25.5617919,0</coordinates></Point>
</Placemark>
<Placemark>
<name>LTE</name>
<Point><coordinates>85.0510038,25.47279505,0</coordinates></Point>
</Placemark>
<Placemark>
<name>3G</name>
<Point><coordinates>85.01952305,25.51815857,0</coordinates></Point>
</Placemark>
<Placemark>
<name>LTE</name>
<Point><coordinates>85.16613403,25.43133692,0</coordinates></Point>
</Placemark>
<Placemark>
<name>LTE</name>
<Point><coordinates>85.12199476,25.73932305,0</coordinates></Point>
</Placemark>
<Placemark>
<name>4G</name>
<Point><coordinates>85.22041064,25.4765902,0</coordinates></Point>
</Placemark>
<Placemark>
<name>LTE</name>
<Point><coordinates>85.19803083,25.65418409,0</coordinates></Point>
</Placemark>
<Placemark>
<name>3G</name>
<Point><coordinates>85.17653188,25.42556801,0</coordinates></Point>
</Placemark>
<Placemark>
<name>4G</name>
<Point><coordinates>85.22164449,25.53416133,0</coordinates></Point>
</Placemark>
<Placemark>
<name>3G</name>
<Point><coordinates>85.21604051,25.70688177,0</coordinates></Point>
</Placemark>
<Placemark>
<name>5G</name>
<Point><coordinates>85.03650557,25.61066853,0</coordinates></Point>
</Placemark>
<Placemark>
<name>3G</name>
<Point><coordinates>85.06053275,25.66957864,0</coordinates></Point>
</Placemark>
<Placemark>
<name>4G</name>
<Point><coordinates>85.12330531,25.6057903,0</coordinates></Point>
</Placemark>
<Placemark>
<name>5G</name>
<Point><coordinates>84.99608444,25.63827096,0</coordinates></Point>
</Placemark>
<Placemark>
<name>LTE</name>
<Point><coordinates>85.08987508,25.42294994,0</coordinates></Point>
</Placemark>
<Placemark>
<name>4G</name>
<Point><coordinates>85.17956387,25.75352743,0</coordinates></Point>
</Placemark>
<Placemark>
<name>LTE</name>
<Point><coordinates>85.14811164,25.72384393,0</coordinates></Point>
</Placemark>
<Placemark>
<name>4G</name>
<Point><coordinates>85.09148549,25.75800962,0</coordinates></Point>
</Placemark>
<Placemark>
<name>4G</name>
<Point><coordinates>85.13954986,25.49438132,0</coordinates></Point>
</Placemark>
<Placemark>
<name>LTE</name>
<Point><coordinates>85.139704,25.49276844,0</coordinates></Point>
</Placemark>
<Placemark>
<name>4G</name>
<Point><coordinates>85.02470999,25.65434177,0</coordinates></Point>
</Placemark>
<Placemark>
<name>5G</name>
<Point><coordinates>85.05064815,25.5844317,0</coordinates></Point>
</Placemark>
<Placemark>
<name>4G</name>
<Point><coordinates>85.04459291,25.53534155,0</coordinates></Point>
</Placemark>
<Placemark>
<name>3G</name>
<Point><coordinates>85.17000562,25.59679934,0</coordinates></Point>
</Placemark>
<Placemark>
<name>3G</name>
<Point><coordinates>85.13441847,25.60826868,0</coordinates></Point>
</Placemark>
<Placemark>
<name>3G</name>
<Point><coordinates>85.07054218,25.63277352,0</coordinates></Point>
</Placemark>
<Placemark>
<name>4G</name>
<Point><coordinates>84.99673609,25.62242082,0</coordinates></Point>
</Placemark>
<Placemark>
<name>3G</name>
<Point><coordinates>85.09456661,25.67007573,0</coordinates></Point>
</Placemark>
<Placemark>
<name>5G</name>
<Point><coordinates>85.26025897,25.71314283,0</coordinates></Point>
</Placemark>
<Placemark>
<name>5G</name>
<Point><coordinates>84.97243525,25.55629817,0</coordinates></Point>
</Placemark>
<Placemark>
<name>5G</name>
<Point><coordinates>85.26475594,25.57880068,0</coordinates></Point>
</Placemark>
<Placemark>
<name>5G</name>
<Point><coordinates>85.30410725,25.54397976,0</coordinates></Point>
</Placemark>
<Placemark>
<name>4G</name>
<Point><coordinates>84.9757271,25.53327347,0</coordinates></Point>
</Placemark>
<Placemark>
<name>4G</name>
<Point><coordinates>85.16639756,25.72710573,0</coordinates></Point>
</Placemark>
<Placemark>
<name>4G</name>
<Point><coordinates>85.15337788,25.67820365,0</coordinates></Point>
</Placemark>
<Placemark>
<name>LTE</name>
<Point><coordinates>85.12542339,25.47419531,0</coordinates></Point>
</Placemark>
<Placemark>
<name>3G</name>
<Point><coordinates>85.04995583,25.71982619,0</coordinates></Point>
</Placemark>
<Placemark>
<name>LTE</name>
<Point><coordinates>85.08352589,25.52583294,0</coordinates></Point>
</Placemark>
<Placemark>
<name>3G</name>
<Point><coordinates>85.02102864,25.56778429,0</coordinates></Point>
</Placemark>
<Placemark>
<name>LTE</name>
<Point><coordinates>85.09124009,25.69463948,0</coordinates></Point>
</Placemark>
<Placemark>
<name>5G</name>
<Point><coordinates>85.19931612,25.6214912,0</coordinates></Point>
</Placemark>
<Placemark>
<name>4G</name>
<Point><coordinates>85.06471971,25.47943146,0</coordinates></Point>
</Placemark>
<Placemark>
<name>4G</name>
<Point><coordinates>85.29120344,25.52924571,0</coordinates></Point>
</Placemark>
<Placemark>
<name>4G</name>
<Point><coordinates>85.05061747,25.52855822,0</coordinates></Point>
</Placemark>
<Placemark>
<name>5G</name>
<Point><coordinates>85.11952448,25.48094829,0</coordinates></Point>
</Placemark>
<Placemark>
<name>5G</name>
<Point><coordinates>85.28047055,25.61492345,0</coordinates></Point>
</Placemark>
<Placemark>
<name>5G</name>
<Point><coordinates>85.15885296,25.69702276,0</coordinates></Point>
</Placemark>
<Placemark>
<name>3G</name>
<Point><coordinates>85.02447003,25.51684143,0</coordinates></Point>
</Placemark>
<Placemark>
<name>LTE</name>
<Point><coordinates>85.05763001,25.71778505,0</coordinates></Point>
</Placemark>
<Placemark>
<name>5G</name>
<Point><coordinates>85.15421463,25.52418018,0</coordinates></Point>
</Placemark>
<Placemark>
<name>5G</name>
<Point><coordinates>85.18159625,25.69888961,0</coordinates></Point>
</Placemark>
<Placemark>
<name>3G</name>
<Point><coordinates>84.97644561,25.56646043,0</coordinates></Point>
</Placemark>
<Placemark>
<name>5G</name>
<Point><coordinates>85.27960335,25.5074416,0</coordinates></Point>
</Placemark>
<Placemark>
<name>LTE</name>
<Point><coordinates>85.14775411,25.75769418,0</coordinates></Point>
</Placemark>
<Placemark>
<name>5G</name>
<Point><coordinates>85.23226929,25.6238379,0</coordinates></Point>
</Placemark>
<Placemark>
<name>4G</name>
<Point><coordinates>85.14105965,25.74598176,0</coordinates></Point>
</Placemark>
<Placemark>
<name>LTE</name>
<Point><coordinates>85.13821992,25.46636597,0</coordinates></Point>
</Placemark>
<Placemark>
<name>3G</name>
<Point><coordinates>85.0080533,25.57948925,0</coordinates></Point>
</Placemark>
<Placemark>
<name>LTE</name>
<Point><coordinates>85.24742815,25.52785953,0</coordinates></Point>
</Placemark>
<Placemark>
<name>3G</name>
<Point><coordinates>85.1725937,25.48900664,0</coordinates></Point>
</Placemark>
<Placemark>
<name>3G</name>
<Point><coordinates>85.26869642,25.63881254,0</coordinates></Point>
</Placemark>
<Placemark>
<name>3G</name>
<Point><coordinates>85.08842288,25.73550969,0</coordinates></Point>
</Placemark>
<Placemark>
<name>5G</name>
<Point><coordinates>85.25966328,25.48930366,0</coordinates></Point>
</Placemark>
<Placemark>
<name>5G</name>
<Point><coordinates>85.16399095,25.58744001,0</coordinates></Point>
</Placemark>
<Placemark>
<name>3G</name>
<Point><coordinates>85.22542786,25.45152077,0</coordinates></Point>
</Placemark>
<Placemark>
<name>LTE</name>
<Point><coordinates>85.09280231,25.68542528,0</coordinates></Point>
</Placemark>
<Placemark>
<name>5G</name>
<Point><coordinates>85.16295662,25.66167664,0</coordinates></Point>
</Placemark>
<Placemark>
<name>4G</name>
<Point><coordinates>85.12151947,25.58511775,0</coordinates></Point>
</Placemark>
<Placemark>
<name>LTE</name>
<Point><coordinates>85.14293509,25.44196503,0</coordinates></Point>
</Placemark>
<Placemark>
<name>LTE</name>
<Point><coordinates>85.27691737,25.56439253,0</coordinates></Point>
</Placemark>
<Placemark>
<name>3G</name>
<Point><coordinates>85.14677616,25.61186824,0</coordinates></Point>
</Placemark>
<Placemark>
<name>LTE</name>
<Point><coordinates>85.1265573,25.51641823,0</coordinates></Point>
</Placemark>
<Placemark>
<name>3G</name>
<Point><coordinates>85.05885325,25.7148325,0</coordinates></Point>
</Placemark>
<Placemark>
<name>4G</name>
<Point><coordinates>85.08670271,25.72954095,0</coordinates></Point>
</Placemark>
<Placemark>
<name>LTE</name>
<Point><coordinates>85.16524115,25.47292571,0</coordinates></Point>
</Placemark>
<Placemark>
<name>5G</name>
<Point><coordinates>85.19620948,25.54621855,0</coordinates></Point>
</Placemark>
<Placemark>
<name>3G</name>
<Point><coordinates>85.0547335,25.55144957,0</coordinates></Point>
</Placemark>
<Placemark>
<name>5G</name>
<Point><coordinates>85.15411664,25.60101199,0</coordinates></Point>
</Placemark>
<Placemark>
<name>3G</name>
<Point><coordinates>85.12285937,25.72538375,0</coordinates></Point>
</Placemark>
<Placemark>
<name>5G</name>
<Point><coordinates>85.09017091,25.74996176,0</coordinates></Point>
</Placemark>
<Placemark>
<name>5G</name>
<Point><coordinates>85.21060249,25.4724705,0</coordinates></Point>
</Placemark>
<Placemark>
<name>5G</name>
<Point><coordinates>85.25917485,25.68547003,0</coordinates></Point>
</Placemark>
<Placemark>
<name>3G</name>
<Point><coordinates>85.28769014,25.60377747,0</coordinates></Point>
</Placemark>
<Placemark>
<name>4G</name>
<Point><coordinates>85.30514373,25.56571649,0</coordinates></Point>
</Placemark>
<Placemark>
<name>LTE</name>
<Point><coordinates>85.04738898,25.62483529,0</coordinates></Point>
</Placemark>
<Placemark>
<name>3G</name>
<Point><coordinates>85.03497696,25.53822917,0</coordinates></Point>
</Placemark>
<Placemark>
<name>5G</name>
<Point><coordinates>85.08622479,25.57534036,0</coordinates></Point>
</Placemark>
<Placemark>
<name>LTE</name>
<Point><coordinates>85.06763362,25.62157012,0</coordinates></Point>
</Placemark>
<Placemark>
<name>4G</name>
<Point><coordinates>85.02439539,25.61380736,0</coordinates></Point>
</Placemark>
<Placemark>
<name>3G</name>
<Point><coordinates>85.038816,25.66458051,0</coordinates></Point>
</Placemark>
<Placemark>
<name>3G</name>
<Point><coordinates>85.10515927,25.50184648,0</coordinates></Point>
</Placemark>
<Placemark>
<name>LTE</name>
<Point><coordinates>85.01910548,25.70456498,0</coordinates></Point>
</Placemark>
<Placemark>
<name>3G</name>
<Point><coordinates>85.1629194,25.76883081,0</coordinates></Point>
</Placemark>
<Placemark>
<name>LTE</name>
<Point><coordinates>85.21084137,25.47651779,0</coordinates></Point>
</Placemark>
<Placemark>
<name>4G</name>
<Point><coordinates>85.25445207,25.48442943,0</coordinates></Point>
</Placemark>
<Placemark>
<name>5G</name>
<Point><coordinates>85.21991662,25.72758555,0</coordinates></Point>
</Placemark>
<Placemark>
<name>3G</name>
<Point><coordinates>85.15826263,25.5398244,0</coordinates></Point>
</Placemark>
<Placemark>
<name>3G</name>
<Point><coordinates>85.05563441,25.60099841,0</coordinates></Point>
</Placemark>
<Placemark>
<name>4G</name>
<Point><coordinates>85.00184541,25.55594641,0</coordinates></Point>
</Placemark>
<Placemark>
<name>5G</name>
<Point><coordinates>85.2903,25.65172954,0</coordinates></Point>
</Placemark>
<Placemark>
<name>4G</name>
<Point><coordinates>85.17945321,25.53478233,0</coordinates></Point>
</Placemark>
<Placemark>
<name>4G</name>
<Point><coordinates>85.29644152,25.57555313,0</coordinates></Point>
</Placemark>
<Placemark>
<name>4G</name>
<Point><coordinates>85.11754711,25.59753259,0</coordinates></Point>
</Placemark>
<Placemark>
<name>3G</name>
<Point><coordinates>85.10874643,25.51555593,0</coordinates></Point>
</Placemark>
<Placemark>
<name>5G</name>
<Point><coordinates>85.09112049,25.598063,0</coordinates></Point>
</Placemark>
<Placemark>
<name>3G</name>
<Point><coordinates>85.17067199,25.63550653,0</coordinates></Point>
</Placemark>
<Placemark>
<name>5G</name>
<Point><coordinates>85.0059858,25.52583292,0</coordinates></Point>
</Placemark>
<Placemark>
<name>3G</name>
<Point><coordinates>85.12285662,25.566608,0</coordinates></Point>
</Placemark>
<Placemark>
<name>5G</name>
<Point><coordinates>85.00989855,25.51943097,0</coordinates></Point>
</Placemark>
<Placemark>
<name>LTE</name>
<Point><coordinates>85.15393679,25.72042066,0</coordinates></Point>
</Placemark>
<Placemark>
<name>5G</name>
<Point><coordinates>85.14738105,25.76760164,0</coordinates></Point>
</Placemark>
<Placemark>
<name>LTE</name>
<Point><coordinates>85.05485172,25.51716416,0</coordinates></Point>
</Placemark>
<Placemark>
<name>LTE</name>
<Point><coordinates>85.12260808,25.56156532,0</coordinates></Point>
</Placemark>
<Placemark>
<name>LTE</name>
<Point><coordinates>85.24418212,25.50881536,0</coordinates></Point>
</Placemark>
<Placemark>
<name>3G</name>
<Point><coordinates>85.1635213,25.72957777,0</coordinates></Point>
</Placemark>
<Placemark>
<name>LTE</name>
<Point><coordinates>85.15989331,25.72656997,0</coordinates></Point>
</Placemark>
<Placemark>
<name>3G</name>
<Point><coordinates>84.98919886,25.57246272,0</coordinates></Point>
</Placemark>
<Placemark>
<name>4G</name>
<Point><coordinates>85.20744835,25.74171346,0</coordinates></Point>
</Placemark>
<Placemark>
<name>3G</name>
<Point><coordinates>85.29821943,25.61006979,0</coordinates></Point>
</Placemark>
<Placemark>
<name>3G</name>
<Point><coordinates>85.09974932,25.50155832,0</coordinates></Point>
</Placemark>
<Placemark>
<name>LTE</name>
<Point><coordinates>85.14131447,25.52454658,0</coordinates></Point>
</Placemark>
<Placemark>
<name>3G</name>
<Point><coordinates>85.07712333,25.56023418,0</coordinates></Point>
</Placemark>
<Placemark>
<name>4G</name>
<Point><coordinates>85.16629287,25.69573684,0</coordinates></Point>
</Placemark>
<Placemark>
<name>3G</name>
<Point><coordinates>85.22082874,25.74944606,0</coordinates></Point>
</Placemark>
<Placemark>
<name>5G</name>
<Point><coordinates>85.06235779,25.49534656,0</coordinates></Point>
</Placemark>
<Placemark>
<name>5G</name>
<Point><coordinates>85.15762043,25.58016343,0</coordinates></Point>
</Placemark>
<Placemark>
<name>5G</name>
<Point><coordinates>85.04364116,25.47852867,0</coordinates></Point>
</Placemark>
<Placemark>
<name>3G</name>
<Point><coordinates>85.19703666,25.4902124,0</coordinates></Point>
</Placemark>
<Placemark>
<name>5G</name>
<Point><coordinates>85.23249813,25.73293492,0</coordinates></Point>
</Placemark>
<Placemark>
<name>3G</name>
<Point><coordinates>85.16347166,25.55237734,0</coordinates></Point>
</Placemark>
<Placemark>
<name>3G</name>
<Point><coordinates>85.09170054,25.44980577,0</coordinates></Point>
</Placemark>
<Placemark>
<name>3G</name>
<Point><coordinates>85.25075266,25.69658823,0</coordinates></Point>
</Placemark>
<Placemark>
<name>5G</name>
<Point><coordinates>85.0308829,25.58765608,0</coordinates></Point>
</Placemark>
<Placemark>
<name>5G</name>
<Point><coordinates>84.99739651,25.69767399,0</coordinates></Point>
</Placemark>
<Placemark>
<name>4G</name>
<Point><coordinates>85.14316954,25.53788776,0</coordinates></Point>
</Placemark>
<Placemark>
<name>5G</name>
<Point><coordinates>85.24706915,25.69581756,0</coordinates></Point>
</Placemark>
<Placemark>
<name>5G</name>
<Point><coordinates>85.16514766,25.71016205,0</coordinates></Point>
</Placemark>
<Placemark>
<name>5G</name>
<Point><coordinates>85.30604326,25.53973892,0</coordinates></Point>
</Placemark>
<Placemark>
<name>LTE</name>
<Point><coordinates>85.1651076,25.44205655,0</coordinates></Point>
</Placemark>
<Placemark>
<name>LTE</name>
<Point><coordinates>85.25041374,25.7138289,0</coordinates></Point>
</Placemark>
<Placemark>
<name>LTE</name>
<Point><coordinates>85.27012976,25.61770024,0</coordinates></Point>
</Placemark>
<Placemark>
<name>3G</name>
<Point><coordinates>85.29435166,25.65931764,0</coordinates></Point>
</Placemark>
<Placemark>
<name>5G</name>
<Point><coordinates>85.16247914,25.41767938,0</coordinates></Point>
</Placemark>
<Placemark>
<name>3G</name>
<Point><coordinates>85.27464169,25.70277166,0</coordinates></Point>
</Placemark>
<Placemark>
<name>LTE</name>
<Point><coordinates>85.05855656,25.67314555,0</coordinates></Point>
</Placemark>
<Placemark>
<name>4G</name>
<Point><coordinates>85.13873649,25.57457627,0</coordinates></Point>
</Placemark>
<Placemark>
<name>4G</name>
<Point><coordinates>85.2061958,25.43261768,0</coordinates></Point>
</Placemark>
<Placemark>
<name>4G</name>
<Point><coordinates>85.25271606,25.52592583,0</coordinates></Point>
</Placemark>
<Placemark>
<name>3G</name>
<Point><coordinates>85.19526794,25.57950179,0</coordinates></Point>
</Placemark>
<Placemark>
<name>3G</name>
<Point><coordinates>85.29814067,25.60276196,0</coordinates></Point>
</Placemark>
<Placemark>
<name>3G</name>
<Point><coordinates>84.98877994,25.62087572,0</coordinates></Point>
</Placemark>
<Placemark>
<name>LTE</name>
<Point><coordinates>85.14809259,25.44906041,0</coordinates></Point>
</Placemark>
<Placemark>
<name>LTE</name>
<Point><coordinates>85.15591433,25.52156383,0</coordinates></Point>
</Placemark>
<Placemark>
<name>3G</name>
<Point><coordinates>85.18606502,25.51593139,0</coordinates></Point>
</Placemark>
<Placemark>
<name>LTE</name>
<Point><coordinates>85.09552031,25.64777115,0</coordinates></Point>
</Placemark>
<Placemark>
<name>3G</name>
<Point><coordinates>85.13565185,25.58612446,0</coordinates></Point>
</Placemark>
<Placemark>
<name>5G</name>
<Point><coordinates>85.23820916,25.620285,0</coordinates></Point>
</Placemark>
<Placemark>
<name>5G</name>
<Point><coordinates>85.0124626,25.54377802,0</coordinates></Point>
</Placemark>
<Placemark>
<name>3G</name>
<Point><coordinates>85.03406551,25.53228729,0</coordinates></Point>
</Placemark>
<Placemark>
<name>5G</name>
<Point><coordinates>85.13325413,25.41978023,0</coordinates></Point>
</Placemark>
<Placemark>
<name>5G</name>
<Point><coordinates>85.05010905,25.455996,0</coordinates></Point>
</Placemark>
<Placemark>
<name>3G</name>
<Point><coordinates>85.07472506,25.7343723,0</coordinates></Point>
</Placemark>
<Placemark>
<name>5G</name>
<Point><coordinates>85.10678448,25.57552637,0</coordinates></Point>
</Placemark>
<Placemark>
<name>5G</name>
<Point><coordinates>85.044986,25.74606984,0</coordinates></Point>
</Placemark>
<Placemark>
<name>3G</name>
<Point><coordinates>85.07020933,25.70168129,0</coordinates></Point>
</Placemark>
<Placemark>
<name>3G</name>
<Point><coordinates>85.26857531,25.55066655,0</coordinates></Point>
</Placemark>
<Placemark>
<name>LTE</name>
<Point><coordinates>84.98511612,25.52229868,0</coordinates></Point>
</Placemark>
<Placemark>
<name>4G</name>
<Point><coordinates>85.15495341,25.54902795,0</coordinates></Point>
</Placemark>
<Placemark>
<name>LTE</name>
<Point><coordinates>85.23950013,25.47146585,0</coordinates></Point>
</Placemark>
<Placemark>
<name>LTE</name>
<Point><coordinates>84.9906119,25.63206191,0</coordinates></Point>
</Placemark>
<Placemark>
<name>LTE</name>
<Point><coordinates>85.17909441,25.5090835,0</coordinates></Point>
</Placemark>
<Placemark>
<name>LTE</name>
<Point><coordinates>85.07701724,25.625649,0</coordinates></Point>
</Placemark>
<Placemark>
<name>3G</name>
<Point><coordinates>85.03232756,25.67148252,0</coordinates></Point>
</Placemark>
<Placemark>
<name>4G</name>
<Point><coordinates>85.26567999,25.51086463,0</coordinates></Point>
</Placemark>
<Placemark>
<name>5G</name>
<Point><coordinates>84.96200388,25.5581598,0</coordinates></Point>
</Placemark>
<Placemark>
<name>LTE</name>
<Point><coordinates>85.23141361,25.63146589,0</coordinates></Point>
</Placemark>
<Placemark>
<name>5G</name>
<Point><coordinates>85.10904504,25.67022748,0</coordinates></Point>
</Placemark>
<Placemark>
<name>3G</name>
<Point><coordinates>85.24423625,25.62729887,0</coordinates></Point>
</Placemark>
<Placemark>
<name>3G</name>
<Point><coordinates>85.11703121,25.65768852,0</coordinates></Point>
</Placemark>
<Placemark>
<name>4G</name>
<Point><coordinates>85.10269404,25.67954917,0</coordinates></Point>
</Placemark>
<Placemark>
<name>5G</name>
<Point><coordinates>85.29442506,25.59519282,0</coordinates></Point>
</Placemark>
<Placemark>
<name>3G</name>
<Point><coordinates>85.06600685,25.46572757,0</coordinates></Point>
</Placemark>
<Placemark>
<name>4G</name>
<Point><coordinates>84.98967488,25.50042212,0</coordinates></Point>
</Placemark>
<Placemark>
<name>5G</name>
<Point><coordinates>85.107392,25.75343794,0</coordinates></Point>
</Placemark>
<Placemark>
<name>4G</name>
<Point><coordinates>85.15059781,25.58225755,0</coordinates></Point>
</Placemark>
<Placemark>
<name>5G</name>
<Point><coordinates>85.12772074,25.76011538,0</coordinates></Point>
</Placemark>
<Placemark>
<name>4G</name>
<Point><coordinates>85.20094178,25.653509,0</coordinates></Point>
</Placemark>
<Placemark>
<name>LTE</name>
<Point><coordinates>85.25971634,25.69671808,0</coordinates></Point>
</Placemark>
<Placemark>
<name>LTE</name>
<Point><coordinates>85.04691625,25.56926536,0</coordinates></Point>
</Placemark>
<Placemark>
<name>4G</name>
<Point><coordinates>85.27091099,25.67384256,0</coordinates></Point>
</Placemark>
<Placemark>
<name>5G</name>
<Point><coordinates>85.07829434,25.43672604,0</coordinates></Point>
</Placemark>
<Placemark>
<name>3G</name>
<Point><coordinates>84.98222891,25.6520346,0</coordinates></Point>
</Placemark>
<Placemark>
<name>5G</name>
<Point><coordinates>85.2398565,25.54587171,0</coordinates></Point>
</Placemark>
<Placemark>
<name>LTE</name>
<Point><coordinates>85.0495604,25.55690016,0</coordinates></Point>
</Placemark>
<Placemark>
<name>LTE</name>
<Point><coordinates>85.05824868,25.63691065,0</coordinates></Point>
</Placemark>
<Placemark>
<name>5G</name>
<Point><coordinates>85.26381482,25.60580481,0</coordinates></Point>
</Placemark>
<Placemark>
<name>LTE</name>
<Point><coordinates>84.97677527,25.6536615,0</coordinates></Point>
</Placemark>
<Placemark>
<name>3G</name>
<Point><coordinates>85.04651544,25.62146359,0</coordinates></Point>
</Placemark>
<Placemark>
<name>4G</name>
<Point><coordinates>85.15993885,25.60621295,0</coordinates></Point>
</Placemark>
<Placemark>
<name>LTE</name>
<Point><coordinates>85.24282517,25.57748534,0</coordinates></Point>
</Placemark>
<Placemark>
<name>LTE</name>
<Point><coordinates>85.15550446,25.60977759,0</coordinates></Point>
</Placemark>
<Placemark>
<name>LTE</name>
<Point><coordinates>85.13652446,25.52798162,0</coordinates></Point>
</Placemark>
<Placemark>
<name>LTE</name>
<Point><coordinates>85.27688881,25.59950985,0</coordinates></Point>
</Placemark>
<Placemark>
<name>4G</name>
<Point><coordinates>85.03843283,25.60261597,0</coordinates></Point>
</Placemark>
<Placemark>
<name>5G</name>
<Point><coordinates>85.30724581,25.57814672,0</coordinates></Point>
</Placemark>
<Placemark>
<name>3G</name>
<Point><coordinates>85.17599909,25.61591372,0</coordinates></Point>
</Placemark>
<Placemark>
<name>5G</name>
<Point><coordinates>84.9762614,25.64746157,0</coordinates></Point>
</Placemark>
<Placemark>
<name>3G</name>
<Point><coordinates>85.02549442,25.62720536,0</coordinates></Point>
</Placemark>
<Placemark>
<name>5G</name>
<Point><coordinates>85.25220355,25.63509518,0</coordinates></Point>
</Placemark>
<Placemark>
<name>3G</name>
<Point><coordinates>85.04242031,25.70477419,0</coordinates></Point>
</Placemark>
<Placemark>
<name>5G</name>
<Point><coordinates>85.28587807,25.53853607,0</coordinates></Point>
</Placemark>
<Placemark>
<name>5G</name>
<Point><coordinates>85.24127128,25.63239437,0</coordinates></Point>
</Placemark>
<Placemark>
<name>5G</name>
<Point><coordinates>84.99364422,25.50587055,0</coordinates></Point>
</Placemark>
<Placemark>
<name>4G</name>
<Point><coordinates>85.10658658,25.48854837,0</coordinates></Point>
</Placemark>
<Placemark>
<name>LTE</name>
<Point><coordinates>85.16627537,25.46540984,0</coordinates></Point>
</Placemark>
<Placemark>
<name>5G</name>
<Point><coordinates>85.07394548,25.75495354,0</coordinates></Point>
</Placemark>
<Placemark>
<name>3G</name>
<Point><coordinates>85.09734092,25.71830201,0</coordinates></Point>
</Placemark>
<Placemark>
<name>5G</name>
<Point><coordinates>85.02126788,25.5968951,0</coordinates></Point>
</Placemark>
<Placemark>
<name>5G</name>
<Point><coordinates>85.12489638,25.53687309,0</coordinates></Point>
</Placemark>
<Placemark>
<name>4G</name>
<Point><coordinates>85.19136437,25.45217561,0</coordinates></Point>
</Placemark>
<Placemark>
<name>5G</name>
<Point><coordinates>85.18801429,25.61281606,0</coordinates></Point>
</Placemark>
<Placemark>
<name>5G</name>
<Point><coordinates>85.13163149,25.42551721,0</coordinates></Point>
</Placemark>
<Placemark>
<name>LTE</name>
<Point><coordinates>85.1888103,25.57296261,0</coordinates></Point>
</Placemark>
<Placemark>
<name>4G</name>
<Point><coordinates>85.07157464,25.44564298,0</coordinates></Point>
</Placemark>
<Placemark>
<name>3G</name>
<Point><coordinates>85.00689046,25.64878337,0</coordinates></Point>
</Placemark>
<Placemark>
<name>LTE</name>
<Point><coordinates>85.12604799,25.4538192,0</coordinates></Point>
</Placemark>
<Placemark>
<name>LTE</name>
<Point><coordinates>85.20835056,25.44687905,0</coordinates></Point>
</Placemark>
<Placemark>
<name>4G</name>
<Point><coordinates>85.10351343,25.47861727,0</coordinates></Point>
</Placemark>
<Placemark>
<name>4G</name>
<Point><coordinates>85.16876869,25.70049385,0</coordinates></Point>
</Placemark>
<Placemark>
<name>4G</name>
<Point><coordinates>85.17785241,25.66731827,0</coordinates></Point>
</Placemark>
<Placemark>
<name>4G</name>
<Point><coordinates>85.07157941,25.54127902,0</coordinates></Point>
</Placemark>
<Placemark>
<name>3G</name>
<Point><coordinates>85.09467436,25.62823094,0</coordinates></Point>
</Placemark>
<Placemark>
<name>4G</name>
<Point><coordinates>85.157985,25.66742979,0</coordinates></Point>
</Placemark>
<Placemark>
<name>5G</name>
<Point><coordinates>85.19724369,25.51270056,0</coordinates></Point>
</Placemark>
<Placemark>
<name>LTE</name>
<Point><coordinates>85.18016669,25.46915937,0</coordinates></Point>
</Placemark>
<Placemark>
<name>LTE</name>
<Point><coordinates>85.0831251,25.42430821,0</coordinates></Point>
</Placemark>
<Placemark>
<name>LTE</name>
<Point><coordinates>85.08058367,25.7157772,0</coordinates></Point>
</Placemark>
<Placemark>
<name>5G</name>
<Point><coordinates>85.06246659,25.65075656,0</coordinates></Point>
</Placemark>
<Placemark>
<name>3G</name>
<Point><coordinates>85.04406215,25.70087787,0</coordinates></Point>
</Placemark>
<Placemark>
<name>3G</name>
<Point><coordinates>85.10595176,25.75571661,0</coordinates></Point>
</Placemark>
<Placemark>
<name>5G</name>
<Point><coordinates>85.01498382,25.59178612,0</coordinates></Point>
</Placemark>
<Placemark>
<name>3G</name>
<Point><coordinates>85.07210806,25.49957539,0</coordinates></Point>
</Placemark>
<Placemark>
<name>5G</name>
<Point><coordinates>85.06149031,25.45021238,0</coordinates></Point>
</Placemark>
<Placemark>
<name>3G</name>
<Point><coordinates>85.17031713,25.4522634,0</coordinates></Point>
</Placemark>
<Placemark>
<name>LTE</name>
<Point><coordinates>85.14157986,25.6691552,0</coordinates></Point>
</Placemark>
<Placemark>
<name>4G</name>
<Point><coordinates>85.07600286,25.54093669,0</coordinates></Point>
</Placemark>
<Placemark>
<name>5G</name>
<Point><coordinates>85.21559269,25.61170503,0</coordinates></Point>
</Placemark>
<Placemark>
<name>5G</name>
<Point><coordinates>85.16075061,25.47350133,0</coordinates></Point>
</Placemark>
<Placemark>
<name>LTE</name>
<Point><coordinates>85.17196896,25.51119272,0</coordinates></Point>
</Placemark>
<Placemark>
<name>5G</name>
<Point><coordinates>85.12399447,25.42709781,0</coordinates></Point>
</Placemark>
<Placemark>
<name>3G</name>
<Point><coordinates>85.12438317,25.64025364,0</coordinates></Point>
</Placemark>
<Placemark>
<name>4G</name>
<Point><coordinates>85.13374324,25.69862444,0</coordinates></Point>
</Placemark>
<Placemark>
<name>3G</name>
<Point><coordinates>85.09527459,25.47439775,0</coordinates></Point>
</Placemark>
<Placemark>
<name>5G</name>
<Point><coordinates>85.12558995,25.71755144,0</coordinates></Point>
</Placemark>
<Placemark>
<name>4G</name>
<Point><coordinates>85.03236146,25.47042822,0</coordinates></Point>
</Placemark>
<Placemark>
<name>3G</name>
<Point><coordinates>85.08294025,25.55769995,0</coordinates></Point>
</Placemark>
<Placemark>
<name>4G</name>
<Point><coordinates>85.1120282,25.65652737,0</coordinates></Point>
</Placemark>
<Placemark>
<name>3G</name>
<Point><coordinates>85.22987308,25.7389612,0</coordinates></Point>
</Placemark>
<Placemark>
<name>4G</name>
<Point><coordinates>85.15643985,25.49929334,0</coordinates></Point>
</Placemark>
<Placemark>
<name>5G</name>
<Point><coordinates>85.30619181,25.60797129,0</coordinates></Point>
</Placemark>
<Placemark>
<name>4G</name>
<Point><coordinates>85.22213864,25.57652508,0</coordinates></Point>
</Placemark>
<Placemark>
<name>LTE</name>
<Point><coordinates>85.19118588,25.63807761,0</coordinates></Point>
</Placemark>
<Placemark>
<name>5G</name>
<Point><coordinates>85.16193965,25.57045871,0</coordinates></Point>
</Placemark>
<Placemark>
<name>LTE</name>
<Point><coordinates>85.17659051,25.7285286,0</coordinates></Point>
</Placemark>
<Placemark>
<name>LTE</name>
<Point><coordinates>85.04923673,25.62849006,0</coordinates></Point>
</Placemark>
<Placemark>
<name>4G</name>
<Point><coordinates>85.17241252,25.74669773,0</coordinates></Point>
</Placemark>
<Placemark>
<name>LTE</name>
<Point><coordinates>85.25881956,25.60815922,0</coordinates></Point>
</Placemark>
<Placemark>
<name>LTE</name>
<Point><coordinates>85.14556559,25.57272894,0</coordinates></Point>
</Placemark>
<Placemark>
<name>3G</name>
<Point><coordinates>85.0533031,25.6549938,0</coordinates></Point>
</Placemark>
<Placemark>
<name>5G</name>
<Point><coordinates>85.2264137,25.49414015,0</coordinates></Point>
</Placemark>
<Placemark>
<name>4G</name>
<Point><coordinates>84.99129426,25.65899993,0</coordinates></Point>
</Placemark>
<Placemark>
<name>5G</name>
<Point><coordinates>85.00687053,25.50168571,0</coordinates></Point>
</Placemark>
<Placemark>
<name>4G</name>
<Point><coordinates>85.13463243,25.67216588,0</coordinates></Point>
</Placemark>
<Placemark>
<name>5G</name>
<Point><coordinates>85.14231732,25.4930464,0</coordinates></Point>
</Placemark>
<Placemark>
<name>3G</name>
<Point><coordinates>85.17618088,25.69172354,0</coordinates></Point>
</Placemark>
<Placemark>
<name>3G</name>
<Point><coordinates>85.16068836,25.56719313,0</coordinates></Point>
</Placemark>
<Placemark>
<name>3G</name>
<Point><coordinates>85.03182943,25.59940352,0</coordinates></Point>
</Placemark>
<Placemark>
<name>LTE</name>
<Point><coordinates>85.05970025,25.66343087,0</coordinates></Point>
</Placemark>
<Placemark>
<name>4G</name>
<Point><coordinates>85.25226651,25.68554933,0</coordinates></Point>
</Placemark>
<Placemark>
<name>4G</name>
<Point><coordinates>85.03958684,25.74041842,0</coordinates></Point>
</Placemark>
<Placemark>
<name>4G</name>
<Point><coordinates>85.29121549,25.58406316,0</coordinates></Point>
</Placemark>
<Placemark>
<name>4G</name>
<Point><coordinates>85.06223055,25.55834381,0</coordinates></Point>
</Placemark>
<Placemark>
<name>LTE</name>
<Point><coordinates>84.98234265,25.53463321,0</coordinates></Point>
</Placemark>
<Placemark>
<name>3G</name>
<Point><coordinates>85.23902624,25.51553276,0</coordinates></Point>
</Placemark>
<Placemark>
<name>5G</name>
<Point><coordinates>85.18515933,25.64762115,0</coordinates></Point>
</Placemark>
<Placemark>
<name>LTE</name>
<Point><coordinates>85.27273063,25.59693366,0</coordinates></Point>
</Placemark>
<Placemark>
<name>4G</name>
<Point><coordinates>85.24065923,25.47369701,0</coordinates></Point>
</Placemark>
<Placemark>
<name>4G</name>
<Point><coordinates>85.19551994,25.48739457,0</coordinates></Point>
</Placemark>
<Placemark>
<name>LTE</name>
<Point><coordinates>85.05864958,25.69279835,0</coordinates></Point>
</Placemark>
<Placemark>
<name>3G</name>
<Point><coordinates>85.25127476,25.46627981,0</coordinates></Point>
</Placemark>
<Placemark>
<name>3G</name>
<Point><coordinates>85.1196554,25.68639912,0</coordinates></Point>
</Placemark>
<Placemark>
<name>4G</name>
<Point><coordinates>85.30641235,25.57608272,0</coordinates></Point>
</Placemark>
<Placemark>
<name>3G</name>
<Point><coordinates>85.1482899,25.54441447,0</coordinates></Point>
</Placemark>
<Placemark>
<name>3G</name>
<Point><coordinates>84.99649407,25.62204856,0</coordinates></Point>
</Placemark>
<Placemark>
<name>4G</name>
<Point><coordinates>85.04647988,25.72598035,0</coordinates></Point>
</Placemark>
<Placemark>
<name>4G</name>
<Point><coordinates>85.1927706,25.66324714,0</coordinates></Point>
</Placemark>
<Placemark>
<name>4G</name>
<Point><coordinates>85.06611406,25.4909571,0</coordinates></Point>
</Placemark>
<Placemark>
<name>3G</name>
<Point><coordinates>85.20998594,25.59716164,0</coordinates></Point>
</Placemark>
<Placemark>
<name>5G</name>
<Point><coordinates>85.05676063,25.65914796,0</coordinates></Point>
</Placemark>
<Placemark>
<name>4G</name>
<Point><coordinates>85.25457288,25.55143297,0</coordinates></Point>
</Placemark>
<Placemark>
<name>3G</name>
<Point><coordinates>85.02184274,25.62812697,0</coordinates></Point>
</Placemark>
<Placemark>
<name>LTE</name>
<Point><coordinates>85.18259279,25.61132053,0</coordinates></Point>
</Placemark>
<Placemark>
<name>5G</name>
<Point><coordinates>85.27375027,25.57202529,0</coordinates></Point>
</Placemark>
<Placemark>
<name>4G</name>
<Point><coordinates>85.1722882,25.45623721,0</coordinates></Point>
</Placemark>
<Placemark>
<name>LTE</name>
<Point><coordinates>85.27423771,25.66579003,0</coordinates></Point>
</Placemark>
<Placemark>
<name>LTE</name>
<Point><coordinates>85.07492581,25.61003221,0</coordinates></Point>
</Placemark>
<Placemark>
<name>LTE</name>
<Point><coordinates>85.19273687,25.42329259,0</coordinates></Point>
</Placemark>
<Placemark>
<name>3G</name>
<Point><coordinates>84.97992747,25.54399091,0</coordinates></Point>
</Placemark>
<Placemark>
<name>4G</name>
<Point><coordinates>85.07133681,25.45433386,0</coordinates></Point>
</Placemark>
<Placemark>
<name>3G</name>
<Point><coordinates>85.07543651,25.60172192,0</coordinates></Point>
</Placemark>
<Placemark>
<name>4G</name>
<Point><coordinates>84.99486857,25.5889199,0</coordinates></Point>
</Placemark>
<Placemark>
<name>4G</name>
<Point><coordinates>85.20116796,25.51667485,0</coordinates></Point>
</Placemark>
<Placemark>
<name>LTE</name>
<Point><coordinates>85.10562413,25.63025982,0</coordinates></Point>
</Placemark>
<Placemark>
<name>3G</name>
<Point><coordinates>85.25795153,25.65086523,0</coordinates></Point>
</Placemark>
<Placemark>
<name>5G</name>
<Point><coordinates>84.96723223,25.63186802,0</coordinates></Point>
</Placemark>
<Placemark>
<name>LTE</name>
<Point><coordinates>85.13899732,25.57840114,0</coordinates></Point>
</Placemark>
<Placemark>
<name>4G</name>
<Point><coordinates>85.25382589,25.68783697,0</coordinates></Point>
</Placemark>
<Placemark>
<name>5G</name>
<Point><coordinates>85.22992239,25.52696606,0</coordinates></Point>
</Placemark>
<Placemark>
<name>5G</name>
<Point><coordinates>85.05611317,25.66120953,0</coordinates></Point>
</Placemark>
<Placemark>
<name>4G</name>
<Point><coordinates>85.00836906,25.70883218,0</coordinates></Point>
</Placemark>
<Placemark>
<name>LTE</name>
<Point><coordinates>85.23423155,25.5914892,0</coordinates></Point>
</Placemark>
<Placemark>
<name>3G</name>
<Point><coordinates>85.1803851,25.53210043,0</coordinates></Point>
</Placemark>
<Placemark>
<name>3G</name>
<Point><coordinates>85.26240684,25.70886236,0</coordinates></Point>
</Placemark>
<Placemark>
<name>5G</name>
<Point><coordinates>85.07066547,25.65794911,0</coordinates></Point>
</Placemark>
<Placemark>
<name>LTE</name>
<Point><coordinates>85.04243755,25.46984906,0</coordinates></Point>
</Placemark>
<Placemark>
<name>5G</name>
<Point><coordinates>85.25946916,25.51464548,0</coordinates></Point>
</Placemark>
<Placemark>
<name>4G</name>
<Point><coordinates>85.10247865,25.69596918,0</coordinates></Point>
</Placemark>
<Placemark>
<name>5G</name>
<Point><coordinates>85.02997716,25.5913429,0</coordinates></Point>
</Placemark>
<Placemark>
<name>LTE</name>
<Point><coordinates>85.22482199,25.72388294,0</coordinates></Point>
</Placemark>
<Placemark>
<name>4G</name>
<Point><coordinates>85.3005248,25.62845923,0</coordinates></Point>
</Placemark>
<Placemark>
<name>LTE</name>
<Point><coordinates>85.13699896,25.68543847,0</coordinates></Point>
</Placemark>
<Placemark>
<name>4G</name>
<Point><coordinates>85.2503232,25.53352917,0</coordinates></Point>
</Placemark>
<Placemark>
<name>3G</name>
<Point><coordinates>85.26602179,25.5243474,0</coordinates></Point>
</Placemark>
<Placemark>
<name>3G</name>
<Point><coordinates>85.22680483,25.58475927,0</coordinates></Point>
</Placemark>
<Placemark>
<name>4G</name>
<Point><coordinates>85.29285235,25.52890704,0</coordinates></Point>
</Placemark>
<Placemark>
<name>5G</name>
<Point><coordinates>85.27869283,25.54875135,0</coordinates></Point>
</Placemark>
<Placemark>
<name>3G</name>
<Point><coordinates>85.05707922,25.46652815,0</coordinates></Point>
</Placemark>
<Placemark>
<name>5G</name>
<Point><coordinates>85.11325438,25.44555261,0</coordinates></Point>
</Placemark>
<Placemark>
<name>4G</name>
<Point><coordinates>85.14515749,25.45240798,0</coordinates></Point>
</Placemark>
<Placemark>
<name>5G</name>
<Point><coordinates>85.28482805,25.67956817,0</coordinates></Point>
</Placemark>
<Placemark>
<name>4G</name>
<Point><coordinates>85.22697555,25.74005921,0</coordinates></Point>
</Placemark>
<Placemark>
<name>3G</name>
<Point><coordinates>84.98895162,25.52562243,0</coordinates></Point>
</Placemark>
<Placemark>
<name>3G</name>
<Point><coordinates>85.09881888,25.54217259,0</coordinates></Point>
</Placemark>
<Placemark>
<name>5G</name>
<Point><coordinates>85.20325729,25.72374174,0</coordinates></Point>
</Placemark>
<Placemark>
<name>5G</name>
<Point><coordinates>85.02860291,25.5699205,0</coordinates></Point>
</Placemark>
<Placemark>
<name>5G</name>
<Point><coordinates>84.98222229,25.59755291,0</coordinates></Point>
</Placemark>
<Placemark>
<name>4G</name>
<Point><coordinates>85.07071649,25.74507021,0</coordinates></Point>
</Placemark>
<Placemark>
<name>4G</name>
<Point><coordinates>85.14671016,25.50935279,0</coordinates></Point>
</Placemark>
<Placemark>
<name>LTE</name>
<Point><coordinates>85.29366855,25.57581875,0</coordinates></Point>
</Placemark>
<Placemark>
<name>5G</name>
<Point><coordinates>85.10821969,25.72312179,0</coordinates></Point>
</Placemark>
<Placemark>
<name>4G</name>
<Point><coordinates>85.28006154,25.52676047,0</coordinates></Point>
</Placemark>
<Placemark>
<name>3G</name>
<Point><coordinates>85.16068758,25.47698467,0</coordinates></Point>
</Placemark>
<Placemark>
<name>LTE</name>
<Point><coordinates>85.01318697,25.51361876,0</coordinates></Point>
</Placemark>
<Placemark>
<name>3G</name>
<Point><coordinates>85.17080603,25.4974901,0</coordinates></Point>
</Placemark>
<Placemark>
<name>3G</name>
<Point><coordinates>85.28465197,25.50949723,0</coordinates></Point>
</Placemark>
<Placemark>
<name>LTE</name>
<Point><coordinates>85.20542301,25.64451439,0</coordinates></Point>
</Placemark>
<Placemark>
<name>4G</name>
<Point><coordinates>85.15047424,25.47286934,0</coordinates></Point>
</Placemark>
<Placemark>
<name>5G</name>
<Point><coordinates>85.09074045,25.60754105,0</coordinates></Point>
</Placemark>
<Placemark>
<name>5G</name>
<Point><coordinates>85.08328398,25.50937964,0</coordinates></Point>
</Placemark>
<Placemark>
<name>3G</name>
<Point><coordinates>85.24770445,25.66932559,0</coordinates></Point>
</Placemark>
<Placemark>
<name>3G</name>
<Point><coordinates>85.17435067,25.61734452,0</coordinates></Point>
</Placemark>
<Placemark>
<name>5G</name>
<Point><coordinates>85.26717477,25.6385603,0</coordinates></Point>
</Placemark>
<Placemark>
<name>3G</name>
<Point><coordinates>85.12759681,25.59823702,0</coordinates></Point>
</Placemark>
<Placemark>
<name>LTE</name>
<Point><coordinates>85.0777695,25.73497274,0</coordinates></Point>
</Placemark>
<Placemark>
<name>5G</name>
<Point><coordinates>85.05602941,25.72780849,0</coordinates></Point>
</Placemark>
<Placemark>
<name>3G</name>
<Point><coordinates>85.11350703,25.73180379,0</coordinates></Point>
</Placemark>
<Placemark>
<name>3G</name>
<Point><coordinates>85.04867514,25.47139137,0</coordinates></Point>
</Placemark>
<Placemark>
<name>3G</name>
<Point><coordinates>85.18185995,25.72841642,0</coordinates></Point>
</Placemark>
<Placemark>
<name>4G</name>
<Point><coordinates>85.28842903,25.64372437,0</coordinates></Point>
</Placemark>
<Placemark>
<name>4G</name>
<Point><coordinates>85.16286603,25.71507438,0</coordinates></Point>
</Placemark>
<Placemark>
<name>4G</name>
<Point><coordinates>85.20654729,25.7423678,0</coordinates></Point>
</Placemark>
<Placemark>
<name>5G</name>
<Point><coordinates>85.23851708,25.67032806,0</coordinates></Point>
</Placemark>
<Placemark>
<name>5G</name>
<Point><coordinates>85.15454398,25.65865962,0</coordinates></Point>
</Placemark>
<Placemark>
<name>5G</name>
<Point><coordinates>85.00462306,25.63969203,0</coordinates></Point>
</Placemark>
<Placemark>
<name>LTE</name>
<Point><coordinates>85.16927512,25.51060895,0</coordinates></Point>
</Placemark>
<Placemark>
<name>LTE</name>
<Point><coordinates>84.99568444,25.56843892,0</coordinates></Point>
</Placemark>
<Placemark>
<name>3G</name>
<Point><coordinates>85.1208447,25.75455444,0</coordinates></Point>
</Placemark>
<Placemark>
<name>4G</name>
<Point><coordinates>84.95993275,25.57403531,0</coordinates></Point>
</Placemark>
<Placemark>
<name>LTE</name>
<Point><coordinates>85.27152458,25.4957679,0</coordinates></Point>
</Placemark>
<Placemark>
<name>3G</name>
<Point><coordinates>85.28876802,25.6154753,0</coordinates></Point>
</Placemark>
<Placemark>
<name>4G</name>
<Point><coordinates>84.98336185,25.57305784,0</coordinates></Point>
</Placemark>
<Placemark>
<name>LTE</name>
<Point><coordinates>85.06459275,25.64727654,0</coordinates></Point>
</Placemark>
<Placemark>
<name>LTE</name>
<Point><coordinates>85.08538646,25.56475724,0</coordinates></Point>
</Placemark>
<Placemark>
<name>LTE</name>
<Point><coordinates>85.13569951,25.59301133,0</coordinates></Point>
</Placemark>
<Placemark>
<name>LTE</name>
<Point><coordinates>85.19876769,25.45287735,0</coordinates></Point>
</Placemark>
<Placemark>
<name>3G</name>
<Point><coordinates>85.02606138,25.72169414,0</coordinates></Point>
</Placemark>
<Placemark>
<name>3G</name>
<Point><coordinates>85.14022759,25.65531767,0</coordinates></Point>
</Placemark>
<Placemark>
<name>4G</name>
<Point><coordinates>85.05240358,25.59358401,0</coordinates></Point>
</Placemark>
<Placemark>
<name>3G</name>
<Point><coordinates>85.17094482,25.76081156,0</coordinates></Point>
</Placemark>
<Placemark>
<name>LTE</name>
<Point><coordinates>85.00520138,25.62864131,0</coordinates></Point>
</Placemark>
<Placemark>
<name>5G</name>
<Point><coordinates>85.00215135,25.64031178,0</coordinates></Point>
</Placemark>
<Placemark>
<name>3G</name>
<Point><coordinates>85.18470376,25.75812767,0</coordinates></Point>
</Placemark>
<Placemark>
<name>5G</name>
<Point><coordinates>85.11007181,25.74988954,0</coordinates></Point>
</Placemark>
<Placemark>
<name>3G</name>
<Point><coordinates>85.14850295,25.51443581,0</coordinates></Point>
</Placemark>
<Placemark>
<name>5G</name>
<Point><coordinates>85.23320563,25.68593922,0</coordinates></Point>
</Placemark>
<Placemark>
<name>4G</name>
<Point><coordinates>85.29732829,25.61730767,0</coordinates></Point>
</Placemark>
<Placemark>
<name>5G</name>
<Point><coordinates>85.20933901,25.48611268,0</coordinates></Point>
</Placemark>
<Placemark>
<name>5G</name>
<Point><coordinates>85.17209493,25.62431127,0</coordinates></Point>
</Placemark>
<Placemark>
<name>5G</name>
<Point><coordinates>85.06748473,25.71389452,0</coordinates></Point>
</Placemark>
<Placemark>
<name>LTE</name>
<Point><coordinates>85.08410597,25.54537836,0</coordinates></Point>
</Placemark>
<Placemark>
<name>5G</name>
<Point><coordinates>84.9739439,25.65709935,0</coordinates></Point>
</Placemark>
<Placemark>
<name>5G</name>
<Point><coordinates>85.09969613,25.76742569,0</coordinates></Point>
</Placemark>
<Placemark>
<name>LTE</name>
<Point><coordinates>85.01522978,25.67020097,0</coordinates></Point>
</Placemark>
<Placemark>
<name>5G</name>
<Point><coordinates>85.09911723,25.52149293,0</coordinates></Point>
</Placemark>
<Placemark>
<name>4G</name>
<Point><coordinates>85.04302118,25.68424454,0</coordinates></Point>
</Placemark>
<Placemark>
<name>5G</name>
<Point><coordinates>85.21136253,25.62378789,0</coordinates></Point>
</Placemark>
<Placemark>
<name>LTE</name>
<Point><coordinates>85.13013629,25.52270176,0</coordinates></Point>
</Placemark>
<Placemark>
<name>5G</name>
<Point><coordinates>85.0341783,25.71351713,0</coordinates></Point>
</Placemark>
<Placemark>
<name>3G</name>
<Point><coordinates>85.10247235,25.50045877,0</coordinates></Point>
</Placemark>
<Placemark>
<name>3G</name>
<Point><coordinates>85.22424445,25.45946761,0</coordinates></Point>
</Placemark>
<Placemark>
<name>LTE</name>
<Point><coordinates>85.01719959,25.49591112,0</coordinates></Point>
</Placemark>
<Placemark>
<name>3G</name>
<Point><coordinates>85.18075411,25.48198867,0</coordinates></Point>
</Placemark>
<Placemark>
<name>3G</name>
<Point><coordinates>85.10623283,25.43950356,0</coordinates></Point>
</Placemark>
<Placemark>
<name>LTE</name>
<Point><coordinates>85.18610452,25.66872318,0</coordinates></Point>
</Placemark>
<Placemark>
<name>LTE</name>
<Point><coordinates>85.28645111,25.63854054,0</coordinates></Point>
</Placemark>
<Placemark>
<name>4G</name>
<Point><coordinates>85.20072603,25.55515996,0</coordinates></Point>
</Placemark>
<Placemark>
<name>5G</name>
<Point><coordinates>85.15913837,25.50467265,0</coordinates></Point>
</Placemark>
<Placemark>
<name>LTE</name>
<Point><coordinates>85.28226619,25.63954649,0</coordinates></Point>
</Placemark>
<Placemark>
<name>5G</name>
<Point><coordinates>85.10497353,25.54583255,0</coordinates></Point>
</Placemark>
<Placemark>
<name>3G</name>
<Point><coordinates>85.13035539,25.55940899,0</coordinates></Point>
</Placemark>
<Placemark>
<name>4G</name>
<Point><coordinates>85.10211847,25.66970148,0</coordinates></Point>
</Placemark>
<Placemark>
<name>4G</name>
<Point><coordinates>85.22968977,25.55927914,0</coordinates></Point>
</Placemark>
<Placemark>
<name>3G</name>
<Point><coordinates>85.0504388,25.72739317,0</coordinates></Point>
</Placemark>
<Placemark>
<name>5G</name>
<Point><coordinates>85.16638571,25.7217558,0</coordinates></Point>
</Placemark>
<Placemark>
<name>4G</name>
<Point><coordinates>85.11143207,25.46108177,0</coordinates></Point>
</Placemark>
<Placemark>
<name>LTE</name>
<Point><coordinates>85.24223512,25.64767317,0</coordinates></Point>
</Placemark>
<Placemark>
<name>LTE</name>
<Point><coordinates>85.10652673,25.45264418,0</coordinates></Point>
</Placemark>
<Placemark>
<name>LTE</name>
<Point><coordinates>85.2464072,25.57507216,0</coordinates></Point>
</Placemark>
<Placemark>
<name>4G</name>
<Point><coordinates>85.08299958,25.71070833,0</coordinates></Point>
</Placemark>
<Placemark>
<name>LTE</name>
<Point><coordinates>85.06879809,25.66105524,0</coordinates></Point>
</Placemark>
<Placemark>
<name>LTE</name>
<Point><coordinates>85.20970248,25.70669662,0</coordinates></Point>
</Placemark>
<Placemark>
<name>3G</name>
<Point><coordinates>85.06852896,25.50067922,0</coordinates></Point>
</Placemark>
<Placemark>
<name>3G</name>
<Point><coordinates>85.27963478,25.67940515,0</coordinates></Point>
</Placemark>
<Placemark>
<name>4G</name>
<Point><coordinates>85.26522887,25.63681826,0</coordinates></Point>
</Placemark>
<Placemark>
<name>4G</name>
<Point><coordinates>85.07890965,25.54201719,0</coordinates></Point>
</Placemark>
<Placemark>
<name>4G</name>
<Point><coordinates>85.10756293,25.77016533,0</coordinates></Point>
</Placemark>
<Placemark>
<name>5G</name>
<Point><coordinates>85.0015647,25.63515811,0</coordinates></Point>
</Placemark>
<Placemark>
<name>LTE</name>
<Point><coordinates>85.18270167,25.64483877,0</coordinates></Point>
</Placemark>
<Placemark>
<name>5G</name>
<Point><coordinates>85.06227557,25.60602263,0</coordinates></Point>
</Placemark>
<Placemark>
<name>3G</name>
<Point><coordinates>85.21558706,25.47823851,0</coordinates></Point>
</Placemark>
<Placemark>
<name>4G</name>
<Point><coordinates>85.05537902,25.72500231,0</coordinates></Point>
</Placemark>
<Placemark>
<name>5G</name>
<Point><coordinates>85.30229595,25.58973371,0</coordinates></Point>
</Placemark>
<Placemark>
<name>LTE</name>
<Point><coordinates>85.27300169,25.70310579,0</coordinates></Point>
</Placemark>
<Placemark>
<name>5G</name>
<Point><coordinates>84.98294667,25.61851445,0</coordinates></Point>
</Placemark>
<Placemark>
<name>3G</name>
<Point><coordinates>85.13115145,25.77210248,0</coordinates></Point>
</Placemark>
<Placemark>
<name>4G</name>
<Point><coordinates>85.12050987,25.46835604,0</coordinates></Point>
</Placemark>
<Placemark>
<name>3G</name>
<Point><coordinates>85.23965065,25.46703047,0</coordinates></Point>
</Placemark>
<Placemark>
<name>4G</name>
<Point><coordinates>85.26556309,25.52903677,0</coordinates></Point>
</Placemark>
<Placemark>
<name>3G</name>
<Point><coordinates>85.03228492,25.59284004,0</coordinates></Point>
</Placemark>
<Placemark>
<name>4G</name>
<Point><coordinates>84.98276262,25.54789814,0</coordinates></Point>
</Placemark>
<Placemark>
<name>4G</name>
<Point><coordinates>85.14089996,25.43077957,0</coordinates></Point>
</Placemark>
<Placemark>
<name>4G</name>
<Point><coordinates>85.10544962,25.56383939,0</coordinates></Point>
</Placemark>
<Placemark>
<name>4G</name>
<Point><coordinates>85.11894567,25.48673796,0</coordinates></Point>
</Placemark>
<Placemark>
<name>LTE</name>
<Point><coordinates>85.02301721,25.50427218,0</coordinates></Point>
</Placemark>
<Placemark>
<name>4G</name>
<Point><coordinates>84.99076602,25.53570887,0</coordinates></Point>
</Placemark>
<Placemark>
<name>3G</name>
<Point><coordinates>85.04796758,25.63371216,0</coordinates></Point>
</Placemark>
<Placemark>
<name>4G</name>
<Point><coordinates>85.16980271,25.67424774,0</coordinates></Point>
</Placemark>
<Placemark>
<name>LTE</name>
<Point><coordinates>85.2280977,25.4852103,0</coordinates></Point>
</Placemark>
<Placemark>
<name>LTE</name>
<Point><coordinates>85.16173449,25.46193028,0</coordinates></Point>
</Placemark>
<Placemark>
<name>3G</name>
<Point><coordinates>85.00866665,25.6480049,0</coordinates></Point>
</Placemark>
<Placemark>
<name>5G</name>
<Point><coordinates>85.00783416,25.62242298,0</coordinates></Point>
</Placemark>
<Placemark>
<name>4G</name>
<Point><coordinates>85.15377332,25.49204761,0</coordinates></Point>
</Placemark>
<Placemark>
<name>LTE</name>
<Point><coordinates>85.06669723,25.44890098,0</coordinates></Point>
</Placemark>
<Placemark>
<name>5G</name>
<Point><coordinates>85.08996521,25.70120152,0</coordinates></Point>
</Placemark>
<Placemark>
<name>4G</name>
<Point><coordinates>85.2530122,25.61072991,0</coordinates></Point>
</Placemark>
<Placemark>
<name>4G</name>
<Point><coordinates>85.20870912,25.51566072,0</coordinates></Point>
</Placemark>
<Placemark>
<name>3G</name>
<Point><coordinates>85.15716335,25.63193593,0</coordinates></Point>
</Placemark>
<Placemark>
<name>3G</name>
<Point><coordinates>84.96565291,25.62581279,0</coordinates></Point>
</Placemark>
<Placemark>
<name>3G</name>
<Point><coordinates>85.2476252,25.60964392,0</coordinates></Point>
</Placemark>
<Placemark>
<name>3G</name>
<Point><coordinates>85.19318202,25.64424422,0</coordinates></Point>
</Placemark>
<Placemark>
<name>LTE</name>
<Point><coordinates>85.02015682,25.4864661,0</coordinates></Point>
</Placemark>
<Placemark>
<name>5G</name>
<Point><coordinates>84.99343713,25.66568568,0</coordinates></Point>
</Placemark>
<Placemark>
<name>LTE</name>
<Point><coordinates>85.17613399,25.42645001,0</coordinates></Point>
</Placemark>
<Placemark>
<name>5G</name>
<Point><coordinates>85.11359573,25.72036338,0</coordinates></Point>
</Placemark>
<Placemark>
<name>3G</name>
<Point><coordinates>85.29214454,25.66485325,0</coordinates></Point>
</Placemark>
<Placemark>
<name>3G</name>
<Point><coordinates>85.12554522,25.59934506,0</coordinates></Point>
</Placemark>
<Placemark>
<name>5G</name>
<Point><coordinates>85.22815975,25.4624424,0</coordinates></Point>
</Placemark>
<Placemark>
<name>3G</name>
<Point><coordinates>85.20050989,25.54299535,0</coordinates></Point>
</Placemark>
<Placemark>
<name>4G</name>
<Point><coordinates>85.04823805,25.61710339,0</coordinates></Point>
</Placemark>
<Placemark>
<name>4G</name>
<Point><coordinates>85.08469914,25.57667012,0</coordinates></Point>
</Placemark>
<Placemark>
<name>4G</name>
<Point><coordinates>85.03801597,25.45153705,0</coordinates></Point>
</Placemark>
<Placemark>
<name>LTE</name>
<Point><coordinates>85.16094123,25.75864739,0</coordinates></Point>
</Placemark>
<Placemark>
<name>4G</name>
<Point><coordinates>85.17269377,25.41970354,0</coordinates></Point>
</Placemark>
<Placemark>
<name>4G</name>
<Point><coordinates>85.2592293,25.63409167,0</coordinates></Point>
</Placemark>
<Placemark>
<name>3G</name>
<Point><coordinates>85.11053946,25.57343428,0</coordinates></Point>
</Placemark>
<Placemark>
<name>3G</name>
<Point><coordinates>85.00373761,25.52868185,0</coordinates></Point>
</Placemark>
<Placemark>
<name>4G</name>
<Point><coordinates>85.23312424,25.65386189,0</coordinates></Point>
</Placemark>
<Placemark>
<name>4G</name>
<Point><coordinates>84.97652869,25.61435699,0</coordinates></Point>
</Placemark>
<Placemark>
<name>5G</name>
<Point><coordinates>85.10282644,25.41868772,0</coordinates></Point>
</Placemark>
<Placemark>
<name>4G</name>
<Point><coordinates>85.05651273,25.61876519,0</coordinates></Point>
</Placemark>
<Placemark>
<name>4G</name>
<Point><coordinates>85.15057494,25.73218893,0</coordinates></Point>
</Placemark>
<Placemark>
<name>5G</name>
<Point><coordinates>85.25471797,25.55166608,0</coordinates></Point>
</Placemark>
<Placemark>
<name>LTE</name>
<Point><coordinates>85.12794981,25.72098797,0</coordinates></Point>
</Placemark>
<Placemark>
<name>LTE</name>
<Point><coordinates>85.11467412,25.70705875,0</coordinates></Point>
</Placemark>
<Placemark>
<name>3G</name>
<Point><coordinates>85.21505577,25.62361624,0</coordinates></Point>
</Placemark>
<Placemark>
<name>3G</name>
<Point><coordinates>85.12201602,25.59058187,0</coordinates></Point>
</Placemark>
<Placemark>
<name>5G</name>
<Point><coordinates>85.05453067,25.62802666,0</coordinates></Point>
</Placemark>
<Placemark>
<name>4G</name>
<Point><coordinates>85.09706797,25.69873238,0</coordinates></Point>
</Placemark>
<Placemark>
<name>4G</name>
<Point><coordinates>85.09294607,25.74368896,0</coordinates></Point>
</Placemark>
<Placemark>
<name>LTE</name>
<Point><coordinates>85.231759,25.60680838,0</coordinates></Point>
</Placemark>
<Placemark>
<name>5G</name>
<Point><coordinates>85.02409523,25.6390431,0</coordinates></Point>
</Placemark>
<Placemark>
<name>4G</name>
<Point><coordinates>85.08110437,25.50265367,0</coordinates></Point>
</Placemark>
<Placemark>
<name>3G</name>
<Point><coordinates>85.02136573,25.6907487,0</coordinates></Point>
</Placemark>
<Placemark>
<name>LTE</name>
<Point><coordinates>85.25534311,25.52843568,0</coordinates></Point>
</Placemark>
<Placemark>
<name>LTE</name>
<Point><coordinates>85.0471154,25.68008762,0</coordinates></Point>
</Placemark>
<Placemark>
<name>5G</name>
<Point><coordinates>85.2436925,25.46108094,0</coordinates></Point>
</Placemark>
<Placemark>
<name>4G</name>
<Point><coordinates>85.22281522,25.51593322,0</coordinates></Point>
</Placemark>
<Placemark>
<name>5G</name>
<Point><coordinates>85.27607626,25.69364698,0</coordinates></Point>
</Placemark>
<Placemark>
<name>3G</name>
<Point><coordinates>85.09154649,25.71792391,0</coordinates></Point>
</Placemark>
<Placemark>
<name>5G</name>
<Point><coordinates>85.2687477,25.64904002,0</coordinates></Point>
</Placemark>
<Placemark>
<name>3G</name>
<Point><coordinates>85.07902697,25.52134679,0</coordinates></Point>
</Placemark>
<Placemark>
<name>4G</name>
<Point><coordinates>85.2608078,25.46822428,0</coordinates></Point>
</Placemark>
<Placemark>
<name>5G</name>
<Point><coordinates>85.13087576,25.44240555,0</coordinates></Point>
</Placemark>
<Placemark>
<name>3G</name>
<Point><coordinates>85.19480037,25.46100707,0</coordinates></Point>
</Placemark>
<Placemark>
<name>5G</name>
<Point><coordinates>85.3100728,25.58495601,0</coordinates></Point>
</Placemark>
<Placemark>
<name>3G</name>
<Point><coordinates>85.17489789,25.58879489,0</coordinates></Point>
</Placemark>
<Placemark>
<name>3G</name>
<Point><coordinates>85.08880721,25.51057098,0</coordinates></Point>
</Placemark>
<Placemark>
<name>LTE</name>
<Point><coordinates>85.14885029,25.52607039,0</coordinates></Point>
</Placemark>
<Placemark>
<name>5G</name>
<Point><coordinates>85.10725609,25.76693706,0</coordinates></Point>
</Placemark>
<Placemark>
<name>4G</name>
<Point><coordinates>85.05741143,25.53017677,0</coordinates></Point>
</Placemark>
<Placemark>
<name>LTE</name>
<Point><coordinates>85.23750433,25.62333735,0</coordinates></Point>
</Placemark>
<Placemark>
<name>5G</name>
<Point><coordinates>85.08143436,25.68626252,0</coordinates></Point>
</Placemark>
<Placemark>
<name>3G</name>
<Point><coordinates>85.14649012,25.51898519,0</coordinates></Point>
</Placemark>
<Placemark>
<name>4G</name>
<Point><coordinates>85.16971932,25.44012327,0</coordinates></Point>
</Placemark>
<Placemark>
<name>5G</name>
<Point><coordinates>85.02298333,25.61919444,0</coordinates></Point>
</Placemark>
<Placemark>
<name>3G</name>
<Point><coordinates>85.13718536,25.50314564,0</coordinates></Point>
</Placemark>
<Placemark>
<name>3G</name>
<Point><coordinates>85.1143966,25.69607667,0</coordinates></Point>
</Placemark>
<Placemark>
<name>4G</name>
<Point><coordinates>85.20162989,25.61915823,0</coordinates></Point>
</Placemark>
<Placemark>
<name>4G</name>
<Point><coordinates>85.08428989,25.49529285,0</coordinates></Point>
</Placemark>
<Placemark>
<name>4G</name>
<Point><coordinates>85.19181505,25.6437294,0</coordinates></Point>
</Placemark>
<Placemark>
<name>3G</name>
<Point><coordinates>84.98224691,25.62269469,0</coordinates></Point>
</Placemark>
<Placemark>
<name>LTE</name>
<Point><coordinates>85.26452117,25.4820598,0</coordinates></Point>
</Placemark>
<Placemark>
<name>LTE</name>
<Point><coordinates>85.002242,25.49702019,0</coordinates></Point>
</Placemark>
<Placemark>
<name>5G</name>
<Point><coordinates>85.14872464,25.53674501,0</coordinates></Point>
</Placemark>
<Placemark>
<name>4G</name>
<Point><coordinates>85.15978337,25.51909162,0</coordinates></Point>
</Placemark>
<Placemark>
<name>4G</name>
<Point><coordinates>85.02511225,25.54533841,0</coordinates></Point>
</Placemark>
<Placemark>
<name>LTE</name>
<Point><coordinates>85.09049443,25.58726507,0</coordinates></Point>
</Placemark>
<Placemark>
<name>3G</name>
<Point><coordinates>85.15318451,25.55705777,0</coordinates></Point>
</Placemark>
<Placemark>
<name>LTE</name>
<Point><coordinates>85.04557747,25.4474227,0</coordinates></Point>
</Placemark>
<Placemark>
<name>LTE</name>
<Point><coordinates>84.99516782,25.50436853,0</coordinates></Point>
</Placemark>
<Placemark>
<name>3G</name>
<Point><coordinates>85.02533941,25.54744906,0</coordinates></Point>
</Placemark>
<Placemark>
<name>3G</name>
<Point><coordinates>85.18045943,25.68382154,0</coordinates></Point>
</Placemark>
<Placemark>
<name>3G</name>
<Point><coordinates>85.16535387,25.70620834,0</coordinates></Point>
</Placemark>
<Placemark>
<name>3G</name>
<Point><coordinates>85.01849866,25.60233257,0</coordinates></Point>
</Placemark>
<Placemark>
<name>3G</name>
<Point><coordinates>85.2299374,25.54889816,0</coordinates></Point>
</Placemark>
<Placemark>
<name>3G</name>
<Point><coordinates>84.96582221,25.64056268,0</coordinates></Point>
</Placemark>
<Placemark>
<name>LTE</name>
<Point><coordinates>85.29841105,25.55771033,0</coordinates></Point>
</Placemark>
<Placemark>
<name>5G</name>
<Point><coordinates>85.01767165,25.69159715,0</coordinates></Point>
</Placemark>
<Placemark>
<name>3G</name>
<Point><coordinates>85.20846487,25.52622883,0</coordinates></Point>
</Placemark>
<Placemark>
<name>LTE</name>
<Point><coordinates>85.1880358,25.53757783,0</coordinates></Point>
</Placemark>
<Placemark>
<name>LTE</name>
<Point><coordinates>85.07410241,25.72254267,0</coordinates></Point>
</Placemark>
<Placemark>
<name>5G</name>
<Point><coordinates>85.23381398,25.52751346,0</coordinates></Point>
</Placemark>
<Placemark>
<name>4G</name>
<Point><coordinates>85.26535831,25.70810269,0</coordinates></Point>
</Placemark>
<Placemark>
<name>4G</name>
<Point><coordinates>85.19919006,25.66100919,0</coordinates></Point>
</Placemark>
<Placemark>
<name>5G</name>
<Point><coordinates>85.04497529,25.64019963,0</coordinates></Point>
</Placemark>
<Placemark>
<name>4G</name>
<Point><coordinates>85.3051424,25.63028034,0</coordinates></Point>
</Placemark>
<Placemark>
<name>3G</name>
<Point><coordinates>85.2154805,25.73470108,0</coordinates></Point>
</Placemark>
<Placemark>
<name>4G</name>
<Point><coordinates>85.29037655,25.66649444,0</coordinates></Point>
</Placemark>
<Placemark>
<name>3G</name>
<Point><coordinates>85.0464337,25.4910428,0</coordinates></Point>
</Placemark>
<Placemark>
<name>5G</name>
<Point><coordinates>85.07198598,25.46837924,0</coordinates></Point>
</Placemark>
<Placemark>
<name>LTE</name>
<Point><coordinates>85.1413322,25.69171713,0</coordinates></Point>
</Placemark>
<Placemark>
<name>4G</name>
<Point><coordinates>85.16974349,25.51333889,0</coordinates></Point>
</Placemark>
<Placemark>
<name>LTE</name>
<Point><coordinates>85.1454142,25.56695993,0</coordinates></Point>
</Placemark>
<Placemark>
<name>4G</name>
<Point><coordinates>85.16122375,25.61620277,0</coordinates></Point>
</Placemark>
<Placemark>
<name>LTE</name>
<Point><coordinates>85.19066474,25.65831443,0</coordinates></Point>
</Placemark>
<Placemark>
<name>5G</name>
<Point><coordinates>85.02195316,25.48588336,0</coordinates></Point>
</Placemark>
<Placemark>
<name>3G</name>
<Point><coordinates>85.05500396,25.48142632,0</coordinates></Point>
</Placemark>
<Placemark>
<name>LTE</name>
<Point><coordinates>85.03410149,25.58833796,0</coordinates></Point>
</Placemark>
<Placemark>
<name>4G</name>
<Point><coordinates>85.30215522,25.59217935,0</coordinates></Point>
</Placemark>
<Placemark>
<name>LTE</name>
<Point><coordinates>85.0448304,25.6270306,0</coordinates></Point>
</Placemark>
<Placemark>
<name>5G</name>
<Point><coordinates>85.05337554,25.50367402,0</coordinates></Point>
</Placemark>
<Placemark>
<name>5G</name>
<Point><coordinates>85.0212864,25.6583971,0</coordinates></Point>
</Placemark>
<Placemark>
<name>5G</name>
<Point><coordinates>85.0460429,25.47109833,0</coordinates></Point>
</Placemark>
<Placemark>
<name>5G</name>
<Point><coordinates>85.0123116,25.60810216,0</coordinates></Point>
</Placemark>
<Placemark>
<name>4G</name>
<Point><coordinates>85.15718741,25.66478209,0</coordinates></Point>
</Placemark>
<Placemark>
<name>4G</name>
<Point><coordinates>85.07045568,25.63771323,0</coordinates></Point>
</Placemark>
<Placemark>
<name>3G</name>
<Point><coordinates>85.04225853,25.69310025,0</coordinates></Point>
</Placemark>
<Placemark>
<name>LTE</name>
<Point><coordinates>85.00789391,25.52310487,0</coordinates></Point>
</Placemark>
<Placemark>
<name>3G</name>
<Point><coordinates>85.19811228,25.64833076,0</coordinates></Point>
</Placemark>
<Placemark>
<name>3G</name>
<Point><coordinates>84.96367192,25.60867661,0</coordinates></Point>
</Placemark>
<Placemark>
<name>4G</name>
<Point><coordinates>85.04636154,25.6956952,0</coordinates></Point>
</Placemark>
<Placemark>
<name>LTE</name>
<Point><coordinates>85.13957194,25.46843386,0</coordinates></Point>
</Placemark>
<Placemark>
<name>3G</name>
<Point><coordinates>85.11151052,25.51188445,0</coordinates></Point>
</Placemark>
<Placemark>
<name>5G</name>
<Point><coordinates>85.26610497,25.65818217,0</coordinates></Point>
</Placemark>
<Placemark>
<name>4G</name>
<Point><coordinates>85.11154585,25.66132839,0</coordinates></Point>
</Placemark>
<Placemark>
<name>4G</name>
<Point><coordinates>85.20658633,25.61535363,0</coordinates></Point>
</Placemark>
<Placemark>
<name>LTE</name>
<Point><coordinates>85.1841813,25.7175068,0</coordinates></Point>
</Placemark>
<Placemark>
<name>4G</name>
<Point><coordinates>85.15582086,25.60436813,0</coordinates></Point>
</Placemark>
<Placemark>
<name>4G</name>
<Point><coordinates>84.99603006,25.49628319,0</coordinates></Point>
</Placemark>
<Placemark>
<name>4G</name>
<Point><coordinates>85.27296192,25.68305164,0</coordinates></Point>
</Placemark>
<Placemark>
<name>3G</name>
<Point><coordinates>85.07388514,25.67282503,0</coordinates></Point>
</Placemark>
<Placemark>
<name>3G</name>
<Point><coordinates>85.20417601,25.64352652,0</coordinates></Point>
</Placemark>
<Placemark>
<name>LTE</name>
<Point><coordinates>85.23728258,25.56943031,0</coordinates></Point>
</Placemark>
<Placemark>
<name>4G</name>
<Point><coordinates>85.0407418,25.47457892,0</coordinates></Point>
</Placemark>
<Placemark>
<name>5G</name>
<Point><coordinates>85.22008204,25.47081978,0</coordinates></Point>
</Placemark>
<Placemark>
<name>5G</name>
<Point><coordinates>85.02594321,25.52235607,0</coordinates></Point>
</Placemark>
<Placemark>
<name>5G</name>
<Point><coordinates>85.16412655,25.745104,0</coordinates></Point>
</Placemark>
<Placemark>
<name>3G</name>
<Point><coordinates>85.12443818,25.52751083,0</coordinates></Point>
</Placemark>
<Placemark>
<name>5G</name>
<Point><coordinates>85.24755549,25.66146825,0</coordinates></Point>
</Placemark>
<Placemark>
<name>3G</name>
<Point><coordinates>85.11870138,25.66245959,0</coordinates></Point>
</Placemark>
<Placemark>
<name>5G</name>
<Point><coordinates>85.0488045,25.69548517,0</coordinates></Point>
</Placemark>
<Placemark>
<name>3G</name>
<Point><coordinates>85.17397629,25.4757156,0</coordinates></Point>
</Placemark>
<Placemark>
<name>LTE</name>
<Point><coordinates>85.14433181,25.41623183,0</coordinates></Point>
</Placemark>
<Placemark>
<name>3G</name>
<Point><coordinates>85.25659958,25.66143591,0</coordinates></Point>
</Placemark>
<Placemark>
<name>4G</name>
<Point><coordinates>85.03020344,25.71742242,0</coordinates></Point>
</Placemark>
<Placemark>
<name>4G</name>
<Point><coordinates>85.28228742,25.52748486,0</coordinates></Point>
</Placemark>
<Placemark>
<name>4G</name>
<Point><coordinates>85.07417775,25.67470247,0</coordinates></Point>
</Placemark>
<Placemark>
<name>5G</name>
<Point><coordinates>85.23967501,25.73193205,0</coordinates></Point>
</Placemark>
<Placemark>
<name>5G</name>
<Point><coordinates>85.27347,25.56372307,0</coordinates></Point>
</Placemark>
<Placemark>
<name>4G</name>
<Point><coordinates>85.22676354,25.57261886,0</coordinates></Point>
</Placemark>
<Placemark>
<name>3G</name>
<Point><coordinates>85.20565021,25.58844257,0</coordinates></Point>
</Placemark>
<Placemark>
<name>5G</name>
<Point><coordinates>85.22789588,25.54614399,0</coordinates></Point>
</Placemark>
<Placemark>
<name>LTE</name>
<Point><coordinates>85.16318845,25.63848928,0</coordinates></Point>
</Placemark>
<Placemark>
<name>LTE</name>
<Point><coordinates>85.0836695,25.53259312,0</coordinates></Point>
</Placemark>
<Placemark>
<name>3G</name>
<Point><coordinates>85.23423799,25.64589262,0</coordinates></Point>
</Placemark>
<Placemark>
<name>5G</name>
<Point><coordinates>85.2549014,25.49519148,0</coordinates></Point>
</Placemark>
<Placemark>
<name>3G</name>
<Point><coordinates>85.1818094,25.65592877,0</coordinates></Point>
</Placemark>
<Placemark>
<name>5G</name>
<Point><coordinates>85.04032269,25.54396642,0</coordinates></Point>
</Placemark>
<Placemark>
<name>4G</name>
<Point><coordinates>85.04493867,25.72027343,0</coordinates></Point>
</Placemark>
<Placemark>
<name>4G</name>
<Point><coordinates>85.24286059,25.4591573,0</coordinates></Point>
</Placemark>
<Placemark>
<name>5G</name>
<Point><coordinates>85.11956257,25.63757257,0</coordinates></Point>
</Placemark>
<Placemark>
<name>4G</name>
<Point><coordinates>85.05827724,25.49298666,0</coordinates></Point>
</Placemark>
<Placemark>
<name>4G</name>
<Point><coordinates>85.20879116,25.72916137,0</coordinates></Point>
</Placemark>
<Placemark>
<name>LTE</name>
<Point><coordinates>85.26192341,25.64710052,0</coordinates></Point>
</Placemark>
<Placemark>
<name>4G</name>
<Point><coordinates>85.0159269,25.69088085,0</coordinates></Point>
</Placemark>
<Placemark>
<name>4G</name>
<Point><coordinates>85.27572449,25.7052051,0</coordinates></Point>
</Placemark>
<Placemark>
<name>3G</name>
<Point><coordinates>85.16485895,25.5164676,0</coordinates></Point>
</Placemark>
<Placemark>
<name>5G</name>
<Point><coordinates>85.07016393,25.45824229,0</coordinates></Point>
</Placemark>
<Placemark>
<name>3G</name>
<Point><coordinates>85.24837044,25.67607522,0</coordinates></Point>
</Placemark>
<Placemark>
<name>LTE</name>
<Point><coordinates>85.02931941,25.52376952,0</coordinates></Point>
</Placemark>
<Placemark>
<name>3G</name>
<Point><coordinates>85.03698709,25.5080565,0</coordinates></Point>
</Placemark>
<Placemark>
<name>5G</name>
<Point><coordinates>85.01086774,25.53560214,0</coordinates></Point>
</Placemark>
<Placemark>
<name>3G</name>
<Point><coordinates>85.25094669,25.50236017,0</coordinates></Point>
</Placemark>
<Placemark>
<name>LTE</name>
<Point><coordinates>85.07569408,25.6522534,0</coordinates></Point>
</Placemark>
<Placemark>
<name>5G</name>
<Point><coordinates>85.15616943,25.51142611,0</coordinates></Point>
</Placemark>
<Placemark>
<name>5G</name>
<Point><coordinates>85.05404108,25.640652,0</coordinates></Point>
</Placemark>
<Placemark>
<name>5G</name>
<Point><coordinates>85.0314705,25.61309737,0</coordinates></Point>
</Placemark>
<Placemark>
<name>5G</name>
<Point><coordinates>85.24488532,25.47800465,0</coordinates></Point>
</Placemark>
<Placemark>
<name>3G</name>
<Point><coordinates>85.26940226,25.62679191,0</coordinates></Point>
</Placemark>
<Placemark>
<name>3G</name>
<Point><coordinates>85.28472632,25.52823227,0</coordinates></Point>
</Placemark>
<Placemark>
<name>5G</name>
<Point><coordinates>85.08771832,25.53405974,0</coordinates></Point>
</Placemark>
<Placemark>
<name>3G</name>
<Point><coordinates>85.06562006,25.64042949,0</coordinates></Point>
</Placemark>
<Placemark>
<name>5G</name>
<Point><coordinates>85.12776088,25.51272933,0</coordinates></Point>
</Placemark>
<Placemark>
<name>LTE</name>
<Point><coordinates>85.02861394,25.58512464,0</coordinates></Point>
</Placemark>
<Placemark>
<name>LTE</name>
<Point><coordinates>85.04990257,25.7119583,0</coordinates></Point>
</Placemark>
<Placemark>
<name>LTE</name>
<Point><coordinates>85.23253795,25.72405949,0</coordinates></Point>
</Placemark>
<Placemark>
<name>LTE</name>
<Point><coordinates>85.09304102,25.4744305,0</coordinates></Point>
</Placemark>
<Placemark>
<name>LTE</name>
<Point><coordinates>85.11291992,25.48200839,0</coordinates></Point>
</Placemark>
<Placemark>
<name>4G</name>
<Point><coordinates>85.06403907,25.68839691,0</coordinates></Point>
</Placemark>
<Placemark>
<name>LTE</name>
<Point><coordinates>85.30243107,25.6400826,0</coordinates></Point>
</Placemark>
<Placemark>
<name>LTE</name>
<Point><coordinates>85.29824719,25.5302637,0</coordinates></Point>
</Placemark>
<Placemark>
<name>3G</name>
<Point><coordinates>85.10454721,25.44884578,0</coordinates></Point>
</Placemark>
<Placemark>
<name>3G</name>
<Point><coordinates>85.25290298,25.62703708,0</coordinates></Point>
</Placemark>
<Placemark>
<name>5G</name>
<Point><coordinates>85.1618691,25.43762773,0</coordinates></Point>
</Placemark>
<Placemark>
<name>3G</name>
<Point><coordinates>85.01294582,25.52514263,0</coordinates></Point>
</Placemark>
<Placemark>
<name>4G</name>
<Point><coordinates>85.01254642,25.53407743,0</coordinates></Point>
</Placemark>
<Placemark>
<name>4G</name>
<Point><coordinates>85.30932079,25.56286554,0</coordinates></Point>
</Placemark>
<Placemark>
<name>4G</name>
<Point><coordinates>85.05393397,25.70784283,0</coordinates></Point>
</Placemark>
<Placemark>
<name>3G</name>
<Point><coordinates>85.16877936,25.62292485,0</coordinates></Point>
</Placemark>
<Placemark>
<name>4G</name>
<Point><coordinates>85.03697907,25.70087297,0</coordinates></Point>
</Placemark>
<Placemark>
<name>3G</name>
<Point><coordinates>85.14983229,25.52694402,0</coordinates></Point>
</Placemark>
<Placemark>
<name>3G</name>
<Point><coordinates>85.29995572,25.60103255,0</coordinates></Point>
</Placemark>
<Placemark>
<name>3G</name>
<Point><coordinates>85.06729486,25.5076547,0</coordinates></Point>
</Placemark>
<Placemark>
<name>5G</name>
<Point><coordinates>85.16420104,25.55035068,0</coordinates></Point>
</Placemark>
<Placemark>
<name>4G</name>
<Point><coordinates>85.23825661,25.59063513,0</coordinates></Point>
</Placemark>
<Placemark>
<name>4G</name>
<Point><coordinates>85.08181588,25.57718959,0</coordinates></Point>
</Placemark>
<Placemark>
<name>5G</name>
<Point><coordinates>85.00674649,25.56218883,0</coordinates></Point>
</Placemark>
<Placemark>
<name>LTE</name>
<Point><coordinates>85.03155616,25.5766799,0</coordinates></Point>
</Placemark>
<Placemark>
<name>4G</name>
<Point><coordinates>84.97741774,25.55195226,0</coordinates></Point>
</Placemark>
<Placemark>
<name>3G</name>
<Point><coordinates>85.0438318,25.50227106,0</coordinates></Point>
</Placemark>
<Placemark>
<name>3G</name>
<Point><coordinates>85.00390185,25.58808899,0</coordinates></Point>
</Placemark>
<Placemark>
<name>LTE</name>
<Point><coordinates>85.13837682,25.50138726,0</coordinates></Point>
</Placemark>
<Placemark>
<name>4G</name>
<Point><coordinates>85.0046959,25.59308196,0</coordinates></Point>
</Placemark>
<Placemark>
<name>3G</name>
<Point><coordinates>84.991801,25.61562682,0</coordinates></Point>
</Placemark>
<Placemark>
<name>5G</name>
<Point><coordinates>85.29672691,25.67395177,0</coordinates></Point>
</Placemark>
<Placemark>
<name>4G</name>
<Point><coordinates>85.26358923,25.70725791,0</coordinates></Point>
</Placemark>
<Placemark>
<name>5G</name>
<Point><coordinates>85.06593562,25.71471491,0</coordinates></Point>
</Placemark>
<Placemark>
<name>4G</name>
<Point><coordinates>85.20129389,25.68992039,0</coordinates></Point>
</Placemark>
<Placemark>
<name>5G</name>
<Point><coordinates>85.13403799,25.70559265,0</coordinates></Point>
</Placemark>
<Placemark>
<name>LTE</name>
<Point><coordinates>85.17140725,25.50827897,0</coordinates></Point>
</Placemark>
<Placemark>
<name>5G</name>
<Point><coordinates>85.22616678,25.61419185,0</coordinates></Point>
</Placemark>
<Placemark>
<name>3G</name>
<Point><coordinates>85.17007549,25.53480151,0</coordinates></Point>
</Placemark>
<Placemark>
<name>LTE</name>
<Point><coordinates>85.19890831,25.5363057,0</coordinates></Point>
</Placemark>
<Placemark>
<name>5G</name>
<Point><coordinates>85.23358431,25.68385744,0</coordinates></Point>
</Placemark>
<Placemark>
<name>LTE</name>
<Point><coordinates>85.24577306,25.73457594,0</coordinates></Point>
</Placemark>
<Placemark>
<name>4G</name>
<Point><coordinates>85.11998169,25.51990687,0</coordinates></Point>
</Placemark>
<Placemark>
<name>LTE</name>
<Point><coordinates>85.10495761,25.49220073,0</coordinates></Point>
</Placemark>
<Placemark>
<name>4G</name>
<Point><coordinates>85.0936493,25.51407335,0</coordinates></Point>
</Placemark>
<Placemark>
<name>3G</name>
<Point><coordinates>85.15355339,25.7136771,0</coordinates></Point>
</Placemark>
<Placemark>
<name>LTE</name>
<Point><coordinates>85.29578202,25.58725509,0</coordinates></Point>
</Placemark>
<Placemark>
<name>4G</name>
<Point><coordinates>85.03255376,25.62974432,0</coordinates></Point>
</Placemark>
<Placemark>
<name>LTE</name>
<Point><coordinates>85.0872428,25.69271253,0</coordinates></Point>
</Placemark>
<Placemark>
<name>4G</name>
<Point><coordinates>84.9898954,25.57231946,0</coordinates></Point>
</Placemark>
<Placemark>
<name>4G</name>
<Point><coordinates>85.19002017,25.51324617,0</coordinates></Point>
</Placemark>
<Placemark>
<name>3G</name>
<Point><coordinates>85.07095868,25.59459434,0</coordinates></Point>
</Placemark>
<Placemark>
<name>LTE</name>
<Point><coordinates>85.29455926,25.6166073,0</coordinates></Point>
</Placemark>
<Placemark>
<name>5G</name>
<Point><coordinates>85.19201859,25.63309144,0</coordinates></Point>
</Placemark>
<Placemark>
<name>4G</name>
<Point><coordinates>85.15843433,25.52401575,0</coordinates></Point>
</Placemark>
<Placemark>
<name>4G</name>
<Point><coordinates>85.14257598,25.52009413,0</coordinates></Point>
</Placemark>
<Placemark>
<name>5G</name>
<Point><coordinates>85.15729914,25.65782366,0</coordinates></Point>
</Placemark>
<Placemark>
<name>3G</name>
<Point><coordinates>85.13779977,25.41979867,0</coordinates></Point>
</Placemark>
<Placemark>
<name>LTE</name>
<Point><coordinates>85.16576085,25.62091005,0</coordinates></Point>
</Placemark>
<Placemark>
<name>5G</name>
<Point><coordinates>85.20766921,25.58360173,0</coordinates></Point>
</Placemark>
<Placemark>
<name>5G</name>
<Point><coordinates>84.96720964,25.54913713,0</coordinates></Point>
</Placemark>
<Placemark>
<name>LTE</name>
<Point><coordinates>85.04745711,25.58831717,0</coordinates></Point>
</Placemark>
<Placemark>
<name>4G</name>
<Point><coordinates>85.12297214,25.47935818,0</coordinates></Point>
</Placemark>
<Placemark>
<name>4G</name>
<Point><coordinates>85.05849241,25.697727,0</coordinates></Point>
</Placemark>
<Placemark>
<name>5G</name>
<Point><coordinates>85.3065128,25.59565316,0</coordinates></Point>
</Placemark>
<Placemark>
<name>3G</name>
<Point><coordinates>85.24980584,25.6868774,0</coordinates></Point>
</Placemark>
<Placemark>
<name>LTE</name>
<Point><coordinates>85.0369713,25.45001705,0</coordinates></Point>
</Placemark>
<Placemark>
<name>LTE</name>
<Point><coordinates>85.1828485,25.52939146,0</coordinates></Point>
</Placemark>
<Placemark>
<name>LTE</name>
<Point><coordinates>85.18548875,25.53557349,0</coordinates></Point>
</Placemark>
<Placemark>
<name>LTE</name>
<Point><coordinates>84.96414466,25.55190779,0</coordinates></Point>
</Placemark>
<Placemark>
<name>4G</name>
<Point><coordinates>85.0540331,25.67469855,0</coordinates></Point>
</Placemark>
<Placemark>
<name>3G</name>
<Point><coordinates>85.10841065,25.63865557,0</coordinates></Point>
</Placemark>
<Placemark>
<name>3G</name>
<Point><coordinates>84.98229886,25.56596442,0</coordinates></Point>
</Placemark>
<Placemark>
<name>3G</name>
<Point><coordinates>85.20564066,25.66996346,0</coordinates></Point>
</Placemark>
<Placemark>
<name>4G</name>
<Point><coordinates>85.04391643,25.56987456,0</coordinates></Point>
</Placemark>
<Placemark>
<name>4G</name>
<Point><coordinates>85.2170867,25.50525638,0</coordinates></Point>
</Placemark>
<Placemark>
<name>LTE</name>
<Point><coordinates>85.03370275,25.51829368,0</coordinates></Point>
</Placemark>
<Placemark>
<name>LTE</name>
<Point><coordinates>84.98684852,25.64016604,0</coordinates></Point>
</Placemark>
<Placemark>
<name>LTE</name>
<Point><coordinates>85.18087229,25.53507446,0</coordinates></Point>
</Placemark>
<Placemark>
<name>4G</name>
<Point><coordinates>85.15846902,25.59767858,0</coordinates></Point>
</Placemark>
<Placemark>
<name>3G</name>
<Point><coordinates>85.00511756,25.69760539,0</coordinates></Point>
</Placemark>
<Placemark>
<name>3G</name>
<Point><coordinates>84.98489946,25.66483051,0</coordinates></Point>
</Placemark>
<Placemark>
<name>5G</name>
<Point><coordinates>85.21660327,25.71337687,0</coordinates></Point>
</Placemark>
<Placemark>
<name>LTE</name>
<Point><coordinates>85.25409973,25.69431526,0</coordinates></Point>
</Placemark>
<Placemark>
<name>5G</name>
<Point><coordinates>85.27386365,25.58743447,0</coordinates></Point>
</Placemark>
<Placemark>
<name>4G</name>
<Point><coordinates>85.03402487,25.66572513,0</coordinates></Point>
</Placemark>
<Placemark>
<name>LTE</name>
<Point><coordinates>85.11494427,25.58898355,0</coordinates></Point>
</Placemark>
<Placemark>
<name>5G</name>
<Point><coordinates>85.20974999,25.5129134,0</coordinates></Point>
</Placemark>
<Placemark>
<name>5G</name>
<Point><coordinates>85.18072128,25.46513086,0</coordinates></Point>
</Placemark>
<Placemark>
<name>4G</name>
<Point><coordinates>85.02627177,25.61083945,0</coordinates></Point>
</Placemark>
<Placemark>
<name>4G</name>
<Point><coordinates>85.08258162,25.47126719,0</coordinates></Point>
</Placemark>
<Placemark>
<name>LTE</name>
<Point><coordinates>85.02741249,25.51890922,0</coordinates></Point>
</Placemark>
<Placemark>
<name>3G</name>
<Point><coordinates>85.21332475,25.75141452,0</coordinates></Point>
</Placemark>
<Placemark>
<name>LTE</name>
<Point><coordinates>85.23720866,25.71167466,0</coordinates></Point>
</Placemark>
<Placemark>
<name>LTE</name>
<Point><coordinates>85.07090566,25.45063844,0</coordinates></Point>
</Placemark>
<Placemark>
<name>LTE</name>
<Point><coordinates>85.15258956,25.48465088,0</coordinates></Point>
</Placemark>
<Placemark>
<name>5G</name>
<Point><coordinates>85.28559937,25.49480763,0</coordinates></Point>
</Placemark>
<Placemark>
<name>4G</name>
<Point><coordinates>85.29018195,25.68416587,0</coordinates></Point>
</Placemark>
<Placemark>
<name>LTE</name>
<Point><coordinates>85.06003488,25.57882515,0</coordinates></Point>
</Placemark>
<Placemark>
<name>3G</name>
<Point><coordinates>85.11423942,25.43200948,0</coordinates></Point>
</Placemark>
<Placemark>
<name>LTE</name>
<Point><coordinates>85.22009933,25.57367649,0</coordinates></Point>
</Placemark>
<Placemark>
<name>3G</name>
<Point><coordinates>85.19504012,25.52179622,0</coordinates></Point>
</Placemark>
<Placemark>
<name>4G</name>
<Point><coordinates>85.16868404,25.51119404,0</coordinates></Point>
</Placemark>
<Placemark>
<name>3G</name>
<Point><coordinates>85.02787785,25.46390711,0</coordinates></Point>
</Placemark>
<Placemark>
<name>3G</name>
<Point><coordinates>85.09237197,25.75669629,0</coordinates></Point>
</Placemark>
<Placemark>
<name>LTE</name>
<Point><coordinates>85.2134298,25.75154562,0</coordinates></Point>
</Placemark>
<Placemark>
<name>LTE</name>
<Point><coordinates>85.23768305,25.63799162,0</coordinates></Point>
</Placemark>
<Placemark>
<name>3G</name>
<Point><coordinates>85.14714111,25.58721488,0</coordinates></Point>
</Placemark>
<Placemark>
<name>LTE</name>
<Point><coordinates>85.24292799,25.65591215,0</coordinates></Point>
</Placemark>
<Placemark>
<name>5G</name>
<Point><coordinates>85.16465021,25.72759108,0</coordinates></Point>
</Placemark>
<Placemark>
<name>5G</name>
<Point><coordinates>85.05497788,25.60639332,0</coordinates></Point>
</Placemark>
<Placemark>
<name>3G</name>
<Point><coordinates>85.21057351,25.55728453,0</coordinates></Point>
</Placemark>
<Placemark>
<name>3G</name>
<Point><coordinates>85.08313181,25.61130905,0</coordinates></Point>
</Placemark>
<Placemark>
<name>3G</name>
<Point><coordinates>84.98485471,25.56507042,0</coordinates></Point>
</Placemark>
<Placemark>
<name>3G</name>
<Point><coordinates>84.97328144,25.55895364,0</coordinates></Point>
</Placemark>
<Placemark>
<name>3G</name>
<Point><coordinates>85.09351336,25.75666498,0</coordinates></Point>
</Placemark>
<Placemark>
<name>3G</name>
<Point><coordinates>84.99932011,25.56956726,0</coordinates></Point>
</Placemark>
<Placemark>
<name>3G</name>
<Point><coordinates>85.15381161,25.43335155,0</coordinates></Point>
</Placemark>
<Placemark>
<name>5G</name>
<Point><coordinates>85.12905671,25.66790417,0</coordinates></Point>
</Placemark>
<Placemark>
<name>LTE</name>
<Point><coordinates>85.12604429,25.6385416,0</coordinates></Point>
</Placemark>
<Placemark>
<name>5G</name>
<Point><coordinates>85.25054237,25.53524093,0</coordinates></Point>
</Placemark>
<Placemark>
<name>3G</name>
<Point><coordinates>85.29971948,25.53960435,0</coordinates></Point>
</Placemark>
<Placemark>
<name>LTE</name>
<Point><coordinates>85.2682347,25.59799967,0</coordinates></Point>
</Placemark>
<Placemark>
<name>5G</name>
<Point><coordinates>85.17655436,25.7495654,0</coordinates></Point>
</Placemark>
<Placemark>
<name>5G</name>
<Point><coordinates>85.00931591,25.67987108,0</coordinates></Point>
</Placemark>
<Placemark>
<name>3G</name>
<Point><coordinates>85.25351944,25.46534117,0</coordinates></Point>
</Placemark>
<Placemark>
<name>5G</name>
<Point><coordinates>85.1005262,25.51619549,0</coordinates></Point>
</Placemark>
<Placemark>
<name>4G</name>
<Point><coordinates>85.08862757,25.68909408,0</coordinates></Point>
</Placemark>
<Placemark>
<name>4G</name>
<Point><coordinates>85.2913269,25.66681185,0</coordinates></Point>
</Placemark>
<Placemark>
<name>4G</name>
<Point><coordinates>85.21910914,25.47024565,0</coordinates></Point>
</Placemark>
<Placemark>
<name>LTE</name>
<Point><coordinates>85.17982118,25.67536789,0</coordinates></Point>
</Placemark>
<Placemark>
<name>3G</name>
<Point><coordinates>85.22883685,25.45043057,0</coordinates></Point>
</Placemark>
<Placemark>
<name>3G</name>
<Point><coordinates>85.16508091,25.65342415,0</coordinates></Point>
</Placemark>
<Placemark>
<name>4G</name>
<Point><coordinates>85.22491389,25.54752541,0</coordinates></Point>
</Placemark>
<Placemark>
<name>5G</name>
<Point><coordinates>85.00556493,25.67944856,0</coordinates></Point>
</Placemark>
<Placemark>
<name>3G</name>
<Point><coordinates>85.19199857,25.60466185,0</coordinates></Point>
</Placemark>
<Placemark>
<name>LTE</name>
<Point><coordinates>84.96219187,25.5885321,0</coordinates></Point>
</Placemark>
<Placemark>
<name>5G</name>
<Point><coordinates>85.17350192,25.57149673,0</coordinates></Point>
</Placemark>
<Placemark>
<name>3G</name>
<Point><coordinates>85.31417023,25.6257658,0</coordinates></Point>
</Placemark>
<Placemark>
<name>3G</name>
<Point><coordinates>85.27452995,25.47804491,0</coordinates></Point>
</Placemark>
<Placemark>
<name>LTE</name>
<Point><coordinates>85.17670743,25.56403029,0</coordinates></Point>
</Placemark>
<Placemark>
<name>LTE</name>
<Point><coordinates>85.05448846,25.6104198,0</coordinates></Point>
</Placemark>
<Placemark>
<name>5G</name>
<Point><coordinates>85.22673359,25.66382442,0</coordinates></Point>
</Placemark>
<Placemark>
<name>3G</name>
<Point><coordinates>85.16191613,25.71118942,0</coordinates></Point>
</Placemark>
<Placemark>
<name>LTE</name>
<Point><coordinates>85.06451113,25.63211493,0</coordinates></Point>
</Placemark>
<Placemark>
<name>5G</name>
<Point><coordinates>85.1961857,25.59978266,0</coordinates></Point>
</Placemark>
<Placemark>
<name>5G</name>
<Point><coordinates>84.99518268,25.57533599,0</coordinates></Point>
</Placemark>
<Placemark>
<name>3G</name>
<Point><coordinates>85.17692352,25.48772511,0</coordinates></Point>
</Placemark>
<Placemark>
<name>4G</name>
<Point><coordinates>85.18066025,25.50797017,0</coordinates></Point>
</Placemark>
<Placemark>
<name>5G</name>
<Point><coordinates>85.11262685,25.70067157,0</coordinates></Point>
</Placemark>
<Placemark>
<name>LTE</name>
<Point><coordinates>85.18789375,25.75237481,0</coordinates></Point>
</Placemark>
<Placemark>
<name>5G</name>
<Point><coordinates>85.05677784,25.69575543,0</coordinates></Point>
</Placemark>
<Placemark>
<name>4G</name>
<Point><coordinates>85.23747156,25.61500288,0</coordinates></Point>
</Placemark>
<Placemark>
<name>5G</name>
<Point><coordinates>85.05818218,25.65180458,0</coordinates></Point>
</Placemark>
<Placemark>
<name>5G</name>
<Point><coordinates>85.01712892,25.62038662,0</coordinates></Point>
</Placemark>
<Placemark>
<name>LTE</name>
<Point><coordinates>85.1491561,25.57743517,0</coordinates></Point>
</Placemark>
<Placemark>
<name>4G</name>
<Point><coordinates>85.0677744,25.6455926,0</coordinates></Point>
</Placemark>
<Placemark>
<name>5G</name>
<Point><coordinates>85.30112556,25.52341811,0</coordinates></Point>
</Placemark>
<Placemark>
<name>4G</name>
<Point><coordinates>85.17820947,25.62184173,0</coordinates></Point>
</Placemark>
<Placemark>
<name>LTE</name>
<Point><coordinates>85.08939246,25.54163435,0</coordinates></Point>
</Placemark>
<Placemark>
<name>5G</name>
<Point><coordinates>85.19330344,25.63878196,0</coordinates></Point>
</Placemark>
<Placemark>
<name>5G</name>
<Point><coordinates>85.1363416,25.5980446,0</coordinates></Point>
</Placemark>
<Placemark>
<name>LTE</name>
<Point><coordinates>85.13963266,25.74171878,0</coordinates></Point>
</Placemark>
<Placemark>
<name>5G</name>
<Point><coordinates>85.06065628,25.74872827,0</coordinates></Point>
</Placemark>
<Placemark>
<name>5G</name>
<Point><coordinates>85.04435426,25.60174139,0</coordinates></Point>
</Placemark>
<Placemark>
<name>5G</name>
<Point><coordinates>85.08949732,25.684904,0</coordinates></Point>
</Placemark>
<Placemark>
<name>3G</name>
<Point><coordinates>85.07364467,25.60320677,0</coordinates></Point>
</Placemark>
<Placemark>
<name>5G</name>
<Point><coordinates>85.29352425,25.53468134,0</coordinates></Point>
</Placemark>
<Placemark>
<name>LTE</name>
<Point><coordinates>85.0230928,25.71255096,0</coordinates></Point>
</Placemark>
<Placemark>
<name>3G</name>
<Point><coordinates>85.232511,25.68121716,0</coordinates></Point>
</Placemark>
<Placemark>
<name>LTE</name>
<Point><coordinates>85.1577217,25.5534197,0</coordinates></Point>
</Placemark>
<Placemark>
<name>4G</name>
<Point><coordinates>85.09675304,25.75036477,0</coordinates></Point>
</Placemark>
<Placemark>
<name>LTE</name>
<Point><coordinates>85.01325917,25.69817539,0</coordinates></Point>
</Placemark>
<Placemark>
<name>3G</name>
<Point><coordinates>85.04044696,25.46400843,0</coordinates></Point>
</Placemark>
<Placemark>
<name>5G</name>
<Point><coordinates>85.25499438,25.51483436,0</coordinates></Point>
</Placemark>
<Placemark>
<name>5G</name>
<Point><coordinates>85.27462522,25.49042193,0</coordinates></Point>
</Placemark>
<Placemark>
<name>4G</name>
<Point><coordinates>85.22501224,25.68709406,0</coordinates></Point>
</Placemark>
<Placemark>
<name>4G</name>
<Point><coordinates>85.21378725,25.58842077,0</coordinates></Point>
</Placemark>
<Placemark>
<name>4G</name>
<Point><coordinates>85.31114989,25.61935702,0</coordinates></Point>
</Placemark>
<Placemark>
<name>3G</name>
<Point><coordinates>85.22587321,25.69363122,0</coordinates></Point>
</Placemark>
<Placemark>
<name>3G</name>
<Point><coordinates>85.21541666,25.48478982,0</coordinates></Point>
</Placemark>
<Placemark>
<name>LTE</name>
<Point><coordinates>85.13175769,25.42147023,0</coordinates></Point>
</Placemark>
<Placemark>
<name>4G</name>
<Point><coordinates>85.09060238,25.5407422,0</coordinates></Point>
</Placemark>
<Placemark>
<name>LTE</name>
<Point><coordinates>85.20009766,25.55653435,0</coordinates></Point>
</Placemark>
<Placemark>
<name>LTE</name>
<Point><coordinates>85.16378603,25.688337,0</coordinates></Point>
</Placemark>
<Placemark>
<name>LTE</name>
<Point><coordinates>85.19044604,25.50259091,0</coordinates></Point>
</Placemark>
<Placemark>
<name>3G</name>
<Point><coordinates>85.11389342,25.50738809,0</coordinates></Point>
</Placemark>
<Placemark>
<name>3G</name>
<Point><coordinates>85.10243321,25.5813516,0</coordinates></Point>
</Placemark>
<Placemark>
<name>LTE</name>
<Point><coordinates>85.13688767,25.73700352,0</coordinates></Point>
</Placemark>
<Placemark>
<name>5G</name>
<Point><coordinates>85.09988461,25.73207016,0</coordinates></Point>
</Placemark>
<Placemark>
<name>3G</name>
<Point><coordinates>85.28858331,25.55629774,0</coordinates></Point>
</Placemark>
<Placemark>
<name>LTE</name>
<Point><coordinates>84.97474524,25.56040946,0</coordinates></Point>
</Placemark>
<Placemark>
<name>LTE</name>
<Point><coordinates>85.22983626,25.58389203,0</coordinates></Point>
</Placemark>
<Placemark>
<name>LTE</name>
<Point><coordinates>85.08224638,25.49404791,0</coordinates></Point>
</Placemark>
<Placemark>
<name>3G</name>
<Point><coordinates>85.21254806,25.5385332,0</coordinates></Point>
</Placemark>
<Placemark>
<name>LTE</name>
<Point><coordinates>85.25059954,25.47326313,0</coordinates></Point>
</Placemark>
<Placemark>
<name>3G</name>
<Point><coordinates>85.26284142,25.61591649,0</coordinates></Point>
</Placemark>
<Placemark>
<name>4G</name>
<Point><coordinates>85.12451426,25.60136494,0</coordinates></Point>
</Placemark>
<Placemark>
<name>4G</name>
<Point><coordinates>85.16452496,25.61127017,0</coordinates></Point>
</Placemark>
<Placemark>
<name>LTE</name>
<Point><coordinates>85.28710306,25.65702934,0</coordinates></Point>
</Placemark>
<Placemark>
<name>5G</name>
<Point><coordinates>85.22082276,25.72083806,0</coordinates></Point>
</Placemark>
<Placemark>
<name>4G</name>
<Point><coordinates>85.16373326,25.49341886,0</coordinates></Point>
</Placemark>
<Placemark>
<name>4G</name>
<Point><coordinates>85.06095123,25.53822168,0</coordinates></Point>
</Placemark>
<Placemark>
<name>5G</name>
<Point><coordinates>85.01659916,25.62387981,0</coordinates></Point>
</Placemark>
<Placemark>
<name>4G</name>
<Point><coordinates>85.26757203,25.58757493,0</coordinates></Point>
</Placemark>
<Placemark>
<name>3G</name>
<Point><coordinates>85.23637743,25.51437954,0</coordinates></Point>
</Placemark>
<Placemark>
<name>4G</name>
<Point><coordinates>85.14485401,25.53002785,0</coordinates></Point>
</Placemark>
<Placemark>
<name>5G</name>
<Point><coordinates>85.1839057,25.44076674,0</coordinates></Point>
</Placemark>
<Placemark>
<name>LTE</name>
<Point><coordinates>85.06562299,25.45309618,0</coordinates></Point>
</Placemark>
<Placemark>
<name>4G</name>
<Point><coordinates>85.07394759,25.46514726,0</coordinates></Point>
</Placemark>
<Placemark>
<name>3G</name>
<Point><coordinates>85.21507434,25.72209308,0</coordinates></Point>
</Placemark>
<Placemark>
<name>4G</name>
<Point><coordinates>85.17097404,25.49245366,0</coordinates></Point>
</Placemark>
<Placemark>
<name>3G</name>
<Point><coordinates>85.08630643,25.75877337,0</coordinates></Point>
</Placemark>
<Placemark>
<name>3G</name>
<Point><coordinates>85.14475542,25.73676614,0</coordinates></Point>
</Placemark>
<Placemark>
<name>5G</name>
<Point><coordinates>85.06659312,25.45072882,0</coordinates></Point>
</Placemark>
<Placemark>
<name>LTE</name>
<Point><coordinates>85.23778403,25.49327478,0</coordinates></Point>
</Placemark>
<Placemark>
<name>4G</name>
<Point><coordinates>85.15921354,25.73544229,0</coordinates></Point>
</Placemark>
<Placemark>
<name>3G</name>
<Point><coordinates>85.2700156,25.64805889,0</coordinates></Point>
</Placemark>
<Placemark>
<name>3G</name>
<Point><coordinates>85.03724984,25.61638568,0</coordinates></Point>
</Placemark>
<Placemark>
<name>4G</name>
<Point><coordinates>85.23731416,25.73317688,0</coordinates></Point>
</Placemark>
<Placemark>
<name>LTE</name>
<Point><coordinates>85.21776716,25.71997222,0</coordinates></Point>
</Placemark>
<Placemark>
<name>3G</name>
<Point><coordinates>85.1228479,25.46233997,0</coordinates></Point>
</Placemark>
<Placemark>
<name>LTE</name>
<Point><coordinates>85.06439086,25.63621177,0</coordinates></Point>
</Placemark>
<Placemark>
<name>5G</name>
<Point><coordinates>85.06101001,25.52416358,0</coordinates></Point>
</Placemark>
<Placemark>
<name>LTE</name>
<Point><coordinates>85.07248766,25.58248178,0</coordinates></Point>
</Placemark>
<Placemark>
<name>4G</name>
<Point><coordinates>85.27543059,25.51490598,0</coordinates></Point>
</Placemark>
<Placemark>
<name>3G</name>
<Point><coordinates>85.06407127,25.66913197,0</coordinates></Point>
</Placemark>
<Placemark>
<name>4G</name>
<Point><coordinates>85.13240465,25.66544056,0</coordinates></Point>
</Placemark>
<Placemark>
<name>4G</name>
<Point><coordinates>85.00094249,25.57690205,0</coordinates></Point>
</Placemark>
<Placemark>
<name>3G</name>
<Point><coordinates>85.02604268,25.49704032,0</coordinates></Point>
</Placemark>
<Placemark>
<name>LTE</name>
<Point><coordinates>85.16585436,25.54260186,0</coordinates></Point>
</Placemark>
<Placemark>
<name>LTE</name>
<Point><coordinates>84.96038004,25.59705448,0</coordinates></Point>
</Placemark>
<Placemark>
<name>4G</name>
<Point><coordinates>85.30436195,25.55960199,0</coordinates></Point>
</Placemark>
<Placemark>
<name>4G</name>
<Point><coordinates>85.18045806,25.58767355,0</coordinates></Point>
</Placemark>
<Placemark>
<name>3G</name>
<Point><coordinates>85.16101216,25.44630261,0</coordinates></Point>
</Placemark>
<Placemark>
<name>LTE</name>
<Point><coordinates>85.25773737,25.64929865,0</coordinates></Point>
</Placemark>
<Placemark>
<name>4G</name>
<Point><coordinates>85.17593907,25.50277218,0</coordinates></Point>
</Placemark>
<Placemark>
<name>5G</name>
<Point><coordinates>85.24716292,25.51824424,0</coordinates></Point>
</Placemark>
<Placemark>
<name>3G</name>
<Point><coordinates>84.96848141,25.53740455,0</coordinates></Point>
</Placemark>
<Placemark>
<name>3G</name>
<Point><coordinates>85.12352457,25.74282916,0</coordinates></Point>
</Placemark>
<Placemark>
<name>3G</name>
<Point><coordinates>85.28056778,25.63190453,0</coordinates></Point>
</Placemark>
<Placemark>
<name>4G</name>
<Point><coordinates>84.9908382,25.63577349,0</coordinates></Point>
</Placemark>
<Placemark>
<name>5G</name>
<Point><coordinates>85.04300324,25.66978403,0</coordinates></Point>
</Placemark>
<Placemark>
<name>LTE</name>
<Point><coordinates>85.05202642,25.56582711,0</coordinates></Point>
</Placemark>
<Placemark>
<name>3G</name>
<Point><coordinates>85.06560976,25.71401738,0</coordinates></Point>
</Placemark>
<Placemark>
<name>3G</name>
<Point><coordinates>85.01005254,25.5797939,0</coordinates></Point>
</Placemark>
<Placemark>
<name>5G</name>
<Point><coordinates>85.1272371,25.5431703,0</coordinates></Point>
</Placemark>
<Placemark>
<name>4G</name>
<Point><coordinates>85.0970714,25.70786889,0</coordinates></Point>
</Placemark>
<Placemark>
<name>LTE</name>
<Point><coordinates>85.25133159,25.48564492,0</coordinates></Point>
</Placemark>
<Placemark>
<name>3G</name>
<Point><coordinates>85.26554311,25.53636945,0</coordinates></Point>
</Placemark>
<Placemark>
<name>3G</name>
<Point><coordinates>84.98569366,25.57761314,0</coordinates></Point>
</Placemark>
<Placemark>
<name>4G</name>
<Point><coordinates>84.99466518,25.6574823,0</coordinates></Point>
</Placemark>
<Placemark>
<name>3G</name>
<Point><coordinates>84.99773889,25.48956886,0</coordinates></Point>
</Placemark>
<Placemark>
<name>4G</name>
<Point><coordinates>85.28668878,25.60316948,0</coordinates></Point>
</Placemark>
<Placemark>
<name>LTE</name>
<Point><coordinates>85.26626609,25.59443836,0</coordinates></Point>
</Placemark>
<Placemark>
<name>LTE</name>
<Point><coordinates>85.28343679,25.67317545,0</coordinates></Point>
</Placemark>
<Placemark>
<name>3G</name>
<Point><coordinates>85.01032644,25.62555128,0</coordinates></Point>
</Placemark>
<Placemark>
<name>3G</name>
<Point><coordinates>85.15948343,25.48461265,0</coordinates></Point>
</Placemark>
<Placemark>
<name>LTE</name>
<Point><coordinates>85.21664299,25.45518975,0</coordinates></Point>
</Placemark>
<Placemark>
<name>LTE</name>
<Point><coordinates>85.0988013,25.69419296,0</coordinates></Point>
</Placemark>
<Placemark>
<name>4G</name>
<Point><coordinates>85.15836302,25.53852418,0</coordinates></Point>
</Placemark>
<Placemark>
<name>3G</name>
<Point><coordinates>85.07739742,25.48380307,0</coordinates></Point>
</Placemark>
<Placemark>
<name>5G</name>
<Point><coordinates>85.20915217,25.56394713,0</coordinates></Point>
</Placemark>
<Placemark>
<name>5G</name>
<Point><coordinates>85.02491419,25.47183136,0</coordinates></Point>
</Placemark>
<Placemark>
<name>4G</name>
<Point><coordinates>85.26634473,25.51315893,0</coordinates></Point>
</Placemark>
<Placemark>
<name>5G</name>
<Point><coordinates>85.163438,25.50432692,0</coordinates></Point>
</Placemark>
<Placemark>
<name>5G</name>
<Point><coordinates>85.19498414,25.50184494,0</coordinates></Point>
</Placemark>
<Placemark>
<name>LTE</name>
<Point><coordinates>85.07764193,25.6991227,0</coordinates></Point>
</Placemark>
<Placemark>
<name>4G</name>
<Point><coordinates>85.28977357,25.53856684,0</coordinates></Point>
</Placemark>
<Placemark>
<name>LTE</name>
<Point><coordinates>85.20025452,25.65371616,0</coordinates></Point>
</Placemark>
<Placemark>
<name>5G</name>
<Point><coordinates>85.23782086,25.58677173,0</coordinates></Point>
</Placemark>
<Placemark>
<name>3G</name>
<Point><coordinates>85.27069316,25.63558322,0</coordinates></Point>
</Placemark>
<Placemark>
<name>LTE</name>
<Point><coordinates>85.05081671,25.53357586,0</coordinates></Point>
</Placemark>
<Placemark>
<name>4G</name>
<Point><coordinates>85.08713286,25.50953623,0</coordinates></Point>
</Placemark>
<Placemark>
<name>3G</name>
<Point><coordinates>85.00492416,25.51783622,0</coordinates></Point>
</Placemark>
<Placemark>
<name>4G</name>
<Point><coordinates>85.16318704,25.57203625,0</coordinates></Point>
</Placemark>
<Placemark>
<name>5G</name>
<Point><coordinates>85.10391448,25.63251026,0</coordinates></Point>
</Placemark>
<Placemark>
<name>3G</name>
<Point><coordinates>85.12151597,25.43682297,0</coordinates></Point>
</Placemark>
<Placemark>
<name>3G</name>
<Point><coordinates>85.21816542,25.60393672,0</coordinates></Point>
</Placemark>
<Placemark>
<name>4G</name>
<Point><coordinates>85.12754837,25.56085138,0</coordinates></Point>
</Placemark>
<Placemark>
<name>LTE</name>
<Point><coordinates>85.22186129,25.53192691,0</coordinates></Point>
</Placemark>
<Placemark>
<name>5G</name>
<Point><coordinates>85.04820668,25.53094606,0</coordinates></Point>
</Placemark>
<Placemark>
<name>4G</name>
<Point><coordinates>85.15643126,25.60216402,0</coordinates></Point>
</Placemark>
<Placemark>
<name>5G</name>
<Point><coordinates>85.23343472,25.46888429,0</coordinates></Point>
</Placemark>
<Placemark>
<name>LTE</name>
<Point><coordinates>85.28197765,25.5502752,0</coordinates></Point>
</Placemark>
<Placemark>
<name>3G</name>
<Point><coordinates>85.20361941,25.44380599,0</coordinates></Point>
</Placemark>
<Placemark>
<name>5G</name>
<Point><coordinates>85.20497183,25.64555355,0</coordinates></Point>
</Placemark>
<Placemark>
<name>3G</name>
<Point><coordinates>85.04109118,25.55102979,0</coordinates></Point>
</Placemark>
<Placemark>
<name>LTE</name>
<Point><coordinates>85.20326682,25.7100727,0</coordinates></Point>
</Placemark>
<Placemark>
<name>3G</name>
<Point><coordinates>85.24574616,25.48299427,0</coordinates></Point>
</Placemark>
<Placemark>
<name>5G</name>
<Point><coordinates>85.08536326,25.42423423,0</coordinates></Point>
</Placemark>
<Placemark>
<name>LTE</name>
<Point><coordinates>85.03911183,25.57306139,0</coordinates></Point>
</Placemark>
<Placemark>
<name>3G</name>
<Point><coordinates>85.30309982,25.63389696,0</coordinates></Point>
</Placemark>
<Placemark>
<name>3G</name>
<Point><coordinates>85.10111762,25.60729347,0</coordinates></Point>
</Placemark>
<Placemark>
<name>3G</name>
<Point><coordinates>84.98332885,25.66366852,0</coordinates></Point>
</Placemark>
<Placemark>
<name>LTE</name>
<Point><coordinates>85.25682157,25.63068105,0</coordinates></Point>
</Placemark>
<Placemark>
<name>3G</name>
<Point><coordinates>85.18980673,25.53552148,0</coordinates></Point>
</Placemark>
<Placemark>
<name>4G</name>
<Point><coordinates>85.10050975,25.43119856,0</coordinates></Point>
</Placemark>
<Placemark>
<name>5G</name>
<Point><coordinates>85.03729947,25.53647485,0</coordinates></Point>
</Placemark>
<Placemark>
<name>4G</name>
<Point><coordinates>85.10762321,25.64574203,0</coordinates></Point>
</Placemark>
<Placemark>
<name>3G</name>
<Point><coordinates>85.2492509,25.71789483,0</coordinates></Point>
</Placemark>
<Placemark>
<name>LTE</name>
<Point><coordinates>85.0074944,25.61250665,0</coordinates></Point>
</Placemark>
<Placemark>
<name>LTE</name>
<Point><coordinates>85.17028384,25.53381105,0</coordinates></Point>
</Placemark>
<Placemark>
<name>3G</name>
<Point><coordinates>85.21769706,25.62745362,0</coordinates></Point>
</Placemark>
<Placemark>
<name>LTE</name>
<Point><coordinates>85.12692484,25.5706238,0</coordinates></Point>
</Placemark>
<Placemark>
<name>3G</name>
<Point><coordinates>85.10270713,25.45550712,0</coordinates></Point>
</Placemark>
<Placemark>
<name>5G</name>
<Point><coordinates>85.1163762,25.72783479,0</coordinates></Point>
</Placemark>
<Placemark>
<name>3G</name>
<Point><coordinates>85.24170993,25.68930245,0</coordinates></Point>
</Placemark>
<Placemark>
<name>LTE</name>
<Point><coordinates>85.25227703,25.57492748,0</coordinates></Point>
</Placemark>
<Placemark>
<name>3G</name>
<Point><coordinates>84.98796418,25.55339304,0</coordinates></Point>
</Placemark>
<Placemark>
<name>4G</name>
<Point><coordinates>85.09157123,25.7618327,0</coordinates></Point>
</Placemark>
<Placemark>
<name>3G</name>
<Point><coordinates>85.2105256,25.48388299,0</coordinates></Point>
</Placemark>
<Placemark>
<name>3G</name>
<Point><coordinates>85.1877345,25.71123242,0</coordinates></Point>
</Placemark>
<Placemark>
<name>4G</name>
<Point><coordinates>85.08849506,25.76194293,0</coordinates></Point>
</Placemark>
<Placemark>
<name>5G</name>
<Point><coordinates>85.24967539,25.50066124,0</coordinates></Point>
</Placemark>
<Placemark>
<name>3G</name>
<Point><coordinates>85.20384594,25.52644464,0</coordinates></Point>
</Placemark>
<Placemark>
<name>3G</name>
<Point><coordinates>85.10682843,25.65202022,0</coordinates></Point>
</Placemark>
<Placemark>
<name>3G</name>
<Point><coordinates>85.06998909,25.74870449,0</coordinates></Point>
</Placemark>
<Placemark>
<name>LTE</name>
<Point><coordinates>85.15215995,25.68849778,0</coordinates></Point>
</Placemark>
<Placemark>
<name>5G</name>
<Point><coordinates>85.17468165,25.71098975,0</coordinates></Point>
</Placemark>
<Placemark>
<name>4G</name>
<Point><coordinates>85.11703773,25.4242516,0</coordinates></Point>
</Placemark>
<Placemark>
<name>LTE</name>
<Point><coordinates>85.08551516,25.49869385,0</coordinates></Point>
</Placemark>
<Placemark>
<name>5G</name>
<Point><coordinates>85.06022404,25.71095379,0</coordinates></Point>
</Placemark>
<Placemark>
<name>5G</name>
<Point><coordinates>84.96127977,25.57386874,0</coordinates></Point>
</Placemark>
<Placemark>
<name>4G</name>
<Point><coordinates>84.97686867,25.53943257,0</coordinates></Point>
</Placemark>
<Placemark>
<name>5G</name>
<Point><coordinates>85.17274354,25.68326205,0</coordinates></Point>
</Placemark>
<Placemark>
<name>LTE</name>
<Point><coordinates>85.10816421,25.70485218,0</coordinates></Point>
</Placemark>
<Placemark>
<name>4G</name>
<Point><coordinates>84.97745111,25.56839239,0</coordinates></Point>
</Placemark>
<Placemark>
<name>3G</name>
<Point><coordinates>85.06245446,25.73023228,0</coordinates></Point>
</Placemark>
<Placemark>
<name>LTE</name>
<Point><coordinates>85.03395167,25.71805325,0</coordinates></Point>
</Placemark>
<Placemark>
<name>LTE</name>
<Point><coordinates>85.08311215,25.66549662,0</coordinates></Point>
</Placemark>
<Placemark>
<name>LTE</name>
<Point><coordinates>85.11302596,25.51465981,0</coordinates></Point>
</Placemark>
<Placemark>
<name>4G</name>
<Point><coordinates>85.05926811,25.48557134,0</coordinates></Point>
</Placemark>
<Placemark>
<name>3G</name>
<Point><coordinates>85.25908085,25.54019596,0</coordinates></Point>
</Placemark>
<Placemark>
<name>4G</name>
<Point><coordinates>85.14997532,25.55352495,0</coordinates></Point>
</Placemark>
<Placemark>
<name>4G</name>
<Point><coordinates>85.04561186,25.60260303,0</coordinates></Point>
</Placemark>
<Placemark>
<name>3G</name>
<Point><coordinates>85.27958696,25.66969974,0</coordinates></Point>
</Placemark>
<Placemark>
<name>LTE</name>
<Point><coordinates>85.18364316,25.42122258,0</coordinates></Point>
</Placemark>
<Placemark>
<name>LTE</name>
<Point><coordinates>85.19292568,25.51910172,0</coordinates></Point>
</Placemark>
<Placemark>
<name>5G</name>
<Point><coordinates>85.12200117,25.56225867,0</coordinates></Point>
</Placemark>
<Placemark>
<name>4G</name>
<Point><coordinates>85.26150537,25.57563548,0</coordinates></Point>
</Placemark>
<Placemark>
<name>3G</name>
<Point><coordinates>85.13643727,25.49588559,0</coordinates></Point>
</Placemark>
<Placemark>
<name>3G</name>
<Point><coordinates>85.13115263,25.42062981,0</coordinates></Point>
</Placemark>
<Placemark>
<name>LTE</name>
<Point><coordinates>85.24779349,25.63905587,0</coordinates></Point>
</Placemark>
<Placemark>
<name>3G</name>
<Point><coordinates>85.16348672,25.76498613,0</coordinates></Point>
</Placemark>
<Placemark>
<name>4G</name>
<Point><coordinates>85.22936206,25.68468367,0</coordinates></Point>
</Placemark>
<Placemark>
<name>3G</name>
<Point><coordinates>85.25486823,25.69018359,0</coordinates></Point>
</Placemark>
<Placemark>
<name>4G</name>
<Point><coordinates>85.20863303,25.68116606,0</coordinates></Point>
</Placemark>
<Placemark>
<name>3G</name>
<Point><coordinates>85.10270296,25.47514294,0</coordinates></Point>
</Placemark>
<Placemark>
<name>3G</name>
<Point><coordinates>85.02913171,25.6210856,0</coordinates></Point>
</Placemark>
<Placemark>
<name>5G</name>
<Point><coordinates>85.04988781,25.65973709,0</coordinates></Point>
</Placemark>
<Placemark>
<name>3G</name>
<Point><coordinates>85.02772918,25.61981489,0</coordinates></Point>
</Placemark>
<Placemark>
<name>LTE</name>
<Point><coordinates>85.12519077,25.57454603,0</coordinates></Point>
</Placemark>
<Placemark>
<name>LTE</name>
<Point><coordinates>85.19332547,25.60026209,0</coordinates></Point>
</Placemark>
<Placemark>
<name>LTE</name>
<Point><coordinates>85.14842142,25.56366609,0</coordinates></Point>
</Placemark>
<Placemark>
<name>4G</name>
<Point><coordinates>85.26975947,25.50093258,0</coordinates></Point>
</Placemark>
<Placemark>
<name>LTE</name>
<Point><coordinates>85.16167983,25.60682443,0</coordinates></Point>
</Placemark>
<Placemark>
<name>LTE</name>
<Point><coordinates>85.13763313,25.60635994,0</coordinates></Point>
</Placemark>
<Placemark>
<name>4G</name>
<Point><coordinates>85.12319457,25.65591455,0</coordinates></Point>
</Placemark>
<Placemark>
<name>3G</name>
<Point><coordinates>85.17656982,25.62378093,0</coordinates></Point>
</Placemark>
<Placemark>
<name>LTE</name>
<Point><coordinates>85.18035086,25.53406736,0</coordinates></Point>
</Placemark>
<Placemark>
<name>4G</name>
<Point><coordinates>85.21992572,25.72891739,0</coordinates></Point>
</Placemark>
<Placemark>
<name>LTE</name>
<Point><coordinates>84.98181619,25.52455898,0</coordinates></Point>
</Placemark>
<Placemark>
<name>3G</name>
<Point><coordinates>84.99938547,25.61724681,0</coordinates></Point>
</Placemark>
<Placemark>
<name>3G</name>
<Point><coordinates>85.13311727,25.4394138,0</coordinates></Point>
</Placemark>
<Placemark>
<name>LTE</name>
<Point><coordinates>85.22341394,25.64320553,0</coordinates></Point>
</Placemark>
<Placemark>
<name>4G</name>
<Point><coordinates>85.14572815,25.6642768,0</coordinates></Point>
</Placemark>
<Placemark>
<name>4G</name>
<Point><coordinates>85.12720094,25.70561274,0</coordinates></Point>
</Placemark>
<Placemark>
<name>LTE</name>
<Point><coordinates>85.11658442,25.4516095,0</coordinates></Point>
</Placemark>
<Placemark>
<name>4G</name>
<Point><coordinates>85.10594979,25.54669643,0</coordinates></Point>
</Placemark>
<Placemark>
<name>5G</name>
<Point><coordinates>85.1576462,25.49666149,0</coordinates></Point>
</Placemark>
<Placemark>
<name>LTE</name>
<Point><coordinates>85.08300157,25.49903794,0</coordinates></Point>
</Placemark>
<Placemark>
<name>LTE</name>
<Point><coordinates>85.24202475,25.63158828,0</coordinates></Point>
</Placemark>
<Placemark>
<name>LTE</name>
<Point><coordinates>85.27284604,25.67164545,0</coordinates></Point>
</Placemark>
<Placemark>
<name>4G</name>
<Point><coordinates>85.0837996,25.52974156,0</coordinates></Point>
</Placemark>
<Placemark>
<name>3G</name>
<Point><coordinates>85.29056684,25.53309823,0</coordinates></Point>
</Placemark>
<Placemark>
<name>LTE</name>
<Point><coordinates>85.15373504,25.53953354,0</coordinates></Point>
</Placemark>
<Placemark>
<name>5G</name>
<Point><coordinates>85.24079923,25.70705674,0</coordinates></Point>
</Placemark>
<Placemark>
<name>4G</name>
<Point><coordinates>85.27343914,25.63424429,0</coordinates></Point>
</Placemark>
<Placemark>
<name>LTE</name>
<Point><coordinates>85.00013324,25.5327302,0</coordinates></Point>
</Placemark>
<Placemark>
<name>3G</name>
<Point><coordinates>85.17868591,25.52668954,0</coordinates></Point>
</Placemark>
<Placemark>
<name>3G</name>
<Point><coordinates>85.06850417,25.52271266,0</coordinates></Point>
</Placemark>
<Placemark>
<name>4G</name>
<Point><coordinates>85.12627384,25.7223847,0</coordinates></Point>
</Placemark>
<Placemark>
<name>3G</name>
<Point><coordinates>85.20391167,25.69994128,0</coordinates></Point>
</Placemark>
<Placemark>
<name>5G</name>
<Point><coordinates>85.0437561,25.59397721,0</coordinates></Point>
</Placemark>
<Placemark>
<name>5G</name>
<Point><coordinates>85.11414873,25.73531659,0</coordinates></Point>
</Placemark>
<Placemark>
<name>LTE</name>
<Point><coordinates>85.04306726,25.5679517,0</coordinates></Point>
</Placemark>
<Placemark>
<name>3G</name>
<Point><coordinates>85.01700975,25.69035174,0</coordinates></Point>
</Placemark>
<Placemark>
<name>5G</name>
<Point><coordinates>85.02848151,25.5903538,0</coordinates></Point>
</Placemark>
<Placemark>
<name>3G</name>
<Point><coordinates>85.17638558,25.60439118,0</coordinates></Point>
</Placemark>
<Placemark>
<name>LTE</name>
<Point><coordinates>85.17383173,25.4886256,0</coordinates></Point>
</Placemark>
<Placemark>
<name>5G</name>
<Point><coordinates>85.22065827,25.68999175,0</coordinates></Point>
</Placemark>
<Placemark>
<name>3G</name>
<Point><coordinates>85.06199458,25.68192403,0</coordinates></Point>
</Placemark>
<Placemark>
<name>LTE</name>
<Point><coordinates>85.18278369,25.66006086,0</coordinates></Point>
</Placemark>
<Placemark>
<name>4G</name>
<Point><coordinates>85.02337442,25.71000337,0</coordinates></Point>
</Placemark>
<Placemark>
<name>LTE</name>
<Point><coordinates>85.29006926,25.68679509,0</coordinates></Point>
</Placemark>
<Placemark>
<name>3G</name>
<Point><coordinates>85.06278121,25.47885581,0</coordinates></Point>
</Placemark>
<Placemark>
<name>4G</name>
<Point><coordinates>85.29045035,25.57250878,0</coordinates></Point>
</Placemark>
<Placemark>
<name>5G</name>
<Point><coordinates>84.9767143,25.58962516,0</coordinates></Point>
</Placemark>
<Placemark>
<name>4G</name>
<Point><coordinates>85.19068065,25.53305133,0</coordinates></Point>
</Placemark>
<Placemark>
<name>3G</name>
<Point><coordinates>85.17309773,25.67268859,0</coordinates></Point>
</Placemark>
<Placemark>
<name>3G</name>
<Point><coordinates>85.17698048,25.42874431,0</coordinates></Point>
</Placemark>
<Placemark>
<name>4G</name>
<Point><coordinates>85.21762364,25.55718846,0</coordinates></Point>
</Placemark>
<Placemark>
<name>3G</name>
<Point><coordinates>85.14088211,25.54904953,0</coordinates></Point>
</Placemark>
<Placemark>
<name>3G</name>
<Point><coordinates>85.28308728,25.58043722,0</coordinates></Point>
</Placemark>
<Placemark>
<name>3G</name>
<Point><coordinates>85.20170349,25.58631437,0</coordinates></Point>
</Placemark>
<Placemark>
<name>LTE</name>
<Point><coordinates>85.07987776,25.71900276,0</coordinates></Point>
</Placemark>
<Placemark>
<name>5G</name>
<Point><coordinates>85.2031308,25.58154772,0</coordinates></Point>
</Placemark>
<Placemark>
<name>4G</name>
<Point><coordinates>85.00202737,25.64403065,0</coordinates></Point>
</Placemark>
<Placemark>
<name>3G</name>
<Point><coordinates>85.1596939,25.69092788,0</coordinates></Point>
</Placemark>
<Placemark>
<name>3G</name>
<Point><coordinates>85.00664549,25.67822706,0</coordinates></Point>
</Placemark>
<Placemark>
<name>LTE</name>
<Point><coordinates>84.99171525,25.61843963,0</coordinates></Point>
</Placemark>
<Placemark>
<name>4G</name>
<Point><coordinates>85.12431393,25.71182947,0</coordinates></Point>
</Placemark>
<Placemark>
<name>3G</name>
<Point><coordinates>85.06912857,25.63484938,0</coordinates></Point>
</Placemark>
<Placemark>
<name>5G</name>
<Point><coordinates>84.98643624,25.57290189,0</coordinates></Point>
</Placemark>
<Placemark>
<name>3G</name>
<Point><coordinates>84.996764,25.62104601,0</coordinates></Point>
</Placemark>
<Placemark>
<name>LTE</name>
<Point><coordinates>85.10138928,25.63052173,0</coordinates></Point>
</Placemark>
<Placemark>
<name>5G</name>
<Point><coordinates>85.26729878,25.55803774,0</coordinates></Point>
</Placemark>
<Placemark>
<name>4G</name>
<Point><coordinates>85.03056601,25.59634567,0</coordinates></Point>
</Placemark>
<Placemark>
<name>LTE</name>
<Point><coordinates>85.2067325,25.69558851,0</coordinates></Point>
</Placemark>
<Placemark>
<name>LTE</name>
<Point><coordinates>85.22468035,25.69315236,0</coordinates></Point>
</Placemark>
<Placemark>
<name>3G</name>
<Point><coordinates>85.27007577,25.54523661,0</coordinates></Point>
</Placemark>
<Placemark>
<name>LTE</name>
<Point><coordinates>85.22349066,25.45190969,0</coordinates></Point>
</Placemark>
<Placemark>
<name>LTE</name>
<Point><coordinates>85.19806739,25.72893512,0</coordinates></Point>
</Placemark>
<Placemark>
<name>4G</name>
<Point><coordinates>85.28771986,25.68836542,0</coordinates></Point>
</Placemark>
<Placemark>
<name>5G</name>
<Point><coordinates>85.01224886,25.6319211,0</coordinates></Point>
</Placemark>
<Placemark>
<name>4G</name>
<Point><coordinates>85.23782397,25.61397195,0</coordinates></Point>
</Placemark>
<Placemark>
<name>LTE</name>
<Point><coordinates>85.11285143,25.5642492,0</coordinates></Point>
</Placemark>
<Placemark>
<name>LTE</name>
<Point><coordinates>85.00419824,25.47756458,0</coordinates></Point>
</Placemark>
<Placemark>
<name>5G</name>
<Point><coordinates>85.14783047,25.68056582,0</coordinates></Point>
</Placemark>
<Placemark>
<name>5G</name>
<Point><coordinates>84.98610961,25.55463997,0</coordinates></Point>
</Placemark>
<Placemark>
<name>LTE</name>
<Point><coordinates>84.98292298,25.51505135,0</coordinates></Point>
</Placemark>
<Placemark>
<name>3G</name>
<Point><coordinates>85.28451483,25.63653532,0</coordinates></Point>
</Placemark>
<Placemark>
<name>3G</name>
<Point><coordinates>85.22228487,25.47954139,0</coordinates></Point>
</Placemark>
<Placemark>
<name>3G</name>
<Point><coordinates>85.0206903,25.68558496,0</coordinates></Point>
</Placemark>
<Placemark>
<name>5G</name>
<Point><coordinates>85.2528479,25.50212874,0</coordinates></Point>
</Placemark>
<Placemark>
<name>3G</name>
<Point><coordinates>85.09629145,25.74510836,0</coordinates></Point>
</Placemark>
<Placemark>
<name>4G</name>
<Point><coordinates>85.18582599,25.55773717,0</coordinates></Point>
</Placemark>
<Placemark>
<name>4G</name>
<Point><coordinates>84.99362622,25.69042579,0</coordinates></Point>
</Placemark>
<Placemark>
<name>3G</name>
<Point><coordinates>85.08282443,25.65280883,0</coordinates></Point>
</Placemark>
<Placemark>
<name>3G</name>
<Point><coordinates>85.11602986,25.69276676,0</coordinates></Point>
</Placemark>
<Placemark>
<name>LTE</name>
<Point><coordinates>85.03112654,25.68854426,0</coordinates></Point>
</Placemark>
<Placemark>
<name>4G</name>
<Point><coordinates>85.04786023,25.49819374,0</coordinates></Point>
</Placemark>
<Placemark>
<name>3G</name>
<Point><coordinates>85.19527353,25.70458657,0</coordinates></Point>
</Placemark>
<Placemark>
<name>4G</name>
<Point><coordinates>85.17295937,25.46635358,0</coordinates></Point>
</Placemark>
<Placemark>
<name>4G</name>
<Point><coordinates>85.16531128,25.47402874,0</coordinates></Point>
</Placemark>
<Placemark>
<name>3G</name>
<Point><coordinates>84.99452101,25.48814302,0</coordinates></Point>
</Placemark>
<Placemark>
<name>4G</name>
<Point><coordinates>85.13020792,25.56721208,0</coordinates></Point>
</Placemark>
<Placemark>
<name>5G</name>
<Point><coordinates>85.11715278,25.45216509,0</coordinates></Point>
</Placemark>
<Placemark>
<name>3G</name>
<Point><coordinates>84.97877207,25.56879487,0</coordinates></Point>
</Placemark>
<Placemark>
<name>LTE</name>
<Point><coordinates>84.97917629,25.63716766,0</coordinates></Point>
</Placemark>
<Placemark>
<name>4G</name>
<Point><coordinates>85.20814534,25.70399942,0</coordinates></Point>
</Placemark>
<Placemark>
<name>4G</name>
<Point><coordinates>85.0084946,25.61866877,0</coordinates></Point>
</Placemark>
<Placemark>
<name>5G</name>
<Point><coordinates>85.29192832,25.64343344,0</coordinates></Point>
</Placemark>
<Placemark>
<name>3G</name>
<Point><coordinates>85.09575342,25.61665882,0</coordinates></Point>
</Placemark>
<Placemark>
<name>LTE</name>
<Point><coordinates>85.1635933,25.61765502,0</coordinates></Point>
</Placemark>
<Placemark>
<name>LTE</name>
<Point><coordinates>85.0685895,25.54319746,0</coordinates></Point>
</Placemark>
<Placemark>
<name>LTE</name>
<Point><coordinates>85.13494286,25.5171238,0</coordinates></Point>
</Placemark>
<Placemark>
<name>5G</name>
<Point><coordinates>85.00668926,25.66563554,0</coordinates></Point>
</Placemark>
<Placemark>
<name>4G</name>
<Point><coordinates>85.01960578,25.50304761,0</coordinates></Point>
</Placemark>
<Placemark>
<name>4G</name>
<Point><coordinates>85.15949698,25.73610826,0</coordinates></Point>
</Placemark>
<Placemark>
<name>5G</name>
<Point><coordinates>85.17528545,25.57741047,0</coordinates></Point>
</Placemark>
<Placemark>
<name>3G</name>
<Point><coordinates>85.16399364,25.5846346,0</coordinates></Point>
</Placemark>
<Placemark>
<name>3G</name>
<Point><coordinates>85.11284613,25.54871788,0</coordinates></Point>
</Placemark>
<Placemark>
<name>4G</name>
<Point><coordinates>85.27436008,25.59690703,0</coordinates></Point>
</Placemark>
<Placemark>
<name>4G</name>
<Point><coordinates>85.0111731,25.69857132,0</coordinates></Point>
</Placemark>
<Placemark>
<name>5G</name>
<Point><coordinates>85.21719624,25.60204058,0</coordinates></Point>
</Placemark>
<Placemark>
<name>4G</name>
<Point><coordinates>85.20840663,25.48113636,0</coordinates></Point>
</Placemark>
<Placemark>
<name>5G</name>
<Point><coordinates>85.22243683,25.50662149,0</coordinates></Point>
</Placemark>
<Placemark>
<name>LTE</name>
<Point><coordinates>85.17069751,25.59959998,0</coordinates></Point>
</Placemark>
<Placemark>
<name>4G</name>
<Point><coordinates>85.04734237,25.66839143,0</coordinates></Point>
</Placemark>
<Placemark>
<name>3G</name>
<Point><coordinates>85.13760839,25.47330158,0</coordinates></Point>
</Placemark>
<Placemark>
<name>5G</name>
<Point><coordinates>85.15542201,25.49954252,0</coordinates></Point>
</Placemark>
<Placemark>
<name>3G</name>
<Point><coordinates>85.08405745,25.54840776,0</coordinates></Point>
</Placemark>
<Placemark>
<name>4G</name>
<Point><coordinates>85.04473211,25.46817829,0</coordinates></Point>
</Placemark>
<Placemark>
<name>LTE</name>
<Point><coordinates>85.07437398,25.56880807,0</coordinates></Point>
</Placemark>
<Placemark>
<name>5G</name>
<Point><coordinates>85.15189994,25.76882658,0</coordinates></Point>
</Placemark>
<Placemark>
<name>LTE</name>
<Point><coordinates>85.25958574,25.50997389,0</coordinates></Point>
</Placemark>
<Placemark>
<name>3G</name>
<Point><coordinates>85.09133976,25.49648918,0</coordinates></Point>
</Placemark>
<Placemark>
<name>5G</name>
<Point><coordinates>85.1977545,25.65508612,0</coordinates></Point>
</Placemark>
<Placemark>
<name>5G</name>
<Point><coordinates>85.18086894,25.52211116,0</coordinates></Point>
</Placemark>
<Placemark>
<name>3G</name>
<Point><coordinates>85.02124278,25.71505098,0</coordinates></Point>
</Placemark>
<Placemark>
<name>5G</name>
<Point><coordinates>85.13334973,25.60348763,0</coordinates></Point>
</Placemark>
<Placemark>
<name>4G</name>
<Point><coordinates>85.01716275,25.53582747,0</coordinates></Point>
</Placemark>
<Placemark>
<name>5G</name>
<Point><coordinates>85.16221403,25.69549222,0</coordinates></Point>
</Placemark>
<Placemark>
<name>5G</name>
<Point><coordinates>85.24596891,25.53763996,0</coordinates></Point>
</Placemark>
<Placemark>
<name>3G</name>
<Point><coordinates>85.25077434,25.61776208,0</coordinates></Point>
</Placemark>
<Placemark>
<name>3G</name>
<Point><coordinates>85.20647291,25.59866451,0</coordinates></Point>
</Placemark>
<Placemark>
<name>4G</name>
<Point><coordinates>85.17814412,25.48171601,0</coordinates></Point>
</Placemark>
<Placemark>
<name>5G</name>
<Point><coordinates>84.99761842,25.68346953,0</coordinates></Point>
</Placemark>
<Placemark>
<name>4G</name>
<Point><coordinates>85.12874826,25.4736903,0</coordinates></Point>
</Placemark>
<Placemark>
<name>LTE</name>
<Point><coordinates>85.20806392,25.53277205,0</coordinates></Point>
</Placemark>
<Placemark>
<name>5G</name>
<Point><coordinates>85.03456528,25.69807267,0</coordinates></Point>
</Placemark>
<Placemark>
<name>3G</name>
<Point><coordinates>85.04658725,25.69134109,0</coordinates></Point>
</Placemark>
<Placemark>
<name>LTE</name>
<Point><coordinates>85.23992989,25.70745038,0</coordinates></Point>
</Placemark>
<Placemark>
<name>3G</name>
<Point><coordinates>85.08248078,25.52993013,0</coordinates></Point>
</Placemark>
<Placemark>
<name>3G</name>
<Point><coordinates>85.09896206,25.68340349,0</coordinates></Point>
</Placemark>
<Placemark>
<name>3G</name>
<Point><coordinates>85.25346124,25.63640902,0</coordinates></Point>
</Placemark>
<Placemark>
<name>3G</name>
<Point><coordinates>85.12865633,25.58835767,0</coordinates></Point>
</Placemark>
<Placemark>
<name>5G</name>
<Point><coordinates>85.21761421,25.6173412,0</coordinates></Point>
</Placemark>
<Placemark>
<name>4G</name>
<Point><coordinates>85.07088588,25.49440079,0</coordinates></Point>
</Placemark>
<Placemark>
<name>LTE</name>
<Point><coordinates>85.1957713,25.42913033,0</coordinates></Point>
</Placemark>
<Placemark>
<name>4G</name>
<Point><coordinates>85.16242316,25.74201174,0</coordinates></Point>
</Placemark>
<Placemark>
<name>LTE</name>
<Point><coordinates>85.1352779,25.63325836,0</coordinates></Point>
</Placemark>
<Placemark>
<name>3G</name>
<Point><coordinates>85.29096698,25.63291612,0</coordinates></Point>
</Placemark>
<Placemark>
<name>LTE</name>
<Point><coordinates>85.24305385,25.63431712,0</coordinates></Point>
</Placemark>
<Placemark>
<name>3G</name>
<Point><coordinates>85.10197084,25.64801729,0</coordinates></Point>
</Placemark>
<Placemark>
<name>4G</name>
<Point><coordinates>85.09445233,25.74186612,0</coordinates></Point>
</Placemark>
<Placemark>
<name>5G</name>
<Point><coordinates>85.19565077,25.68318677,0</coordinates></Point>
</Placemark>
<Placemark>
<name>4G</name>
<Point><coordinates>85.07169908,25.54028062,0</coordinates></Point>
</Placemark>
<Placemark>
<name>4G</name>
<Point><coordinates>85.08281543,25.51103898,0</coordinates></Point>
</Placemark>
<Placemark>
<name>LTE</name>
<Point><coordinates>85.1183025,25.68256303,0</coordinates></Point>
</Placemark>
<Placemark>
<name>3G</name>
<Point><coordinates>85.20495772,25.47670106,0</coordinates></Point>
</Placemark>
<Placemark>
<name>LTE</name>
<Point><coordinates>85.17122707,25.73529997,0</coordinates></Point>
</Placemark>
<Placemark>
<name>LTE</name>
<Point><coordinates>85.03182054,25.48658002,0</coordinates></Point>
</Placemark>
<Placemark>
<name>5G</name>
<Point><coordinates>85.19206444,25.66262273,0</coordinates></Point>
</Placemark>
<Placemark>
<name>4G</name>
<Point><coordinates>85.19794036,25.52575671,0</coordinates></Point>
</Placemark>
<Placemark>
<name>3G</name>
<Point><coordinates>85.24796258,25.51230482,0</coordinates></Point>
</Placemark>
<Placemark>
<name>3G</name>
<Point><coordinates>85.05177524,25.64648866,0</coordinates></Point>
</Placemark>
<Placemark>
<name>4G</name>
<Point><coordinates>85.24264252,25.5916482,0</coordinates></Point>
</Placemark>
<Placemark>
<name>5G</name>
<Point><coordinates>85.09131694,25.48131545,0</coordinates></Point>
</Placemark>
<Placemark>
<name>4G</name>
<Point><coordinates>84.99391268,25.65955271,0</coordinates></Point>
</Placemark>
<Placemark>
<name>5G</name>
<Point><coordinates>85.02298941,25.67653163,0</coordinates></Point>
</Placemark>
<Placemark>
<name>LTE</name>
<Point><coordinates>85.30267846,25.57208892,0</coordinates></Point>
</Placemark>
<Placemark>
<name>LTE</name>
<Point><coordinates>85.08789619,25.63420964,0</coordinates></Point>
</Placemark>
<Placemark>
<name>3G</name>
<Point><coordinates>84.97935736,25.54566872,0</coordinates></Point>
</Placemark>
<Placemark>
<name>3G</name>
<Point><coordinates>85.18074088,25.56743572,0</coordinates></Point>
</Placemark>
<Placemark>
<name>3G</name>
<Point><coordinates>85.22771438,25.5398901,0</coordinates></Point>
</Placemark>
<Placemark>
<name>5G</name>
<Point><coordinates>85.1563797,25.62701868,0</coordinates></Point>
</Placemark>
<Placemark>
<name>4G</name>
<Point><coordinates>85.15563598,25.61220618,0</coordinates></Point>
</Placemark>
<Placemark>
<name>5G</name>
<Point><coordinates>85.15431404,25.42570532,0</coordinates></Point>
</Placemark>
<Placemark>
<name>LTE</name>
<Point><coordinates>85.10701376,25.51228835,0</coordinates></Point>
</Placemark>
<Placemark>
<name>3G</name>
<Point><coordinates>85.28585998,25.63232773,0</coordinates></Point>
</Placemark>
<Placemark>
<name>3G</name>
<Point><coordinates>85.12585731,25.44229771,0</coordinates></Point>
</Placemark>
<Placemark>
<name>4G</name>
<Point><coordinates>85.2963564,25.59957207,0</coordinates></Point>
</Placemark>
<Placemark>
<name>3G</name>
<Point><coordinates>85.13622461,25.76130135,0</coordinates></Point>
</Placemark>
<Placemark>
<name>4G</name>
<Point><coordinates>85.22248312,25.46363462,0</coordinates></Point>
</Placemark>
<Placemark>
<name>3G</name>
<Point><coordinates>84.99893146,25.5344392,0</coordinates></Point>
</Placemark>
<Placemark>
<name>5G</name>
<Point><coordinates>85.2748501,25.58148114,0</coordinates></Point>
</Placemark>
<Placemark>
<name>LTE</name>
<Point><coordinates>85.21636827,25.46588524,0</coordinates></Point>
</Placemark>
<Placemark>
<name>LTE</name>
<Point><coordinates>85.28372448,25.66788473,0</coordinates></Point>
</Placemark>
<Placemark>
<name>3G</name>
<Point><coordinates>85.14217394,25.56511846,0</coordinates></Point>
</Placemark>
<Placemark>
<name>5G</name>
<Point><coordinates>85.00841836,25.6033812,0</coordinates></Point>
</Placemark>
<Placemark>
<name>5G</name>
<Point><coordinates>85.18818379,25.69289464,0</coordinates></Point>
</Placemark>
<Placemark>
<name>3G</name>
<Point><coordinates>85.16361438,25.43323695,0</coordinates></Point>
</Placemark>
<Placemark>
<name>3G</name>
<Point><coordinates>85.05466724,25.61002724,0</coordinates></Point>
</Placemark>
<Placemark>
<name>5G</name>
<Point><coordinates>85.07925519,25.51547765,0</coordinates></Point>
</Placemark>
<Placemark>
<name>4G</name>
<Point><coordinates>85.14458438,25.55897503,0</coordinates></Point>
</Placemark>
<Placemark>
<name>5G</name>
<Point><coordinates>85.21914216,25.45065856,0</coordinates></Point>
</Placemark>
<Placemark>
<name>5G</name>
<Point><coordinates>85.1215951,25.71818843,0</coordinates></Point>
</Placemark>
<Placemark>
<name>4G</name>
<Point><coordinates>85.20320514,25.6084978,0</coordinates></Point>
</Placemark>
<Placemark>
<name>5G</name>
<Point><coordinates>85.1772075,25.7487748,0</coordinates></Point>
</Placemark>
<Placemark>
<name>4G</name>
<Point><coordinates>85.20673809,25.67171133,0</coordinates></Point>
</Placemark>
<Placemark>
<name>3G</name>
<Point><coordinates>85.13994219,25.64282854,0</coordinates></Point>
</Placemark>
<Placemark>
<name>5G</name>
<Point><coordinates>85.26071788,25.70356351,0</coordinates></Point>
</Placemark>
<Placemark>
<name>5G</name>
<Point><coordinates>85.3017838,25.5280463,0</coordinates></Point>
</Placemark>
<Placemark>
<name>5G</name>
<Point><coordinates>85.27399088,25.5093399,0</coordinates></Point>
</Placemark>
<Placemark>
<name>5G</name>
<Point><coordinates>85.23004424,25.49268177,0</coordinates></Point>
</Placemark>
<Placemark>
<name>5G</name>
<Point><coordinates>84.99770526,25.67415937,0</coordinates></Point>
</Placemark>
<Placemark>
<name>5G</name>
<Point><coordinates>85.14354699,25.62595639,0</coordinates></Point>
</Placemark>
<Placemark>
<name>3G</name>
<Point><coordinates>85.06601617,25.75349045,0</coordinates></Point>
</Placemark>
<Placemark>
<name>4G</name>
<Point><coordinates>85.0913548,25.60215043,0</coordinates></Point>
</Placemark>
<Placemark>
<name>5G</name>
<Point><coordinates>85.2176839,25.72913856,0</coordinates></Point>
</Placemark>
<Placemark>
<name>3G</name>
<Point><coordinates>85.17462012,25.75869521,0</coordinates></Point>
</Placemark>
<Placemark>
<name>LTE</name>
<Point><coordinates>85.06692124,25.75927388,0</coordinates></Point>
</Placemark>
<Placemark>
<name>LTE</name>
<Point><coordinates>85.04272403,25.64421763,0</coordinates></Point>
</Placemark>
<Placemark>
<name>4G</name>
<Point><coordinates>85.18940806,25.61906235,0</coordinates></Point>
</Placemark>
<Placemark>
<name>4G</name>
<Point><coordinates>85.14806524,25.46651396,0</coordinates></Point>
</Placemark>
<Placemark>
<name>LTE</name>
<Point><coordinates>85.21466966,25.53728409,0</coordinates></Point>
</Placemark>
<Placemark>
<name>5G</name>
<Point><coordinates>85.13828397,25.53045099,0</coordinates></Point>
</Placemark>
<Placemark>
<name>LTE</name>
<Point><coordinates>85.29144413,25.57948424,0</coordinates></Point>
</Placemark>
<Placemark>
<name>5G</name>
<Point><coordinates>85.03447787,25.64573598,0</coordinates></Point>
</Placemark>
<Placemark>
<name>5G</name>
<Point><coordinates>85.09415624,25.48144222,0</coordinates></Point>
</Placemark>
<Placemark>
<name>3G</name>
<Point><coordinates>85.20417095,25.59559223,0</coordinates></Point>
</Placemark>
<Placemark>
<name>LTE</name>
<Point><coordinates>85.23072515,25.6266114,0</coordinates></Point>
</Placemark>
<Placemark>
<name>LTE</name>
<Point><coordinates>85.08200372,25.58495576,0</coordinates></Point>
</Placemark>
<Placemark>
<name>5G</name>
<Point><coordinates>85.21252836,25.63025384,0</coordinates></Point>
</Placemark>
<Placemark>
<name>LTE</name>
<Point><coordinates>85.27926101,25.60421955,0</coordinates></Point>
</Placemark>
<Placemark>
<name>5G</name>
<Point><coordinates>84.99692481,25.63551603,0</coordinates></Point>
</Placemark>
<Placemark>
<name>LTE</name>
<Point><coordinates>85.28897153,25.61027158,0</coordinates></Point>
</Placemark>
<Placemark>
<name>4G</name>
<Point><coordinates>85.16703314,25.67635056,0</coordinates></Point>
</Placemark>
<Placemark>
<name>5G</name>
<Point><coordinates>85.22002485,25.74430765,0</coordinates></Point>
</Placemark>
<Placemark>
<name>4G</name>
<Point><coordinates>85.05168909,25.74909795,0</coordinates></Point>
</Placemark>
<Placemark>
<name>4G</name>
<Point><coordinates>85.03623805,25.44786523,0</coordinates></Point>
</Placemark>
<Placemark>
<name>4G</name>
<Point><coordinates>85.22594131,25.58931357,0</coordinates></Point>
</Placemark>
<Placemark>
<name>5G</name>
<Point><coordinates>85.04249739,25.44902791,0</coordinates></Point>
</Placemark>
<Placemark>
<name>LTE</name>
<Point><coordinates>85.13533272,25.70272326,0</coordinates></Point>
</Placemark>
<Placemark>
<name>4G</name>
<Point><coordinates>85.15778142,25.73326446,0</coordinates></Point>
</Placemark>
<Placemark>
<name>5G</name>
<Point><coordinates>85.11591377,25.64277148,0</coordinates></Point>
</Placemark>
<Placemark>
<name>3G</name>
<Point><coordinates>85.25265061,25.52617766,0</coordinates></Point>
</Placemark>
<Placemark>
<name>4G</name>
<Point><coordinates>85.10375255,25.72042549,0</coordinates></Point>
</Placemark>
<Placemark>
<name>LTE</name>
<Point><coordinates>85.06735072,25.46076777,0</coordinates></Point>
</Placemark>
<Placemark>
<name>5G</name>
<Point><coordinates>85.08554227,25.55425546,0</coordinates></Point>
</Placemark>
<Placemark>
<name>4G</name>
<Point><coordinates>85.11432864,25.63738469,0</coordinates></Point>
</Placemark>
<Placemark>
<name>5G</name>
<Point><coordinates>85.11957671,25.49517346,0</coordinates></Point>
</Placemark>
<Placemark>
<name>LTE</name>
<Point><coordinates>85.18199626,25.71924471,0</coordinates></Point>
</Placemark>
<Placemark>
<name>3G</name>
<Point><coordinates>85.15528489,25.49270824,0</coordinates></Point>
</Placemark>
<Placemark>
<name>5G</name>
<Point><coordinates>85.07516057,25.75076547,0</coordinates></Point>
</Placemark>
<Placemark>
<name>5G</name>
<Point><coordinates>84.98633642,25.51959703,0</coordinates></Point>
</Placemark>
<Placemark>
<name>3G</name>
<Point><coordinates>85.15276401,25.450108,0</coordinates></Point>
</Placemark>
<Placemark>
<name>LTE</name>
<Point><coordinates>85.13341786,25.46582502,0</coordinates></Point>
</Placemark>
<Placemark>
<name>LTE</name>
<Point><coordinates>85.14592449,25.74398781,0</coordinates></Point>
</Placemark>
<Placemark>
<name>4G</name>
<Point><coordinates>85.27926761,25.5499675,0</coordinates></Point>
</Placemark>
<Placemark>
<name>4G</name>
<Point><coordinates>85.20901723,25.46196432,0</coordinates></Point>
</Placemark>
<Placemark>
<name>5G</name>
<Point><coordinates>85.04357354,25.65999938,0</coordinates></Point>
</Placemark>
<Placemark>
<name>4G</name>
<Point><coordinates>85.0115813,25.62994747,0</coordinates></Point>
</Placemark>
<Placemark>
<name>5G</name>
<Point><coordinates>85.0724876,25.69707142,0</coordinates></Point>
</Placemark>
<Placemark>
<name>5G</name>
<Point><coordinates>85.28992425,25.68580044,0</coordinates></Point>
</Placemark>
<Placemark>
<name>LTE</name>
<Point><coordinates>85.0017754,25.61796595,0</coordinates></Point>
</Placemark>
<Placemark>
<name>LTE</name>
<Point><coordinates>85.02011402,25.55483967,0</coordinates></Point>
</Placemark>
<Placemark>
<name>3G</name>
<Point><coordinates>84.99191827,25.60670611,0</coordinates></Point>
</Placemark>
<Placemark>
<name>LTE</name>
<Point><coordinates>85.20177538,25.58484655,0</coordinates></Point>
</Placemark>
<Placemark>
<name>LTE</name>
<Point><coordinates>85.24873863,25.51544675,0</coordinates></Point>
</Placemark>
<Placemark>
<name>3G</name>
<Point><coordinates>85.21529714,25.47636621,0</coordinates></Point>
</Placemark>
<Placemark>
<name>LTE</name>
<Point><coordinates>85.30374965,25.65242176,0</coordinates></Point>
</Placemark>
<Placemark>
<name>LTE</name>
<Point><coordinates>85.25365742,25.57069978,0</coordinates></Point>
</Placemark>
<Placemark>
<name>4G</name>
<Point><coordinates>85.15421124,25.4195111,0</coordinates></Point>
</Placemark>
<Placemark>
<name>4G</name>
<Point><coordinates>85.10068664,25.46617938,0</coordinates></Point>
</Placemark>
<Placemark>
<name>4G</name>
<Point><coordinates>85.20683594,25.52025475,0</coordinates></Point>
</Placemark>
<Placemark>
<name>4G</name>
<Point><coordinates>85.12299878,25.68292022,0</coordinates></Point>
</Placemark>
<Placemark>
<name>3G</name>
<Point><coordinates>85.05455456,25.46765768,0</coordinates></Point>
</Placemark>
<Placemark>
<name>LTE</name>
<Point><coordinates>85.15076862,25.45558977,0</coordinates></Point>
</Placemark>
<Placemark>
<name>LTE</name>
<Point><coordinates>85.24544037,25.72946485,0</coordinates></Point>
</Placemark>
<Placemark>
<name>3G</name>
<Point><coordinates>85.05110342,25.72100629,0</coordinates></Point>
</Placemark>
<Placemark>
<name>5G</name>
<Point><coordinates>85.14469369,25.69719974,0</coordinates></Point>
</Placemark>
<Placemark>
<name>LTE</name>
<Point><coordinates>85.23257924,25.62412858,0</coordinates></Point>
</Placemark>
<Placemark>
<name>3G</name>
<Point><coordinates>85.10669535,25.58678961,0</coordinates></Point>
</Placemark>
<Placemark>
<name>3G</name>
<Point><coordinates>85.26762187,25.52852812,0</coordinates></Point>
</Placemark>
<Placemark>
<name>5G</name>
<Point><coordinates>85.21347484,25.47823854,0</coordinates></Point>
</Placemark>
<Placemark>
<name>LTE</name>
<Point><coordinates>85.22557218,25.59284672,0</coordinates></Point>
</Placemark>
<Placemark>
<name>5G</name>
<Point><coordinates>85.25278705,25.54485616,0</coordinates></Point>
</Placemark>
<Placemark>
<name>5G</name>
<Point><coordinates>85.00045996,25.59145321,0</coordinates></Point>
</Placemark>
<Placemark>
<name>5G</name>
<Point><coordinates>85.14340528,25.5732289,0</coordinates></Point>
</Placemark>
<Placemark>
<name>5G</name>
<Point><coordinates>85.21315816,25.43232798,0</coordinates></Point>
</Placemark>
<Placemark>
<name>5G</name>
<Point><coordinates>85.07737255,25.59280639,0</coordinates></Point>
</Placemark>
<Placemark>
<name>3G</name>
<Point><coordinates>85.21781064,25.73030136,0</coordinates></Point>
</Placemark>
<Placemark>
<name>4G</name>
<Point><coordinates>85.01243971,25.68721719,0</coordinates></Point>
</Placemark>
<Placemark>
<name>4G</name>
<Point><coordinates>85.26656087,25.57207733,0</coordinates></Point>
</Placemark>
<Placemark>
<name>4G</name>
<Point><coordinates>85.16327107,25.57217006,0</coordinates></Point>
</Placemark>
<Placemark>
<name>5G</name>
<Point><coordinates>85.21614703,25.67835796,0</coordinates></Point>
</Placemark>
<Placemark>
<name>LTE</name>
<Point><coordinates>85.15482353,25.63121821,0</coordinates></Point>
</Placemark>
<Placemark>
<name>4G</name>
<Point><coordinates>85.20730414,25.45393053,0</coordinates></Point>
</Placemark>
<Placemark>
<name>5G</name>
<Point><coordinates>85.16917419,25.65186297,0</coordinates></Point>
</Placemark>
<Placemark>
<name>5G</name>
<Point><coordinates>85.0187855,25.47967739,0</coordinates></Point>
</Placemark>
<Placemark>
<name>LTE</name>
<Point><coordinates>85.27202827,25.49639918,0</coordinates></Point>
</Placemark>
<Placemark>
<name>4G</name>
<Point><coordinates>85.21743061,25.58900297,0</coordinates></Point>
</Placemark>
<Placemark>
<name>5G</name>
<Point><coordinates>85.00105688,25.52410094,0</coordinates></Point>
</Placemark>
<Placemark>
<name>4G</name>
<Point><coordinates>85.29680861,25.63297451,0</coordinates></Point>
</Placemark>
<Placemark>
<name>4G</name>
<Point><coordinates>85.02907884,25.45220089,0</coordinates></Point>
</Placemark>
<Placemark>
<name>4G</name>
<Point><coordinates>85.09835469,25.5026152,0</coordinates></Point>
</Placemark>
<Placemark>
<name>LTE</name>
<Point><coordinates>85.24822559,25.7176777,0</coordinates></Point>
</Placemark>
<Placemark>
<name>LTE</name>
<Point><coordinates>85.29281014,25.63039978,0</coordinates></Point>
</Placemark>
<Placemark>
<name>LTE</name>
<Point><coordinates>85.30443591,25.60467996,0</coordinates></Point>
</Placemark>
<Placemark>
<name>4G</name>
<Point><coordinates>85.03245601,25.47608278,0</coordinates></Point>
</Placemark>
<Placemark>
<name>4G</name>
<Point><coordinates>85.06072208,25.58361378,0</coordinates></Point>
</Placemark>
<Placemark>
<name>LTE</name>
<Point><coordinates>85.25877861,25.60325113,0</coordinates></Point>
</Placemark>
<Placemark>
<name>LTE</name>
<Point><coordinates>85.00178249,25.48422689,0</coordinates></Point>
</Placemark>
<Placemark>
<name>3G</name>
<Point><coordinates>85.11696962,25.72467831,0</coordinates></Point>
</Placemark>
<Placemark>
<name>4G</name>
<Point><coordinates>85.19577788,25.46063061,0</coordinates></Point>
</Placemark>
<Placemark>
<name>3G</name>
<Point><coordinates>85.04704783,25.65750112,0</coordinates></Point>
</Placemark>
<Placemark>
<name>4G</name>
<Point><coordinates>85.04650598,25.56155475,0</coordinates></Point>
</Placemark>
<Placemark>
<name>4G</name>
<Point><coordinates>85.28331455,25.49673899,0</coordinates></Point>
</Placemark>
<Placemark>
<name>5G</name>
<Point><coordinates>85.11470915,25.43716944,0</coordinates></Point>
</Placemark>
<Placemark>
<name>3G</name>
<Point><coordinates>85.1145353,25.44628524,0</coordinates></Point>
</Placemark>
<Placemark>
<name>LTE</name>
<Point><coordinates>84.97930454,25.63475187,0</coordinates></Point>
</Placemark>
<Placemark>
<name>LTE</name>
<Point><coordinates>85.23451935,25.46332595,0</coordinates></Point>
</Placemark>
<Placemark>
<name>4G</name>
<Point><coordinates>85.06088555,25.74394683,0</coordinates></Point>
</Placemark>
<Placemark>
<name>5G</name>
<Point><coordinates>84.98533167,25.55451018,0</coordinates></Point>
</Placemark>
<Placemark>
<name>LTE</name>
<Point><coordinates>85.00083939,25.61197774,0</coordinates></Point>
</Placemark>
<Placemark>
<name>5G</name>
<Point><coordinates>84.97683476,25.63677013,0</coordinates></Point>
</Placemark>
<Placemark>
<name>4G</name>
<Point><coordinates>85.07756862,25.66936874,0</coordinates></Point>
</Placemark>
<Placemark>
<name>LTE</name>
<Point><coordinates>85.01001403,25.54416466,0</coordinates></Point>
</Placemark>
<Placemark>
<name>3G</name>
<Point><coordinates>84.98836908,25.50929406,0</coordinates></Point>
</Placemark>
<Placemark>
<name>LTE</name>
<Point><coordinates>85.18979687,25.51860181,0</coordinates></Point>
</Placemark>
<Placemark>
<name>5G</name>
<Point><coordinates>85.27791248,25.5840988,0</coordinates></Point>
</Placemark>
<Placemark>
<name>4G</name>
<Point><coordinates>85.08193233,25.45325161,0</coordinates></Point>
</Placemark>
<Placemark>
<name>4G</name>
<Point><coordinates>84.97924586,25.58939822,0</coordinates></Point>
</Placemark>
<Placemark>
<name>5G</name>
<Point><coordinates>85.1891865,25.61534771,0</coordinates></Point>
</Placemark>
<Placemark>
<name>LTE</name>
<Point><coordinates>84.97472399,25.55728687,0</coordinates></Point>
</Placemark>
<Placemark>
<name>3G</name>
<Point><coordinates>85.16025713,25.59378762,0</coordinates></Point>
</Placemark>
<Placemark>
<name>3G</name>
<Point><coordinates>85.20820986,25.56333536,0</coordinates></Point>
</Placemark>
<Placemark>
<name>5G</name>
<Point><coordinates>85.11102865,25.65931596,0</coordinates></Point>
</Placemark>
<Placemark>
<name>3G</name>
<Point><coordinates>85.0718539,25.55290228,0</coordinates></Point>
</Placemark>
<Placemark>
<name>3G</name>
<Point><coordinates>85.29779044,25.56515911,0</coordinates></Point>
</Placemark>
<Placemark>
<name>4G</name>
<Point><coordinates>85.19895299,25.46907108,0</coordinates></Point>
</Placemark>
<Placemark>
<name>3G</name>
<Point><coordinates>85.18904827,25.51090318,0</coordinates></Point>
</Placemark>
<Placemark>
<name>3G</name>
<Point><coordinates>85.15831591,25.60603978,0</coordinates></Point>
</Placemark>
<Placemark>
<name>LTE</name>
<Point><coordinates>85.16026418,25.51679181,0</coordinates></Point>
</Placemark>
<Placemark>
<name>LTE</name>
<Point><coordinates>85.23934062,25.68113057,0</coordinates></Point>
</Placemark>
<Placemark>
<name>5G</name>
<Point><coordinates>85.12228125,25.70472584,0</coordinates></Point>
</Placemark>
<Placemark>
<name>3G</name>
<Point><coordinates>85.17015226,25.634503,0</coordinates></Point>
</Placemark>
<Placemark>
<name>3G</name>
<Point><coordinates>85.17608666,25.71466733,0</coordinates></Point>
</Placemark>
<Placemark>
<name>4G</name>
<Point><coordinates>85.21215049,25.59623138,0</coordinates></Point>
</Placemark>
<Placemark>
<name>5G</name>
<Point><coordinates>85.14058514,25.74195027,0</coordinates></Point>
</Placemark>
<Placemark>
<name>5G</name>
<Point><coordinates>85.09790088,25.67352619,0</coordinates></Point>
</Placemark>
<Placemark>
<name>4G</name>
<Point><coordinates>84.99094389,25.66563175,0</coordinates></Point>
</Placemark>
<Placemark>
<name>5G</name>
<Point><coordinates>85.2412922,25.68295103,0</coordinates></Point>
</Placemark>
<Placemark>
<name>5G</name>
<Point><coordinates>85.00189885,25.58764048,0</coordinates></Point>
</Placemark>
<Placemark>
<name>4G</name>
<Point><coordinates>85.06108152,25.71215028,0</coordinates></Point>
</Placemark>
<Placemark>
<name>5G</name>
<Point><coordinates>85.15219931,25.57883328,0</coordinates></Point>
</Placemark>
<Placemark>
<name>4G</name>
<Point><coordinates>85.17365342,25.51897565,0</coordinates></Point>
</Placemark>
<Placemark>
<name>3G</name>
<Point><coordinates>85.10279321,25.72855977,0</coordinates></Point>
</Placemark>
<Placemark>
<name>4G</name>
<Point><coordinates>85.21697377,25.5910105,0</coordinates></Point>
</Placemark>
<Placemark>
<name>5G</name>
<Point><coordinates>85.27697418,25.51173292,0</coordinates></Point>
</Placemark>
<Placemark>
<name>LTE</name>
<Point><coordinates>85.17401742,25.59195286,0</coordinates></Point>
</Placemark>
<Placemark>
<name>3G</name>
<Point><coordinates>84.98073681,25.57110758,0</coordinates></Point>
</Placemark>
<Placemark>
<name>LTE</name>
<Point><coordinates>85.08793202,25.45171787,0</coordinates></Point>
</Placemark>
<Placemark>
<name>LTE</name>
<Point><coordinates>85.16999579,25.57783988,0</coordinates></Point>
</Placemark>
<Placemark>
<name>3G</name>
<Point><coordinates>85.10913819,25.4198707,0</coordinates></Point>
</Placemark>
<Placemark>
<name>4G</name>
<Point><coordinates>85.10071819,25.728836,0</coordinates></Point>
</Placemark>
<Placemark>
<name>3G</name>
<Point><coordinates>85.28120108,25.67241843,0</coordinates></Point>
</Placemark>
<Placemark>
<name>LTE</name>
<Point><coordinates>85.12907488,25.48848868,0</coordinates></Point>
</Placemark>
<Placemark>
<name>5G</name>
<Point><coordinates>85.08344608,25.72756986,0</coordinates></Point>
</Placemark>
<Placemark>
<name>5G</name>
<Point><coordinates>85.26776148,25.53884774,0</coordinates></Point>
</Placemark>
<Placemark>
<name>3G</name>
<Point><coordinates>85.18659667,25.70680994,0</coordinates></Point>
</Placemark>
<Placemark>
<name>4G</name>
<Point><coordinates>85.19571166,25.75822722,0</coordinates></Point>
</Placemark>
<Placemark>
<name>3G</name>
<Point><coordinates>85.22204838,25.50542988,0</coordinates></Point>
</Placemark>
<Placemark>
<name>4G</name>
<Point><coordinates>85.00165002,25.62244344,0</coordinates></Point>
</Placemark>
<Placemark>
<name>3G</name>
<Point><coordinates>85.11275055,25.50154387,0</coordinates></Point>
</Placemark>
<Placemark>
<name>4G</name>
<Point><coordinates>85.03779175,25.6581133,0</coordinates></Point>
</Placemark>
<Placemark>
<name>LTE</name>
<Point><coordinates>85.03204648,25.46709843,0</coordinates></Point>
</Placemark>
<Placemark>
<name>3G</name>
<Point><coordinates>85.05170813,25.59260716,0</coordinates></Point>
</Placemark>
<Placemark>
<name>LTE</name>
<Point><coordinates>85.09549183,25.42397159,0</coordinates></Point>
</Placemark>
<Placemark>
<name>4G</name>
<Point><coordinates>85.21692615,25.55358357,0</coordinates></Point>
</Placemark>
<Placemark>
<name>4G</name>
<Point><coordinates>85.08104785,25.43150499,0</coordinates></Point>
</Placemark>
<Placemark>
<name>3G</name>
<Point><coordinates>85.30556462,25.64837235,0</coordinates></Point>
</Placemark>
<Placemark>
<name>5G</name>
<Point><coordinates>84.96139605,25.61079344,0</coordinates></Point>
</Placemark>
<Placemark>
<name>4G</name>
<Point><coordinates>85.06762242,25.44620714,0</coordinates></Point>
</Placemark>
<Placemark>
<name>5G</name>
<Point><coordinates>85.03691942,25.53785727,0</coordinates></Point>
</Placemark>
<Placemark>
<name>5G</name>
<Point><coordinates>84.98649768,25.57464978,0</coordinates></Point>
</Placemark>
<Placemark>
<name>4G</name>
<Point><coordinates>85.11810945,25.69595126,0</coordinates></Point>
</Placemark>
<Placemark>
<name>3G</name>
<Point><coordinates>85.00061581,25.55202406,0</coordinates></Point>
</Placemark>
<Placemark>
<name>LTE</name>
<Point><coordinates>85.25589608,25.51255102,0</coordinates></Point>
</Placemark>
<Placemark>
<name>LTE</name>
<Point><coordinates>85.15339954,25.60733274,0</coordinates></Point>
</Placemark>
<Placemark>
<name>4G</name>
<Point><coordinates>85.27092051,25.55493101,0</coordinates></Point>
</Placemark>
<Placemark>
<name>3G</name>
<Point><coordinates>85.26509512,25.59775607,0</coordinates></Point>
</Placemark>
<Placemark>
<name>LTE</name>
<Point><coordinates>85.18416463,25.74282363,0</coordinates></Point>
</Placemark>
<Placemark>
<name>5G</name>
<Point><coordinates>85.22755227,25.56264834,0</coordinates></Point>
</Placemark>
<Placemark>
<name>LTE</name>
<Point><coordinates>85.01018182,25.63994775,0</coordinates></Point>
</Placemark>
<Placemark>
<name>4G</name>
<Point><coordinates>85.1036786,25.42082908,0</coordinates></Point>
</Placemark>
<Placemark>
<name>5G</name>
<Point><coordinates>84.96617887,25.54052945,0</coordinates></Point>
</Placemark>
<Placemark>
<name>5G</name>
<Point><coordinates>85.11254134,25.44511006,0</coordinates></Point>
</Placemark>
<Placemark>
<name>4G</name>
<Point><coordinates>84.98797406,25.63273819,0</coordinates></Point>
</Placemark>
<Placemark>
<name>LTE</name>
<Point><coordinates>85.16330376,25.52442426,0</coordinates></Point>
</Placemark>
<Placemark>
<name>LTE</name>
<Point><coordinates>85.25628861,25.50757315,0</coordinates></Point>
</Placemark>
<Placemark>
<name>5G</name>
<Point><coordinates>85.27070835,25.69387543,0</coordinates></Point>
</Placemark>
<Placemark>
<name>LTE</name>
<Point><coordinates>85.11320494,25.57498985,0</coordinates></Point>
</Placemark>
<Placemark>
<name>5G</name>
<Point><coordinates>85.02497849,25.47253251,0</coordinates></Point>
</Placemark>
<Placemark>
<name>3G</name>
<Point><coordinates>85.20988501,25.59816341,0</coordinates></Point>
</Placemark>
<Placemark>
<name>3G</name>
<Point><coordinates>85.02907914,25.51500283,0</coordinates></Point>
</Placemark>
<Placemark>
<name>3G</name>
<Point><coordinates>85.18576266,25.45826197,0</coordinates></Point>
</Placemark>
<Placemark>
<name>4G</name>
<Point><coordinates>85.03644653,25.73515335,0</coordinates></Point>
</Placemark>
<Placemark>
<name>3G</name>
<Point><coordinates>85.05358377,25.63127764,0</coordinates></Point>
</Placemark>
<Placemark>
<name>LTE</name>
<Point><coordinates>85.19540627,25.48410858,0</coordinates></Point>
</Placemark>
<Placemark>
<name>LTE</name>
<Point><coordinates>85.14188315,25.60652313,0</coordinates></Point>
</Placemark>
<Placemark>
<name>4G</name>
<Point><coordinates>85.20926868,25.56312229,0</coordinates></Point>
</Placemark>
<Placemark>
<name>5G</name>
<Point><coordinates>85.24331016,25.51952389,0</coordinates></Point>
</Placemark>
<Placemark>
<name>4G</name>
<Point><coordinates>85.24349109,25.66876061,0</coordinates></Point>
</Placemark>
<Placemark>
<name>5G</name>
<Point><coordinates>85.2258026,25.63596586,0</coordinates></Point>
</Placemark>
<Placemark>
<name>5G</name>
<Point><coordinates>85.06809542,25.59995197,0</coordinates></Point>
</Placemark>
<Placemark>
<name>3G</name>
<Point><coordinates>85.16475134,25.43740593,0</coordinates></Point>
</Placemark>
<Placemark>
<name>LTE</name>
<Point><coordinates>85.14871213,25.66106024,0</coordinates></Point>
</Placemark>
<Placemark>
<name>5G</name>
<Point><coordinates>84.974271,25.57865905,0</coordinates></Point>
</Placemark>
<Placemark>
<name>LTE</name>
<Point><coordinates>85.19919502,25.49036793,0</coordinates></Point>
</Placemark>
<Placemark>
<name>4G</name>
<Point><coordinates>85.16591494,25.66052792,0</coordinates></Point>
</Placemark>
<Placemark>
<name>4G</name>
<Point><coordinates>85.15125245,25.63951351,0</coordinates></Point>
</Placemark>
<Placemark>
<name>5G</name>
<Point><coordinates>85.22735071,25.47755678,0</coordinates></Point>
</Placemark>
<Placemark>
<name>LTE</name>
<Point><coordinates>85.05780221,25.73827377,0</coordinates></Point>
</Placemark>
<Placemark>
<name>5G</name>
<Point><coordinates>85.07742628,25.72857454,0</coordinates></Point>
</Placemark>
<Placemark>
<name>LTE</name>
<Point><coordinates>85.1668552,25.76834444,0</coordinates></Point>
</Placemark>
<Placemark>
<name>LTE</name>
<Point><coordinates>85.11296459,25.76555426,0</coordinates></Point>
</Placemark>
<Placemark>
<name>LTE</name>
<Point><coordinates>85.19618523,25.69713933,0</coordinates></Point>
</Placemark>
<Placemark>
<name>5G</name>
<Point><coordinates>85.11002573,25.46080791,0</coordinates></Point>
</Placemark>
<Placemark>
<name>4G</name>
<Point><coordinates>85.02401373,25.57168032,0</coordinates></Point>
</Placemark>
<Placemark>
<name>5G</name>
<Point><coordinates>85.29645679,25.67151106,0</coordinates></Point>
</Placemark>
<Placemark>
<name>4G</name>
<Point><coordinates>85.22261529,25.73425814,0</coordinates></Point>
</Placemark>
<Placemark>
<name>5G</name>
<Point><coordinates>85.17927753,25.64441696,0</coordinates></Point>
</Placemark>
<Placemark>
<name>5G</name>
<Point><coordinates>85.12572239,25.54018138,0</coordinates></Point>
</Placemark>
<Placemark>
<name>5G</name>
<Point><coordinates>85.23251771,25.45872277,0</coordinates></Point>
</Placemark>
<Placemark>
<name>3G</name>
<Point><coordinates>85.23375549,25.63442153,0</coordinates></Point>
</Placemark>
<Placemark>
<name>4G</name>
<Point><coordinates>85.22479857,25.5688796,0</coordinates></Point>
</Placemark>
<Placemark>
<name>5G</name>
<Point><coordinates>85.25152118,25.58245441,0</coordinates></Point>
</Placemark>
<Placemark>
<name>4G</name>
<Point><coordinates>85.04902467,25.50202939,0</coordinates></Point>
</Placemark>
<Placemark>
<name>4G</name>
<Point><coordinates>85.03649379,25.53689356,0</coordinates></Point>
</Placemark>
<Placemark>
<name>5G</name>
<Point><coordinates>85.25911972,25.70488642,0</coordinates></Point>
</Placemark>
<Placemark>
<name>LTE</name>
<Point><coordinates>85.04585951,25.72624225,0</coordinates></Point>
</Placemark>
<Placemark>
<name>4G</name>
<Point><coordinates>85.15716528,25.68008495,0</coordinates></Point>
</Placemark>
<Placemark>
<name>5G</name>
<Point><coordinates>85.11294181,25.5160741,0</coordinates></Point>
</Placemark>
<Placemark>
<name>LTE</name>
<Point><coordinates>85.29553272,25.53429431,0</coordinates></Point>
</Placemark>
<Placemark>
<name>5G</name>
<Point><coordinates>84.99843412,25.55451205,0</coordinates></Point>
</Placemark>
<Placemark>
<name>3G</name>
<Point><coordinates>85.19277721,25.62394035,0</coordinates></Point>
</Placemark>
<Placemark>
<name>4G</name>
<Point><coordinates>85.14601935,25.57618248,0</coordinates></Point>
</Placemark>
<Placemark>
<name>LTE</name>
<Point><coordinates>85.05047559,25.44478427,0</coordinates></Point>
</Placemark>
<Placemark>
<name>5G</name>
<Point><coordinates>85.26039406,25.62830719,0</coordinates></Point>
</Placemark>
<Placemark>
<name>3G</name>
<Point><coordinates>85.11724583,25.60620403,0</coordinates></Point>
</Placemark>
<Placemark>
<name>4G</name>
<Point><coordinates>85.06772339,25.46160609,0</coordinates></Point>
</Placemark>
<Placemark>
<name>5G</name>
<Point><coordinates>85.25598677,25.46262215,0</coordinates></Point>
</Placemark>
<Placemark>
<name>4G</name>
<Point><coordinates>85.25625158,25.61426151,0</coordinates></Point>
</Placemark>
<Placemark>
<name>4G</name>
<Point><coordinates>85.00839052,25.50180458,0</coordinates></Point>
</Placemark>
<Placemark>
<name>4G</name>
<Point><coordinates>85.30269285,25.5822727,0</coordinates></Point>
</Placemark>
<Placemark>
<name>LTE</name>
<Point><coordinates>85.08482111,25.76426818,0</coordinates></Point>
</Placemark>
<Placemark>
<name>4G</name>
<Point><coordinates>85.12833993,25.52760377,0</coordinates></Point>
</Placemark>
<Placemark>
<name>5G</name>
<Point><coordinates>85.07914159,25.68729093,0</coordinates></Point>
</Placemark>
<Placemark>
<name>3G</name>
<Point><coordinates>85.21165494,25.71622456,0</coordinates></Point>
</Placemark>
<Placemark>
<name>4G</name>
<Point><coordinates>85.16675838,25.64434983,0</coordinates></Point>
</Placemark>
<Placemark>
<name>LTE</name>
<Point><coordinates>84.9895994,25.66603134,0</coordinates></Point>
</Placemark>
<Placemark>
<name>5G</name>
<Point><coordinates>84.99847001,25.61051966,0</coordinates></Point>
</Placemark>
<Placemark>
<name>4G</name>
<Point><coordinates>85.061826,25.48350429,0</coordinates></Point>
</Placemark>
<Placemark>
<name>3G</name>
<Point><coordinates>85.16475469,25.44678374,0</coordinates></Point>
</Placemark>
<Placemark>
<name>LTE</name>
<Point><coordinates>85.06558162,25.71999152,0</coordinates></Point>
</Placemark>
<Placemark>
<name>LTE</name>
<Point><coordinates>84.96967839,25.55817322,0</coordinates></Point>
</Placemark>
<Placemark>
<name>LTE</name>
<Point><coordinates>85.12157042,25.64015375,0</coordinates></Point>
</Placemark>
<Placemark>
<name>LTE</name>
<Point><coordinates>85.20701356,25.66541758,0</coordinates></Point>
</Placemark>
<Placemark>
<name>5G</name>
<Point><coordinates>85.21386616,25.70374849,0</coordinates></Point>
</Placemark>
<Placemark>
<name>5G</name>
<Point><coordinates>85.13418487,25.67914695,0</coordinates></Point>
</Placemark>
<Placemark>
<name>3G</name>
<Point><coordinates>85.13191375,25.58653163,0</coordinates></Point>
</Placemark>
<Placemark>
<name>4G</name>
<Point><coordinates>85.24643832,25.4700083,0</coordinates></Point>
</Placemark>
<Placemark>
<name>3G</name>
<Point><coordinates>85.26693954,25.53315449,0</coordinates></Point>
</Placemark>
<Placemark>
<name>LTE</name>
<Point><coordinates>85.08565542,25.74441846,0</coordinates></Point>
</Placemark>
<Placemark>
<name>3G</name>
<Point><coordinates>85.22588868,25.4403658,0</coordinates></Point>
</Placemark>
<Placemark>
<name>3G</name>
<Point><coordinates>85.15968665,25.46336146,0</coordinates></Point>
</Placemark>
<Placemark>
<name>3G</name>
<Point><coordinates>85.10581238,25.66712127,0</coordinates></Point>
</Placemark>
<Placemark>
<name>LTE</name>
<Point><coordinates>85.12860711,25.56266964,0</coordinates></Point>
</Placemark>
<Placemark>
<name>4G</name>
<Point><coordinates>85.08336489,25.58029316,0</coordinates></Point>
</Placemark>
<Placemark>
<name>3G</name>
<Point><coordinates>85.23542859,25.73036891,0</coordinates></Point>
</Placemark>
<Placemark>
<name>LTE</name>
<Point><coordinates>85.13376323,25.456803,0</coordinates></Point>
</Placemark>
<Placemark>
<name>4G</name>
<Point><coordinates>85.26776443,25.48851658,0</coordinates></Point>
</Placemark>
<Placemark>
<name>4G</name>
<Point><coordinates>85.25882012,25.67380086,0</coordinates></Point>
</Placemark>
<Placemark>
<name>3G</name>
<Point><coordinates>85.25791176,25.68221523,0</coordinates></Point>
</Placemark>
<Placemark>
<name>4G</name>
<Point><coordinates>85.05499887,25.45053845,0</coordinates></Point>
</Placemark>
<Placemark>
<name>3G</name>
<Point><coordinates>85.18226146,25.58184278,0</coordinates></Point>
</Placemark>
<Placemark>
<name>LTE</name>
<Point><coordinates>85.2490062,25.65904337,0</coordinates></Point>
</Placemark>
<Placemark>
<name>3G</name>
<Point><coordinates>85.06443883,25.6502067,0</coordinates></Point>
</Placemark>
<Placemark>
<name>3G</name>
<Point><coordinates>85.1208406,25.7570712,0</coordinates></Point>
</Placemark>
<Placemark>
<name>3G</name>
<Point><coordinates>85.10082937,25.73274786,0</coordinates></Point>
</Placemark>
<Placemark>
<name>4G</name>
<Point><coordinates>85.05592686,25.59184869,0</coordinates></Point>
</Placemark>
<Placemark>
<name>4G</name>
<Point><coordinates>85.05538556,25.6736811,0</coordinates></Point>
</Placemark>
<Placemark>
<name>3G</name>
<Point><coordinates>85.08140438,25.65728518,0</coordinates></Point>
</Placemark>
<Placemark>
<name>5G</name>
<Point><coordinates>85.10461321,25.63339695,0</coordinates></Point>
</Placemark>
<Placemark>
<name>3G</name>
<Point><coordinates>85.07869974,25.67626885,0</coordinates></Point>
</Placemark>
<Placemark>
<name>3G</name>
<Point><coordinates>85.28933064,25.53413876,0</coordinates></Point>
</Placemark>
<Placemark>
<name>4G</name>
<Point><coordinates>85.26254503,25.48643248,0</coordinates></Point>
</Placemark>
<Placemark>
<name>4G</name>
<Point><coordinates>85.08842915,25.70780368,0</coordinates></Point>
</Placemark>
<Placemark>
<name>LTE</name>
<Point><coordinates>85.06636626,25.59352571,0</coordinates></Point>
</Placemark>
<Placemark>
<name>LTE</name>
<Point><coordinates>85.14181077,25.63343289,0</coordinates></Point>
</Placemark>
<Placemark>
<name>3G</name>
<Point><coordinates>85.24040692,25.45635189,0</coordinates></Point>
</Placemark>
<Placemark>
<name>3G</name>
<Point><coordinates>85.12002154,25.65788816,0</coordinates></Point>
</Placemark>
<Placemark>
<name>5G</name>
<Point><coordinates>85.15530701,25.74502055,0</coordinates></Point>
</Placemark>
<Placemark>
<name>4G</name>
<Point><coordinates>85.26284649,25.72223908,0</coordinates></Point>
</Placemark>
<Placemark>
<name>LTE</name>
<Point><coordinates>85.07368864,25.74055985,0</coordinates></Point>
</Placemark>
<Placemark>
<name>5G</name>
<Point><coordinates>84.98773538,25.63578597,0</coordinates></Point>
</Placemark>
<Placemark>
<name>3G</name>
<Point><coordinates>85.03536929,25.61388578,0</coordinates></Point>
</Placemark>
<Placemark>
<name>3G</name>
<Point><coordinates>85.2148567,25.65464273,0</coordinates></Point>
</Placemark>
<Placemark>
<name>4G</name>
<Point><coordinates>85.25199371,25.65346182,0</coordinates></Point>
</Placemark>
<Placemark>
<name>LTE</name>
<Point><coordinates>84.95964373,25.57187,0</coordinates></Point>
</Placemark>
<Placemark>
<name>4G</name>
<Point><coordinates>85.08937682,25.52452796,0</coordinates></Point>
</Placemark>
<Placemark>
<name>LTE</name>
<Point><coordinates>85.27216808,25.59772245,0</coordinates></Point>
</Placemark>
<Placemark>
<name>4G</name>
<Point><coordinates>85.18969754,25.46301374,0</coordinates></Point>
</Placemark>
<Placemark>
<name>5G</name>
<Point><coordinates>85.08734025,25.71379464,0</coordinates></Point>
</Placemark>
<Placemark>
<name>4G</name>
<Point><coordinates>85.15863565,25.4716773,0</coordinates></Point>
</Placemark>
<Placemark>
<name>5G</name>
<Point><coordinates>85.0498523,25.47381657,0</coordinates></Point>
</Placemark>
<Placemark>
<name>3G</name>
<Point><coordinates>85.11299033,25.58894701,0</coordinates></Point>
</Placemark>
<Placemark>
<name>3G</name>
<Point><coordinates>85.27160769,25.57807735,0</coordinates></Point>
</Placemark>
<Placemark>
<name>LTE</name>
<Point><coordinates>85.00646271,25.53507537,0</coordinates></Point>
</Placemark>
<Placemark>
<name>5G</name>
<Point><coordinates>85.25782273,25.55309377,0</coordinates></Point>
</Placemark>
<Placemark>
<name>LTE</name>
<Point><coordinates>85.01984437,25.56732474,0</coordinates></Point>
</Placemark>
<Placemark>
<name>5G</name>
<Point><coordinates>85.16443757,25.75159038,0</coordinates></Point>
</Placemark>
<Placemark>
<name>3G</name>
<Point><coordinates>85.00295782,25.59998945,0</coordinates></Point>
</Placemark>
<Placemark>
<name>LTE</name>
<Point><coordinates>85.15847248,25.62745917,0</coordinates></Point>
</Placemark>
<Placemark>
<name>3G</name>
<Point><coordinates>85.15820294,25.76477723,0</coordinates></Point>
</Placemark>
<Placemark>
<name>5G</name>
<Point><coordinates>85.07659428,25.55677336,0</coordinates></Point>
</Placemark>
<Placemark>
<name>LTE</name>
<Point><coordinates>85.11941204,25.75928,0</coordinates></Point>
</Placemark>
<Placemark>
<name>4G</name>
<Point><coordinates>85.05579673,25.48567679,0</coordinates></Point>
</Placemark>
<Placemark>
<name>4G</name>
<Point><coordinates>85.0499561,25.59724135,0</coordinates></Point>
</Placemark>
<Placemark>
<name>3G</name>
<Point><coordinates>84.98919009,25.59950428,0</coordinates></Point>
</Placemark>
<Placemark>
<name>5G</name>
<Point><coordinates>85.06660344,25.54413911,0</coordinates></Point>
</Placemark>
<Placemark>
<name>LTE</name>
<Point><coordinates>85.1782597,25.47055412,0</coordinates></Point>
</Placemark>
<Placemark>
<name>LTE</name>
<Point><coordinates>85.18555863,25.69218385,0</coordinates></Point>
</Placemark>
<Placemark>
<name>4G</name>
<Point><coordinates>85.13237682,25.63116449,0</coordinates></Point>
</Placemark>
<Placemark>
<name>4G</name>
<Point><coordinates>85.02859112,25.45210209,0</coordinates></Point>
</Placemark>
<Placemark>
<name>LTE</name>
<Point><coordinates>85.0978264,25.72261629,0</coordinates></Point>
</Placemark>
<Placemark>
<name>LTE</name>
<Point><coordinates>85.07389044,25.43534158,0</coordinates></Point>
</Placemark>
<Placemark>
<name>3G</name>
<Point><coordinates>85.04521901,25.70353775,0</coordinates></Point>
</Placemark>
<Placemark>
<name>4G</name>
<Point><coordinates>85.07628834,25.69142324,0</coordinates></Point>
</Placemark>
<Placemark>
<name>5G</name>
<Point><coordinates>85.0503225,25.61912532,0</coordinates></Point>
</Placemark>
<Placemark>
<name>4G</name>
<Point><coordinates>85.27169392,25.61887027,0</coordinates></Point>
</Placemark>
<Placemark>
<name>LTE</name>
<Point><coordinates>85.09120152,25.67947626,0</coordinates></Point>
</Placemark>
<Placemark>
<name>3G</name>
<Point><coordinates>85.00634982,25.4949712,0</coordinates></Point>
</Placemark>
<Placemark>
<name>5G</name>
<Point><coordinates>85.0955565,25.61214629,0</coordinates></Point>
</Placemark>
<Placemark>
<name>4G</name>
<Point><coordinates>85.14929175,25.71238431,0</coordinates></Point>
</Placemark>
<Placemark>
<name>LTE</name>
<Point><coordinates>85.28201987,25.69040517,0</coordinates></Point>
</Placemark>
<Placemark>
<name>4G</name>
<Point><coordinates>85.1544091,25.56127446,0</coordinates></Point>
</Placemark>
<Placemark>
<name>3G</name>
<Point><coordinates>85.00652252,25.55484749,0</coordinates></Point>
</Placemark>
<Placemark>
<name>4G</name>
<Point><coordinates>85.05477977,25.48466767,0</coordinates></Point>
</Placemark>
<Placemark>
<name>3G</name>
<Point><coordinates>85.22458652,25.74578406,0</coordinates></Point>
</Placemark>
<Placemark>
<name>LTE</name>
<Point><coordinates>85.26911827,25.69303335,0</coordinates></Point>
</Placemark>
<Placemark>
<name>5G</name>
<Point><coordinates>85.1953905,25.65687962,0</coordinates></Point>
</Placemark>
<Placemark>
<name>4G</name>
<Point><coordinates>85.0519254,25.531065,0</coordinates></Point>
</Placemark>
<Placemark>
<name>3G</name>
<Point><coordinates>85.14835534,25.47928919,0</coordinates></Point>
</Placemark>
<Placemark>
<name>3G</name>
<Point><coordinates>85.13183084,25.42487928,0</coordinates></Point>
</Placemark>
<Placemark>
<name>5G</name>
<Point><coordinates>85.20697781,25.75374409,0</coordinates></Point>
</Placemark>
<Placemark>
<name>5G</name>
<Point><coordinates>85.03604162,25.69646326,0</coordinates></Point>
</Placemark>
<Placemark>
<name>5G</name>
<Point><coordinates>85.10810431,25.441042,0</coordinates></Point>
</Placemark>
<Placemark>
<name>LTE</name>
<Point><coordinates>85.10062615,25.76320402,0</coordinates></Point>
</Placemark>
<Placemark>
<name>4G</name>
<Point><coordinates>85.25401248,25.65422823,0</coordinates></Point>
</Placemark>
<Placemark>
<name>LTE</name>
<Point><coordinates>85.06638044,25.64556999,0</coordinates></Point>
</Placemark>
<Placemark>
<name>4G</name>
<Point><coordinates>85.13611727,25.62599808,0</coordinates></Point>
</Placemark>
<Placemark>
<name>LTE</name>
<Point><coordinates>85.03569518,25.58286002,0</coordinates></Point>
</Placemark>
<Placemark>
<name>LTE</name>
<Point><coordinates>85.22487897,25.58678039,0</coordinates></Point>
</Placemark>
<Placemark>
<name>5G</name>
<Point><coordinates>85.17753374,25.68684158,0</coordinates></Point>
</Placemark>
<Placemark>
<name>LTE</name>
<Point><coordinates>85.27981563,25.65846397,0</coordinates></Point>
</Placemark>
<Placemark>
<name>4G</name>
<Point><coordinates>85.24227777,25.58741128,0</coordinates></Point>
</Placemark>
<Placemark>
<name>5G</name>
<Point><coordinates>85.16077868,25.45853237,0</coordinates></Point>
</Placemark>
<Placemark>
<name>LTE</name>
<Point><coordinates>85.18666892,25.45405316,0</coordinates></Point>
</Placemark>
<Placemark>
<name>4G</name>
<Point><coordinates>85.01968301,25.67200557,0</coordinates></Point>
</Placemark>
<Placemark>
<name>4G</name>
<Point><coordinates>85.0747753,25.55126468,0</coordinates></Point>
</Placemark>
<Placemark>
<name>4G</name>
<Point><coordinates>85.03071032,25.61636511,0</coordinates></Point>
</Placemark>
<Placemark>
<name>4G</name>
<Point><coordinates>85.10569099,25.61763175,0</coordinates></Point>
</Placemark>
<Placemark>
<name>5G</name>
<Point><coordinates>85.27802957,25.57854571,0</coordinates></Point>
</Placemark>
<Placemark>
<name>5G</name>
<Point><coordinates>85.14416049,25.68227685,0</coordinates></Point>
</Placemark>
<Placemark>
<name>LTE</name>
<Point><coordinates>85.05000698,25.47855972,0</coordinates></Point>
</Placemark>
<Placemark>
<name>5G</name>
<Point><coordinates>85.09996306,25.63290491,0</coordinates></Point>
</Placemark>
<Placemark>
<name>5G</name>
<Point><coordinates>85.09807507,25.70283432,0</coordinates></Point>
</Placemark>
<Placemark>
<name>5G</name>
<Point><coordinates>85.01128692,25.54078892,0</coordinates></Point>
</Placemark>
<Placemark>
<name>5G</name>
<Point><coordinates>85.25720064,25.71770499,0</coordinates></Point>
</Placemark>
<Placemark>
<name>3G</name>
<Point><coordinates>85.14851769,25.49325631,0</coordinates></Point>
</Placemark>
<Placemark>
<name>3G</name>
<Point><coordinates>85.20420918,25.45274505,0</coordinates></Point>
</Placemark>
<Placemark>
<name>LTE</name>
<Point><coordinates>84.99533682,25.69034994,0</coordinates></Point>
</Placemark>
<Placemark>
<name>3G</name>
<Point><coordinates>85.07126398,25.68308983,0</coordinates></Point>
</Placemark>
<Placemark>
<name>LTE</name>
<Point><coordinates>85.2312739,25.68289169,0</coordinates></Point>
</Placemark>
<Placemark>
<name>5G</name>
<Point><coordinates>84.99599504,25.54089784,0</coordinates></Point>
</Placemark>
<Placemark>
<name>4G</name>
<Point><coordinates>85.22590132,25.67569328,0</coordinates></Point>
</Placemark>
<Placemark>
<name>5G</name>
<Point><coordinates>85.07965518,25.72628022,0</coordinates></Point>
</Placemark>
<Placemark>
<name>LTE</name>
<Point><coordinates>85.02369904,25.47416463,0</coordinates></Point>
</Placemark>
<Placemark>
<name>3G</name>
<Point><coordinates>84.98398117,25.53349425,0</coordinates></Point>
</Placemark>
<Placemark>
<name>3G</name>
<Point><coordinates>84.98541301,25.61842137,0</coordinates></Point>
</Placemark>
<Placemark>
<name>LTE</name>
<Point><coordinates>85.06378099,25.75734029,0</coordinates></Point>
</Placemark>
<Placemark>
<name>4G</name>
<Point><coordinates>84.97118,25.56184959,0</coordinates></Point>
</Placemark>
<Placemark>
<name>5G</name>
<Point><coordinates>84.98557501,25.51398583,0</coordinates></Point>
</Placemark>
<Placemark>
<name>4G</name>
<Point><coordinates>85.01771974,25.71279288,0</coordinates></Point>
</Placemark>
<Placemark>
<name>LTE</name>
<Point><coordinates>85.05334821,25.44505708,0</coordinates></Point>
</Placemark>
<Placemark>
<name>4G</name>
<Point><coordinates>85.22995396,25.59872369,0</coordinates></Point>
</Placemark>
<Placemark>
<name>LTE</name>
<Point><coordinates>85.24667341,25.59151531,0</coordinates></Point>
</Placemark>
<Placemark>
<name>4G</name>
<Point><coordinates>85.05613567,25.56707409,0</coordinates></Point>
</Placemark>
<Placemark>
<name>3G</name>
<Point><coordinates>85.22080726,25.64299076,0</coordinates></Point>
</Placemark>
<Placemark>
<name>5G</name>
<Point><coordinates>85.08010231,25.66921053,0</coordinates></Point>
</Placemark>
<Placemark>
<name>3G</name>
<Point><coordinates>85.16674217,25.66964985,0</coordinates></Point>
</Placemark>
<Placemark>
<name>4G</name>
<Point><coordinates>85.19369315,25.57796946,0</coordinates></Point>
</Placemark>
<Placemark>
<name>3G</name>
<Point><coordinates>85.10432769,25.43596911,0</coordinates></Point>
</Placemark>
<Placemark>
<name>3G</name>
<Point><coordinates>85.18033608,25.52815152,0</coordinates></Point>
</Placemark>
<Placemark>
<name>4G</name>
<Point><coordinates>85.21065692,25.60938022,0</coordinates></Point>
</Placemark>
<Placemark>
<name>5G</name>
<Point><coordinates>85.25160626,25.52443116,0</coordinates></Point>
</Placemark>
<Placemark>
<name>5G</name>
<Point><coordinates>85.15955421,25.47028673,0</coordinates></Point>
</Placemark>
<Placemark>
<name>4G</name>
<Point><coordinates>85.19287917,25.42862625,0</coordinates></Point>
</Placemark>
<Placemark>
<name>5G</name>
<Point><coordinates>85.28320844,25.65593139,0</coordinates></Point>
</Placemark>
<Placemark>
<name>LTE</name>
<Point><coordinates>85.26557694,25.54775378,0</coordinates></Point>
</Placemark>
<Placemark>
<name>5G</name>
<Point><coordinates>85.05785774,25.45860338,0</coordinates></Point>
</Placemark>
<Placemark>
<name>LTE</name>
<Point><coordinates>85.26914444,25.50867452,0</coordinates></Point>
</Placemark>
<Placemark>
<name>5G</name>
<Point><coordinates>85.21869384,25.70981371,0</coordinates></Point>
</Placemark>
<Placemark>
<name>4G</name>
<Point><coordinates>84.99460515,25.65667746,0</coordinates></Point>
</Placemark>
<Placemark>
<name>5G</name>
<Point><coordinates>85.04991574,25.68565403,0</coordinates></Point>
</Placemark>
<Placemark>
<name>5G</name>
<Point><coordinates>85.18199052,25.43702137,0</coordinates></Point>
</Placemark>
<Placemark>
<name>3G</name>
<Point><coordinates>85.17206616,25.53814871,0</coordinates></Point>
</Placemark>
<Placemark>
<name>4G</name>
<Point><coordinates>85.23557687,25.73799376,0</coordinates></Point>
</Placemark>
<Placemark>
<name>4G</name>
<Point><coordinates>85.01711123,25.52290682,0</coordinates></Point>
</Placemark>
<Placemark>
<name>4G</name>
<Point><coordinates>85.02265582,25.68354039,0</coordinates></Point>
</Placemark>
<Placemark>
<name>5G</name>
<Point><coordinates>85.00927227,25.58770347,0</coordinates></Point>
</Placemark>
<Placemark>
<name>4G</name>
<Point><coordinates>85.14795098,25.69986644,0</coordinates></Point>
</Placemark>
<Placemark>
<name>3G</name>
<Point><coordinates>85.1730385,25.58581752,0</coordinates></Point>
</Placemark>
<Placemark>
<name>5G</name>
<Point><coordinates>85.18967622,25.76306652,0</coordinates></Point>
</Placemark>
<Placemark>
<name>3G</name>
<Point><coordinates>84.98797885,25.61001934,0</coordinates></Point>
</Placemark>
<Placemark>
<name>5G</name>
<Point><coordinates>85.06215815,25.67975788,0</coordinates></Point>
</Placemark>
<Placemark>
<name>4G</name>
<Point><coordinates>85.18862674,25.57112248,0</coordinates></Point>
</Placemark>
<Placemark>
<name>LTE</name>
<Point><coordinates>85.083409,25.61003672,0</coordinates></Point>
</Placemark>
<Placemark>
<name>5G</name>
<Point><coordinates>84.99012436,25.66603139,0</coordinates></Point>
</Placemark>
<Placemark>
<name>4G</name>
<Point><coordinates>85.10281745,25.62035939,0</coordinates></Point>
</Placemark>
<Placemark>
<name>4G</name>
<Point><coordinates>84.98591305,25.67092943,0</coordinates></Point>
</Placemark>
<Placemark>
<name>LTE</name>
<Point><coordinates>85.00819363,25.48089992,0</coordinates></Point>
</Placemark>
<Placemark>
<name>5G</name>
<Point><coordinates>85.13085912,25.65933505,0</coordinates></Point>
</Placemark>
<Placemark>
<name>5G</name>
<Point><coordinates>85.19102247,25.51699312,0</coordinates></Point>
</Placemark>
<Placemark>
<name>3G</name>
<Point><coordinates>85.11150939,25.52468303,0</coordinates></Point>
</Placemark>
<Placemark>
<name>LTE</name>
<Point><coordinates>85.18859974,25.69126621,0</coordinates></Point>
</Placemark>
<Placemark>
<name>3G</name>
<Point><coordinates>85.13577954,25.52562201,0</coordinates></Point>
</Placemark>
<Placemark>
<name>4G</name>
<Point><coordinates>85.217151,25.63463565,0</coordinates></Point>
</Placemark>
<Placemark>
<name>4G</name>
<Point><coordinates>85.27241568,25.56198362,0</coordinates></Point>
</Placemark>
<Placemark>
<name>3G</name>
<Point><coordinates>85.12346442,25.64100083,0</coordinates></Point>
</Placemark>
<Placemark>
<name>4G</name>
<Point><coordinates>85.25181677,25.612768,0</coordinates></Point>
</Placemark>
<Placemark>
<name>4G</name>
<Point><coordinates>85.12964813,25.50027412,0</coordinates></Point>
</Placemark>
<Placemark>
<name>LTE</name>
<Point><coordinates>85.16377513,25.48263268,0</coordinates></Point>
</Placemark>
<Placemark>
<name>3G</name>
<Point><coordinates>85.0544886,25.59240876,0</coordinates></Point>
</Placemark>
<Placemark>
<name>4G</name>
<Point><coordinates>85.03303515,25.46722919,0</coordinates></Point>
</Placemark>
<Placemark>
<name>LTE</name>
<Point><coordinates>85.20439938,25.58409098,0</coordinates></Point>
</Placemark>
<Placemark>
<name>LTE</name>
<Point><coordinates>84.99443534,25.69771129,0</coordinates></Point>
</Placemark>
<Placemark>
<name>5G</name>
<Point><coordinates>85.0384715,25.60611176,0</coordinates></Point>
</Placemark>
<Placemark>
<name>5G</name>
<Point><coordinates>85.20629178,25.45505165,0</coordinates></Point>
</Placemark>
<Placemark>
<name>5G</name>
<Point><coordinates>85.20467137,25.74992301,0</coordinates></Point>
</Placemark>
<Placemark>
<name>4G</name>
<Point><coordinates>85.03281374,25.59798686,0</coordinates></Point>
</Placemark>
<Placemark>
<name>LTE</name>
<Point><coordinates>85.19540292,25.7057944,0</coordinates></Point>
</Placemark>
<Placemark>
<name>3G</name>
<Point><coordinates>85.15923853,25.58510941,0</coordinates></Point>
</Placemark>
<Placemark>
<name>5G</name>
<Point><coordinates>85.18601856,25.43949791,0</coordinates></Point>
</Placemark>
<Placemark>
<name>3G</name>
<Point><coordinates>85.11294668,25.73851311,0</coordinates></Point>
</Placemark>
<Placemark>
<name>3G</name>
<Point><coordinates>84.98488419,25.57480072,0</coordinates></Point>
</Placemark>
<Placemark>
<name>3G</name>
<Point><coordinates>85.25973361,25.61466705,0</coordinates></Point>
</Placemark>
<Placemark>
<name>3G</name>
<Point><coordinates>85.12741681,25.58360048,0</coordinates></Point>
</Placemark>
<Placemark>
<name>4G</name>
<Point><coordinates>85.07367019,25.6104036,0</coordinates></Point>
</Placemark>
<Placemark>
<name>3G</name>
<Point><coordinates>85.17838309,25.59693735,0</coordinates></Point>
</Placemark>
<Placemark>
<name>3G</name>
<Point><coordinates>85.16587635,25.52950806,0</coordinates></Point>
</Placemark>
<Placemark>
<name>4G</name>
<Point><coordinates>85.08929175,25.63225079,0</coordinates></Point>
</Placemark>
<Placemark>
<name>5G</name>
<Point><coordinates>85.16588113,25.74927785,0</coordinates></Point>
</Placemark>
<Placemark>
<name>3G</name>
<Point><coordinates>85.07325484,25.67802714,0</coordinates></Point>
</Placemark>
<Placemark>
<name>3G</name>
<Point><coordinates>85.14222829,25.52147905,0</coordinates></Point>
</Placemark>
<Placemark>
<name>5G</name>
<Point><coordinates>85.12043585,25.49847597,0</coordinates></Point>
</Placemark>
<Placemark>
<name>3G</name>
<Point><coordinates>85.17945184,25.48558612,0</coordinates></Point>
</Placemark>
<Placemark>
<name>5G</name>
<Point><coordinates>85.04336492,25.65161646,0</coordinates></Point>
</Placemark>
<Placemark>
<name>LTE</name>
<Point><coordinates>85.08023299,25.44791908,0</coordinates></Point>
</Placemark>
<Placemark>
<name>LTE</name>
<Point><coordinates>85.10789063,25.51075902,0</coordinates></Point>
</Placemark>
<Placemark>
<name>LTE</name>
<Point><coordinates>85.050919,25.48163708,0</coordinates></Point>
</Placemark>
<Placemark>
<name>4G</name>
<Point><coordinates>85.31355964,25.58576718,0</coordinates></Point>
</Placemark>
<Placemark>
<name>LTE</name>
<Point><coordinates>85.11643032,25.70262306,0</coordinates></Point>
</Placemark>
<Placemark>
<name>5G</name>
<Point><coordinates>85.27912207,25.52820564,0</coordinates></Point>
</Placemark>
<Placemark>
<name>LTE</name>
<Point><coordinates>85.14839186,25.59581174,0</coordinates></Point>
</Placemark>
<Placemark>
<name>LTE</name>
<Point><coordinates>85.20208278,25.57173117,0</coordinates></Point>
</Placemark>
<Placemark>
<name>5G</name>
<Point><coordinates>85.05438743,25.66447449,0</coordinates></Point>
</Placemark>
<Placemark>
<name>3G</name>
<Point><coordinates>85.03691686,25.60189961,0</coordinates></Point>
</Placemark>
<Placemark>
<name>4G</name>
<Point><coordinates>85.2584252,25.64739531,0</coordinates></Point>
</Placemark>
<Placemark>
<name>3G</name>
<Point><coordinates>85.16406363,25.54225434,0</coordinates></Point>
</Placemark>
<Placemark>
<name>5G</name>
<Point><coordinates>85.24540615,25.55896079,0</coordinates></Point>
</Placemark>
<Placemark>
<name>LTE</name>
<Point><coordinates>85.16351034,25.58013467,0</coordinates></Point>
</Placemark>
<Placemark>
<name>4G</name>
<Point><coordinates>85.11820807,25.48729182,0</coordinates></Point>
</Placemark>
<Placemark>
<name>5G</name>
<Point><coordinates>85.20110525,25.65862563,0</coordinates></Point>
</Placemark>
<Placemark>
<name>5G</name>
<Point><coordinates>85.23879101,25.47301449,0</coordinates></Point>
</Placemark>
<Placemark>
<name>5G</name>
<Point><coordinates>85.2340306,25.44866098,0</coordinates></Point>
</Placemark>
<Placemark>
<name>5G</name>
<Point><coordinates>85.10865871,25.64592086,0</coordinates></Point>
</Placemark>
<Placemark>
<name>3G</name>
<Point><coordinates>85.05740024,25.61397973,0</coordinates></Point>
</Placemark>
<Placemark>
<name>3G</name>
<Point><coordinates>85.06685826,25.4736826,0</coordinates></Point>
</Placemark>
<Placemark>
<name>5G</name>
<Point><coordinates>85.09314924,25.51530954,0</coordinates></Point>
</Placemark>
<Placemark>
<name>5G</name>
<Point><coordinates>85.029825,25.67953805,0</coordinates></Point>
</Placemark>
<Placemark>
<name>LTE</name>
<Point><coordinates>85.03389239,25.55520267,0</coordinates></Point>
</Placemark>
<Placemark>
<name>5G</name>
<Point><coordinates>85.00837253,25.47013874,0</coordinates></Point>
</Placemark>
<Placemark>
<name>5G</name>
<Point><coordinates>85.11416224,25.66850754,0</coordinates></Point>
</Placemark>
<Placemark>
<name>5G</name>
<Point><coordinates>85.03381643,25.65484505,0</coordinates></Point>
</Placemark>
<Placemark>
<name>3G</name>
<Point><coordinates>85.01485224,25.53105216,0</coordinates></Point>
</Placemark>
<Placemark>
<name>5G</name>
<Point><coordinates>85.03084522,25.71299328,0</coordinates></Point>
</Placemark>
<Placemark>
<name>5G</name>
<Point><coordinates>85.20273321,25.53665519,0</coordinates></Point>
</Placemark>
<Placemark>
<name>4G</name>
<Point><coordinates>85.13032435,25.75419745,0</coordinates></Point>
</Placemark>
<Placemark>
<name>4G</name>
<Point><coordinates>85.10926129,25.76150691,0</coordinates></Point>
</Placemark>
<Placemark>
<name>5G</name>
<Point><coordinates>85.10073496,25.45101316,0</coordinates></Point>
</Placemark>
<Placemark>
<name>4G</name>
<Point><coordinates>85.26702481,25.70956732,0</coordinates></Point>
</Placemark>
<Placemark>
<name>5G</name>
<Point><coordinates>85.15598629,25.69433315,0</coordinates></Point>
</Placemark>
<Placemark>
<name>4G</name>
<Point><coordinates>85.10328624,25.60588198,0</coordinates></Point>
</Placemark>
<Placemark>
<name>4G</name>
<Point><coordinates>85.01091734,25.57911987,0</coordinates></Point>
</Placemark>
<Placemark>
<name>5G</name>
<Point><coordinates>85.14927092,25.70429089,0</coordinates></Point>
</Placemark>
<Placemark>
<name>3G</name>
<Point><coordinates>85.03611962,25.52105652,0</coordinates></Point>
</Placemark>
<Placemark>
<name>5G</name>
<Point><coordinates>85.22018044,25.51365954,0</coordinates></Point>
</Placemark>
<Placemark>
<name>4G</name>
<Point><coordinates>85.10938955,25.64374967,0</coordinates></Point>
</Placemark>
<Placemark>
<name>4G</name>
<Point><coordinates>85.05012056,25.5733338,0</coordinates></Point>
</Placemark>
<Placemark>
<name>3G</name>
<Point><coordinates>85.02340969,25.70471287,0</coordinates></Point>
</Placemark>
<Placemark>
<name>5G</name>
<Point><coordinates>85.09828751,25.70179519,0</coordinates></Point>
</Placemark>
<Placemark>
<name>3G</name>
<Point><coordinates>85.07361012,25.61255136,0</coordinates></Point>
</Placemark>
<Placemark>
<name>4G</name>
<Point><coordinates>84.9743461,25.56664624,0</coordinates></Point>
</Placemark>
<Placemark>
<name>3G</name>
<Point><coordinates>85.0772052,25.52486924,0</coordinates></Point>
</Placemark>
<Placemark>
<name>5G</name>
<Point><coordinates>85.2857857,25.65151265,0</coordinates></Point>
</Placemark>
<Placemark>
<name>5G</name>
<Point><coordinates>84.9738411,25.62896288,0</coordinates></Point>
</Placemark>
<Placemark>
<name>4G</name>
<Point><coordinates>85.26247921,25.50725318,0</coordinates></Point>
</Placemark>
<Placemark>
<name>5G</name>
<Point><coordinates>85.25874361,25.62000809,0</coordinates></Point>
</Placemark>
<Placemark>
<name>LTE</name>
<Point><coordinates>85.26637165,25.66669945,0</coordinates></Point>
</Placemark>
<Placemark>
<name>3G</name>
<Point><coordinates>85.12762215,25.43520804,0</coordinates></Point>
</Placemark>
<Placemark>
<name>5G</name>
<Point><coordinates>85.19353156,25.48467646,0</coordinates></Point>
</Placemark>
<Placemark>
<name>3G</name>
<Point><coordinates>85.17813725,25.52949113,0</coordinates></Point>
</Placemark>
<Placemark>
<name>4G</name>
<Point><coordinates>85.10898509,25.49303334,0</coordinates></Point>
</Placemark>
<Placemark>
<name>LTE</name>
<Point><coordinates>85.18678281,25.55963772,0</coordinates></Point>
</Placemark>
<Placemark>
<name>LTE</name>
<Point><coordinates>85.21629495,25.52643057,0</coordinates></Point>
</Placemark>
<Placemark>
<name>LTE</name>
<Point><coordinates>85.01746649,25.52186412,0</coordinates></Point>
</Placemark>
<Placemark>
<name>5G</name>
<Point><coordinates>85.15066991,25.42575046,0</coordinates></Point>
</Placemark>
<Placemark>
<name>3G</name>
<Point><coordinates>85.14753257,25.50115769,0</coordinates></Point>
</Placemark>
<Placemark>
<name>5G</name>
<Point><coordinates>85.1712115,25.62074392,0</coordinates></Point>
</Placemark>
<Placemark>
<name>LTE</name>
<Point><coordinates>85.21149994,25.50924795,0</coordinates></Point>
</Placemark>
<Placemark>
<name>LTE</name>
<Point><coordinates>85.10896976,25.4366969,0</coordinates></Point>
</Placemark>
<Placemark>
<name>3G</name>
<Point><coordinates>85.05231231,25.68166495,0</coordinates></Point>
</Placemark>
<Placemark>
<name>LTE</name>
<Point><coordinates>85.08732007,25.72148877,0</coordinates></Point>
</Placemark>
<Placemark>
<name>LTE</name>
<Point><coordinates>85.05294253,25.47614441,0</coordinates></Point>
</Placemark>
<Placemark>
<name>5G</name>
<Point><coordinates>85.15850644,25.44006222,0</coordinates></Point>
</Placemark>
<Placemark>
<name>3G</name>
<Point><coordinates>85.11044774,25.46970319,0</coordinates></Point>
</Placemark>
<Placemark>
<name>5G</name>
<Point><coordinates>85.20944358,25.50280641,0</coordinates></Point>
</Placemark>
<Placemark>
<name>4G</name>
<Point><coordinates>85.08867837,25.7584758,0</coordinates></Point>
</Placemark>
<Placemark>
<name>4G</name>
<Point><coordinates>85.26272497,25.63347336,0</coordinates></Point>
</Placemark>
<Placemark>
<name>LTE</name>
<Point><coordinates>85.11135305,25.56187988,0</coordinates></Point>
</Placemark>
<Placemark>
<name>4G</name>
<Point><coordinates>85.1212449,25.70471282,0</coordinates></Point>
</Placemark>
<Placemark>
<name>4G</name>
<Point><coordinates>85.22213604,25.49713636,0</coordinates></Point>
</Placemark>
<Placemark>
<name>3G</name>
<Point><coordinates>85.19295785,25.68000158,0</coordinates></Point>
</Placemark>
<Placemark>
<name>3G</name>
<Point><coordinates>85.29118143,25.57817735,0</coordinates></Point>
</Placemark>
<Placemark>
<name>3G</name>
<Point><coordinates>85.27979072,25.60747684,0</coordinates></Point>
</Placemark>
<Placemark>
<name>3G</name>
<Point><coordinates>85.13883038,25.45568859,0</coordinates></Point>
</Placemark>
<Placemark>
<name>LTE</name>
<Point><coordinates>85.21198851,25.60197769,0</coordinates></Point>
</Placemark>
<Placemark>
<name>4G</name>
<Point><coordinates>85.19730552,25.65024143,0</coordinates></Point>
</Placemark>
<Placemark>
<name>LTE</name>
<Point><coordinates>85.12745306,25.63496034,0</coordinates></Point>
</Placemark>
<Placemark>
<name>4G</name>
<Point><coordinates>85.2456109,25.61180568,0</coordinates></Point>
</Placemark>
<Placemark>
<name>5G</name>
<Point><coordinates>85.10886941,25.60438422,0</coordinates></Point>
</Placemark>
<Placemark>
<name>3G</name>
<Point><coordinates>85.19927135,25.43932486,0</coordinates></Point>
</Placemark>
<Placemark>
<name>LTE</name>
<Point><coordinates>85.25800798,25.60557369,0</coordinates></Point>
</Placemark>
<Placemark>
<name>LTE</name>
<Point><coordinates>85.19223822,25.61294407,0</coordinates></Point>
</Placemark>
<Placemark>
<name>LTE</name>
<Point><coordinates>85.11125526,25.63643822,0</coordinates></Point>
</Placemark>
<Placemark>
<name>3G</name>
<Point><coordinates>85.02169193,25.61520177,0</coordinates></Point>
</Placemark>
<Placemark>
<name>4G</name>
<Point><coordinates>85.02495397,25.70475059,0</coordinates></Point>
</Placemark>
<Placemark>
<name>5G</name>
<Point><coordinates>84.97062417,25.53904769,0</coordinates></Point>
</Placemark>
<Placemark>
<name>LTE</name>
<Point><coordinates>85.10686952,25.70660315,0</coordinates></Point>
</Placemark>
<Placemark>
<name>LTE</name>
<Point><coordinates>84.99891484,25.70273711,0</coordinates></Point>
</Placemark>
<Placemark>
<name>4G</name>
<Point><coordinates>85.26307507,25.53170584,0</coordinates></Point>
</Placemark>
<Placemark>
<name>4G</name>
<Point><coordinates>85.13249399,25.69461211,0</coordinates></Point>
</Placemark>
<Placemark>
<name>4G</name>
<Point><coordinates>84.99131691,25.53200319,0</coordinates></Point>
</Placemark>
<Placemark>
<name>3G</name>
<Point><coordinates>85.25574149,25.56275032,0</coordinates></Point>
</Placemark>
<Placemark>
<name>3G</name>
<Point><coordinates>85.10592994,25.72111496,0</coordinates></Point>
</Placemark>
<Placemark>
<name>5G</name>
<Point><coordinates>85.08878385,25.54654221,0</coordinates></Point>
</Placemark>
<Placemark>
<name>4G</name>
<Point><coordinates>84.97194307,25.61927316,0</coordinates></Point>
</Placemark>
<Placemark>
<name>5G</name>
<Point><coordinates>85.2634829,25.71300502,0</coordinates></Point>
</Placemark>
<Placemark>
<name>LTE</name>
<Point><coordinates>85.28035294,25.66964847,0</coordinates></Point>
</Placemark>
<Placemark>
<name>5G</name>
<Point><coordinates>85.17926207,25.74321582,0</coordinates></Point>
</Placemark>
<Placemark>
<name>5G</name>
<Point><coordinates>85.04664512,25.66628483,0</coordinates></Point>
</Placemark>
<Placemark>
<name>3G</name>
<Point><coordinates>85.10568852,25.55117738,0</coordinates></Point>
</Placemark>
<Placemark>
<name>5G</name>
<Point><coordinates>85.13012993,25.50143174,0</coordinates></Point>
</Placemark>
<Placemark>
<name>4G</name>
<Point><coordinates>85.06305561,25.51316119,0</coordinates></Point>
</Placemark>
<Placemark>
<name>5G</name>
<Point><coordinates>85.14611983,25.70048607,0</coordinates></Point>
</Placemark>
<Placemark>
<name>LTE</name>
<Point><coordinates>85.10949191,25.52882544,0</coordinates></Point>
</Placemark>
<Placemark>
<name>LTE</name>
<Point><coordinates>85.06261971,25.70437785,0</coordinates></Point>
</Placemark>
<Placemark>
<name>5G</name>
<Point><coordinates>85.06198985,25.59596051,0</coordinates></Point>
</Placemark>
<Placemark>
<name>5G</name>
<Point><coordinates>85.27868594,25.60818324,0</coordinates></Point>
</Placemark>
<Placemark>
<name>3G</name>
<Point><coordinates>85.14982426,25.70129414,0</coordinates></Point>
</Placemark>
<Placemark>
<name>3G</name>
<Point><coordinates>85.02883293,25.50773367,0</coordinates></Point>
</Placemark>
<Placemark>
<name>LTE</name>
<Point><coordinates>85.19579805,25.72520658,0</coordinates></Point>
</Placemark>
<Placemark>
<name>4G</name>
<Point><coordinates>85.07091009,25.56852331,0</coordinates></Point>
</Placemark>
<Placemark>
<name>3G</name>
<Point><coordinates>85.1780376,25.75612923,0</coordinates></Point>
</Placemark>
<Placemark>
<name>5G</name>
<Point><coordinates>85.02176538,25.51264578,0</coordinates></Point>
</Placemark>
<Placemark>
<name>5G</name>
<Point><coordinates>85.0462337,25.64624972,0</coordinates></Point>
</Placemark>
<Placemark>
<name>3G</name>
<Point><coordinates>85.1084384,25.68721456,0</coordinates></Point>
</Placemark>
<Placemark>
<name>LTE</name>
<Point><coordinates>85.1229356,25.52475414,0</coordinates></Point>
</Placemark>
<Placemark>
<name>3G</name>
<Point><coordinates>85.02456017,25.60234624,0</coordinates></Point>
</Placemark>
<Placemark>
<name>3G</name>
<Point><coordinates>85.12178286,25.74463126,0</coordinates></Point>
</Placemark>
<Placemark>
<name>LTE</name>
<Point><coordinates>85.22181711,25.65289204,0</coordinates></Point>
</Placemark>
<Placemark>
<name>3G</name>
<Point><coordinates>85.20327049,25.56329607,0</coordinates></Point>
</Placemark>
<Placemark>
<name>5G</name>
<Point><coordinates>85.12977863,25.42086265,0</coordinates></Point>
</Placemark>
<Placemark>
<name>LTE</name>
<Point><coordinates>85.02785112,25.45762999,0</coordinates></Point>
</Placemark>
<Placemark>
<name>3G</name>
<Point><coordinates>85.2447184,25.69750747,0</coordinates></Point>
</Placemark>
<Placemark>
<name>3G</name>
<Point><coordinates>85.06987173,25.73246932,0</coordinates></Point>
</Placemark>
<Placemark>
<name>5G</name>
<Point><coordinates>85.22653538,25.62629764,0</coordinates></Point>
</Placemark>
<Placemark>
<name>4G</name>
<Point><coordinates>84.99596103,25.54833999,0</coordinates></Point>
</Placemark>
<Placemark>
<name>5G</name>
<Point><coordinates>85.2033102,25.61921839,0</coordinates></Point>
</Placemark>
<Placemark>
<name>LTE</name>
<Point><coordinates>85.10944604,25.46456127,0</coordinates></Point>
</Placemark>
<Placemark>
<name>5G</name>
<Point><coordinates>85.11828606,25.69990842,0</coordinates></Point>
</Placemark>
<Placemark>
<name>LTE</name>
<Point><coordinates>85.15256765,25.48458696,0</coordinates></Point>
</Placemark>
<Placemark>
<name>4G</name>
<Point><coordinates>85.2121962,25.47003349,0</coordinates></Point>
</Placemark>
<Placemark>
<name>5G</name>
<Point><coordinates>85.19457848,25.4809869,0</coordinates></Point>
</Placemark>
<Placemark>
<name>5G</name>
<Point><coordinates>85.26156689,25.47547431,0</coordinates></Point>
</Placemark>
<Placemark>
<name>3G</name>
<Point><coordinates>85.20469919,25.51337367,0</coordinates></Point>
</Placemark>
<Placemark>
<name>5G</name>
<Point><coordinates>85.07411669,25.54328,0</coordinates></Point>
</Placemark>
<Placemark>
<name>5G</name>
<Point><coordinates>85.09503969,25.45822208,0</coordinates></Point>
</Placemark>
<Placemark>
<name>LTE</name>
<Point><coordinates>85.06590447,25.70312382,0</coordinates></Point>
</Placemark>
<Placemark>
<name>5G</name>
<Point><coordinates>85.28493056,25.63427766,0</coordinates></Point>
</Placemark>
<Placemark>
<name>4G</name>
<Point><coordinates>85.27314991,25.47978639,0</coordinates></Point>
</Placemark>
<Placemark>
<name>LTE</name>
<Point><coordinates>85.11456332,25.49266246,0</coordinates></Point>
</Placemark>
<Placemark>
<name>LTE</name>
<Point><coordinates>85.09751482,25.48932743,0</coordinates></Point>
</Placemark>
<Placemark>
<name>3G</name>
<Point><coordinates>85.1016265,25.62623378,0</coordinates></Point>
</Placemark>
<Placemark>
<name>LTE</name>
<Point><coordinates>85.02167344,25.7270634,0</coordinates></Point>
</Placemark>
<Placemark>
<name>5G</name>
<Point><coordinates>85.04356834,25.51340391,0</coordinates></Point>
</Placemark>
<Placemark>
<name>5G</name>
<Point><coordinates>85.01545862,25.63952441,0</coordinates></Point>
</Placemark>
<Placemark>
<name>3G</name>
<Point><coordinates>85.08669276,25.47067076,0</coordinates></Point>
</Placemark>
<Placemark>
<name>5G</name>
<Point><coordinates>85.22870175,25.58999257,0</coordinates></Point>
</Placemark>
<Placemark>
<name>5G</name>
<Point><coordinates>85.20653847,25.71405655,0</coordinates></Point>
</Placemark>
<Placemark>
<name>5G</name>
<Point><coordinates>85.14494156,25.70669142,0</coordinates></Point>
</Placemark>
<Placemark>
<name>LTE</name>
<Point><coordinates>85.05038363,25.67438343,0</coordinates></Point>
</Placemark>
<Placemark>
<name>5G</name>
<Point><coordinates>85.26805009,25.53243412,0</coordinates></Point>
</Placemark>
<Placemark>
<name>4G</name>
<Point><coordinates>85.04688502,25.47760929,0</coordinates></Point>
</Placemark>
<Placemark>
<name>LTE</name>
<Point><coordinates>85.17970372,25.66399344,0</coordinates></Point>
</Placemark>
<Placemark>
<name>4G</name>
<Point><coordinates>85.22558389,25.53837569,0</coordinates></Point>
</Placemark>
<Placemark>
<name>LTE</name>
<Point><coordinates>85.22446501,25.71747089,0</coordinates></Point>
</Placemark>
<Placemark>
<name>3G</name>
<Point><coordinates>84.97444525,25.62395409,0</coordinates></Point>
</Placemark>
<Placemark>
<name>4G</name>
<Point><coordinates>85.08119081,25.64867929,0</coordinates></Point>
</Placemark>
<Placemark>
<name>LTE</name>
<Point><coordinates>85.13063108,25.58878617,0</coordinates></Point>
</Placemark>
<Placemark>
<name>4G</name>
<Point><coordinates>85.3041081,25.63531369,0</coordinates></Point>
</Placemark>
<Placemark>
<name>LTE</name>
<Point><coordinates>85.02946534,25.50880158,0</coordinates></Point>
</Placemark>
<Placemark>
<name>5G</name>
<Point><coordinates>85.1965048,25.49005743,0</coordinates></Point>
</Placemark>
<Placemark>
<name>4G</name>
<Point><coordinates>84.97558905,25.62084428,0</coordinates></Point>
</Placemark>
<Placemark>
<name>4G</name>
<Point><coordinates>85.03087221,25.57451434,0</coordinates></Point>
</Placemark>
<Placemark>
<name>3G</name>
<Point><coordinates>85.16044112,25.60479401,0</coordinates></Point>
</Placemark>
<Placemark>
<name>LTE</name>
<Point><coordinates>85.00451022,25.56980307,0</coordinates></Point>
</Placemark>
<Placemark>
<name>4G</name>
<Point><coordinates>85.13339035,25.53551896,0</coordinates></Point>
</Placemark>
<Placemark>
<name>LTE</name>
<Point><coordinates>85.16693766,25.50859139,0</coordinates></Point>
</Placemark>
<Placemark>
<name>5G</name>
<Point><coordinates>85.12823342,25.58786857,0</coordinates></Point>
</Placemark>
<Placemark>
<name>3G</name>
<Point><coordinates>85.01993089,25.55110324,0</coordinates></Point>
</Placemark>
<Placemark>
<name>LTE</name>
<Point><coordinates>85.24433363,25.59383203,0</coordinates></Point>
</Placemark>
<Placemark>
<name>LTE</name>
<Point><coordinates>85.22057195,25.56372567,0</coordinates></Point>
</Placemark>
<Placemark>
<name>3G</name>
<Point><coordinates>85.2945761,25.51872144,0</coordinates></Point>
</Placemark>
<Placemark>
<name>LTE</name>
<Point><coordinates>85.02020202,25.70846518,0</coordinates></Point>
</Placemark>
<Placemark>
<name>5G</name>
<Point><coordinates>85.05949432,25.45221264,0</coordinates></Point>
</Placemark>
<Placemark>
<name>3G</name>
<Point><coordinates>84.9579363,25.59244045,0</coordinates></Point>
</Placemark>
<Placemark>
<name>4G</name>
<Point><coordinates>85.16396505,25.60045463,0</coordinates></Point>
</Placemark>
<Placemark>
<name>3G</name>
<Point><coordinates>85.16071452,25.72147588,0</coordinates></Point>
</Placemark>
<Placemark>
<name>5G</name>
<Point><coordinates>85.04417308,25.68795843,0</coordinates></Point>
</Placemark>
<Placemark>
<name>4G</name>
<Point><coordinates>85.05871097,25.53960842,0</coordinates></Point>
</Placemark>
<Placemark>
<name>LTE</name>
<Point><coordinates>85.12378724,25.77143298,0</coordinates></Point>
</Placemark>
<Placemark>
<name>LTE</name>
<Point><coordinates>85.1710831,25.57323458,0</coordinates></Point>
</Placemark>
<Placemark>
<name>5G</name>
<Point><coordinates>85.29590986,25.65232843,0</coordinates></Point>
</Placemark>
<Placemark>
<name>4G</name>
<Point><coordinates>85.06305014,25.68093402,0</coordinates></Point>
</Placemark>
<Placemark>
<name>3G</name>
<Point><coordinates>85.23654308,25.5108886,0</coordinates></Point>
</Placemark>
<Placemark>
<name>4G</name>
<Point><coordinates>85.16775097,25.43820943,0</coordinates></Point>
</Placemark>
<Placemark>
<name>3G</name>
<Point><coordinates>85.12259858,25.663244,0</coordinates></Point>
</Placemark>
<Placemark>
<name>4G</name>
<Point><coordinates>85.25846012,25.66701725,0</coordinates></Point>
</Placemark>
<Placemark>
<name>3G</name>
<Point><coordinates>85.20047081,25.71742352,0</coordinates></Point>
</Placemark>
<Placemark>
<name>4G</name>
<Point><coordinates>85.13955819,25.7625539,0</coordinates></Point>
</Placemark>
<Placemark>
<name>5G</name>
<Point><coordinates>85.08769799,25.73363173,0</coordinates></Point>
</Placemark>
<Placemark>
<name>3G</name>
<Point><coordinates>85.00260496,25.68314477,0</coordinates></Point>
</Placemark>
<Placemark>
<name>5G</name>
<Point><coordinates>85.17554596,25.50418593,0</coordinates></Point>
</Placemark>
<Placemark>
<name>4G</name>
<Point><coordinates>85.01979345,25.54915923,0</coordinates></Point>
</Placemark>
<Placemark>
<name>5G</name>
<Point><coordinates>85.05281314,25.57371835,0</coordinates></Point>
</Placemark>
<Placemark>
<name>5G</name>
<Point><coordinates>85.09065542,25.64201516,0</coordinates></Point>
</Placemark>
<Placemark>
<name>3G</name>
<Point><coordinates>85.26151032,25.63544302,0</coordinates></Point>
</Placemark>
<Placemark>
<name>4G</name>
<Point><coordinates>84.98851361,25.49849436,0</coordinates></Point>
</Placemark>
<Placemark>
<name>LTE</name>
<Point><coordinates>85.10629406,25.63605166,0</coordinates></Point>
</Placemark>
<Placemark>
<name>5G</name>
<Point><coordinates>85.15344741,25.53836821,0</coordinates></Point>
</Placemark>
<Placemark>
<name>4G</name>
<Point><coordinates>85.11063278,25.59163018,0</coordinates></Point>
</Placemark>
<Placemark>
<name>5G</name>
<Point><coordinates>85.2214355,25.69677668,0</coordinates></Point>
</Placemark>
<Placemark>
<name>3G</name>
<Point><coordinates>85.09772048,25.71525275,0</coordinates></Point>
</Placemark>
<Placemark>
<name>LTE</name>
<Point><coordinates>85.05546864,25.52904368,0</coordinates></Point>
</Placemark>
<Placemark>
<name>5G</name>
<Point><coordinates>85.23803664,25.4807814,0</coordinates></Point>
</Placemark>
<Placemark>
<name>3G</name>
<Point><coordinates>85.05636704,25.52158939,0</coordinates></Point>
</Placemark>
<Placemark>
<name>4G</name>
<Point><coordinates>85.13211268,25.46766993,0</coordinates></Point>
</Placemark>
<Placemark>
<name>5G</name>
<Point><coordinates>85.0659045,25.63283619,0</coordinates></Point>
</Placemark>
<Placemark>
<name>5G</name>
<Point><coordinates>85.24200196,25.54436435,0</coordinates></Point>
</Placemark>
<Placemark>
<name>5G</name>
<Point><coordinates>85.22169176,25.52316209,0</coordinates></Point>
</Placemark>
<Placemark>
<name>5G</name>
<Point><coordinates>85.27933772,25.69168022,0</coordinates></Point>
</Placemark>
<Placemark>
<name>3G</name>
<Point><coordinates>85.10535148,25.70228701,0</coordinates></Point>
</Placemark>
<Placemark>
<name>LTE</name>
<Point><coordinates>85.07462967,25.68022623,0</coordinates></Point>
</Placemark>
<Placemark>
<name>LTE</name>
<Point><coordinates>84.9930187,25.56509696,0</coordinates></Point>
</Placemark>
<Placemark>
<name>3G</name>
<Point><coordinates>85.23913388,25.54527544,0</coordinates></Point>
</Placemark>
<Placemark>
<name>LTE</name>
<Point><coordinates>85.03962916,25.48261991,0</coordinates></Point>
</Placemark>
<Placemark>
<name>5G</name>
<Point><coordinates>85.1087881,25.7039427,0</coordinates></Point>
</Placemark>
<Placemark>
<name>LTE</name>
<Point><coordinates>85.04897911,25.52765134,0</coordinates></Point>
</Placemark>
<Placemark>
<name>LTE</name>
<Point><coordinates>85.13024148,25.68747086,0</coordinates></Point>
</Placemark>
<Placemark>
<name>3G</name>
<Point><coordinates>85.01126593,25.63190568,0</coordinates></Point>
</Placemark>
<Placemark>
<name>3G</name>
<Point><coordinates>85.25546684,25.51527332,0</coordinates></Point>
</Placemark>
<Placemark>
<name>5G</name>
<Point><coordinates>85.1988861,25.66247681,0</coordinates></Point>
</Placemark>
<Placemark>
<name>5G</name>
<Point><coordinates>85.26133037,25.57874892,0</coordinates></Point>
</Placemark>
<Placemark>
<name>5G</name>
<Point><coordinates>85.1392662,25.71689872,0</coordinates></Point>
</Placemark>
<Placemark>
<name>LTE</name>
<Point><coordinates>85.14459218,25.41506718,0</coordinates></Point>
</Placemark>
<Placemark>
<name>3G</name>
<Point><coordinates>85.06150028,25.51062813,0</coordinates></Point>
</Placemark>
<Placemark>
<name>4G</name>
<Point><coordinates>84.96826607,25.57024595,0</coordinates></Point>
</Placemark>
<Placemark>
<name>4G</name>
<Point><coordinates>85.21617058,25.71298596,0</coordinates></Point>
</Placemark>
<Placemark>
<name>3G</name>
<Point><coordinates>85.12810753,25.69177909,0</coordinates></Point>
</Placemark>
<Placemark>
<name>5G</name>
<Point><coordinates>85.05649486,25.73084958,0</coordinates></Point>
</Placemark>
<Placemark>
<name>5G</name>
<Point><coordinates>85.18373184,25.43906282,0</coordinates></Point>
</Placemark>
<Placemark>
<name>LTE</name>
<Point><coordinates>85.16766103,25.53405151,0</coordinates></Point>
</Placemark>
<Placemark>
<name>4G</name>
<Point><coordinates>85.15505927,25.57380825,0</coordinates></Point>
</Placemark>
<Placemark>
<name>5G</name>
<Point><coordinates>85.14654625,25.76300363,0</coordinates></Point>
</Placemark>
<Placemark>
<name>5G</name>
<Point><coordinates>85.03224147,25.70780525,0</coordinates></Point>
</Placemark>
<Placemark>
<name>3G</name>
<Point><coordinates>85.17611422,25.66400165,0</coordinates></Point>
</Placemark>
<Placemark>
<name>LTE</name>
<Point><coordinates>85.11126642,25.73571393,0</coordinates></Point>
</Placemark>
<Placemark>
<name>3G</name>
<Point><coordinates>85.13007536,25.47968666,0</coordinates></Point>
</Placemark>
<Placemark>
<name>LTE</name>
<Point><coordinates>85.25867525,25.61630387,0</coordinates></Point>
</Placemark>
<Placemark>
<name>4G</name>
<Point><coordinates>85.26653128,25.69325446,0</coordinates></Point>
</Placemark>
<Placemark>
<name>3G</name>
<Point><coordinates>85.27582746,25.66695665,0</coordinates></Point>
</Placemark>
<Placemark>
<name>3G</name>
<Point><coordinates>85.14386933,25.51699298,0</coordinates></Point>
</Placemark>
<Placemark>
<name>LTE</name>
<Point><coordinates>85.009869,25.68169425,0</coordinates></Point>
</Placemark>
<Placemark>
<name>5G</name>
<Point><coordinates>85.00006772,25.67075928,0</coordinates></Point>
</Placemark>
<Placemark>
<name>LTE</name>
<Point><coordinates>85.23252269,25.64094712,0</coordinates></Point>
</Placemark>
<Placemark>
<name>LTE</name>
<Point><coordinates>85.05221178,25.68712205,0</coordinates></Point>
</Placemark>
<Placemark>
<name>5G</name>
<Point><coordinates>85.15404248,25.49855486,0</coordinates></Point>
</Placemark>
<Placemark>
<name>5G</name>
<Point><coordinates>85.20359073,25.54828395,0</coordinates></Point>
</Placemark>
<Placemark>
<name>LTE</name>
<Point><coordinates>85.04679009,25.70386717,0</coordinates></Point>
</Placemark>
<Placemark>
<name>LTE</name>
<Point><coordinates>85.12466821,25.7078053,0</coordinates></Point>
</Placemark>
<Placemark>
<name>4G</name>
<Point><coordinates>85.11397274,25.64268984,0</coordinates></Point>
</Placemark>
<Placemark>
<name>4G</name>
<Point><coordinates>85.28322398,25.66015619,0</coordinates></Point>
</Placemark>
<Placemark>
<name>4G</name>
<Point><coordinates>85.17589956,25.64126222,0</coordinates></Point>
</Placemark>
<Placemark>
<name>LTE</name>
<Point><coordinates>85.05481794,25.48436811,0</coordinates></Point>
</Placemark>
<Placemark>
<name>3G</name>
<Point><coordinates>84.98271336,25.54550008,0</coordinates></Point>
</Placemark>
<Placemark>
<name>3G</name>
<Point><coordinates>85.17439084,25.7651903,0</coordinates></Point>
</Placemark>
<Placemark>
<name>5G</name>
<Point><coordinates>85.2723189,25.53360084,0</coordinates></Point>
</Placemark>
<Placemark>
<name>3G</name>
<Point><coordinates>85.26410082,25.51481211,0</coordinates></Point>
</Placemark>
<Placemark>
<name>LTE</name>
<Point><coordinates>85.13640233,25.50359606,0</coordinates></Point>
</Placemark>
<Placemark>
<name>3G</name>
<Point><coordinates>85.2404568,25.68655514,0</coordinates></Point>
</Placemark>
<Placemark>
<name>3G</name>
<Point><coordinates>85.15570139,25.76149603,0</coordinates></Point>
</Placemark>
<Placemark>
<name>3G</name>
<Point><coordinates>85.14919172,25.43866243,0</coordinates></Point>
</Placemark>
<Placemark>
<name>4G</name>
<Point><coordinates>85.17136443,25.65313108,0</coordinates></Point>
</Placemark>
<Placemark>
<name>5G</name>
<Point><coordinates>85.10247475,25.7604402,0</coordinates></Point>
</Placemark>
<Placemark>
<name>LTE</name>
<Point><coordinates>85.08368486,25.52837736,0</coordinates></Point>
</Placemark>
<Placemark>
<name>4G</name>
<Point><coordinates>85.08884478,25.57785609,0</coordinates></Point>
</Placemark>
<Placemark>
<name>4G</name>
<Point><coordinates>85.1304785,25.6280312,0</coordinates></Point>
</Placemark>
<Placemark>
<name>3G</name>
<Point><coordinates>84.99783165,25.61007816,0</coordinates></Point>
</Placemark>
<Placemark>
<name>4G</name>
<Point><coordinates>85.15378159,25.66001182,0</coordinates></Point>
</Placemark>
<Placemark>
<name>3G</name>
<Point><coordinates>85.22097724,25.72412908,0</coordinates></Point>
</Placemark>
<Placemark>
<name>LTE</name>
<Point><coordinates>85.31340738,25.56979806,0</coordinates></Point>
</Placemark>
<Placemark>
<name>3G</name>
<Point><coordinates>85.05238536,25.51925239,0</coordinates></Point>
</Placemark>
<Placemark>
<name>LTE</name>
<Point><coordinates>85.21284482,25.59362295,0</coordinates></Point>
</Placemark>
<Placemark>
<name>4G</name>
<Point><coordinates>85.07732773,25.43894605,0</coordinates></Point>
</Placemark>
<Placemark>
<name>LTE</name>
<Point><coordinates>85.19179168,25.51025507,0</coordinates></Point>
</Placemark>
<Placemark>
<name>4G</name>
<Point><coordinates>85.21382848,25.72926628,0</coordinates></Point>
</Placemark>
<Placemark>
<name>5G</name>
<Point><coordinates>85.22553701,25.60015431,0</coordinates></Point>
</Placemark>
<Placemark>
<name>5G</name>
<Point><coordinates>85.24814412,25.68981076,0</coordinates></Point>
</Placemark>
<Placemark>
<name>3G</name>
<Point><coordinates>84.99746658,25.63338986,0</coordinates></Point>
</Placemark>
<Placemark>
<name>4G</name>
<Point><coordinates>85.01477318,25.47867521,0</coordinates></Point>
</Placemark>
<Placemark>
<name>3G</name>
<Point><coordinates>85.28634643,25.54459984,0</coordinates></Point>
</Placemark>
<Placemark>
<name>4G</name>
<Point><coordinates>84.98890821,25.55565308,0</coordinates></Point>
</Placemark>
<Placemark>
<name>3G</name>
<Point><coordinates>85.19380893,25.47394899,0</coordinates></Point>
</Placemark>
<Placemark>
<name>3G</name>
<Point><coordinates>85.01188006,25.71117157,0</coordinates></Point>
</Placemark>
<Placemark>
<name>5G</name>
<Point><coordinates>85.05662075,25.50228825,0</coordinates></Point>
</Placemark>
<Placemark>
<name>3G</name>
<Point><coordinates>84.96564284,25.54992939,0</coordinates></Point>
</Placemark>
<Placemark>
<name>3G</name>
<Point><coordinates>85.04398876,25.49891009,0</coordinates></Point>
</Placemark>
<Placemark>
<name>LTE</name>
<Point><coordinates>85.15498122,25.50959285,0</coordinates></Point>
</Placemark>
<Placemark>
<name>LTE</name>
<Point><coordinates>85.19481829,25.66595573,0</coordinates></Point>
</Placemark>
<Placemark>
<name>LTE</name>
<Point><coordinates>85.04667953,25.5985874,0</coordinates></Point>
</Placemark>
<Placemark>
<name>5G</name>
<Point><coordinates>85.10905721,25.50867171,0</coordinates></Point>
</Placemark>
<Placemark>
<name>5G</name>
<Point><coordinates>85.20800737,25.64773752,0</coordinates></Point>
</Placemark>
<Placemark>
<name>LTE</name>
<Point><coordinates>85.07172937,25.52011221,0</coordinates></Point>
</Placemark>
<Placemark>
<name>LTE</name>
<Point><coordinates>85.1540159,25.55072595,0</coordinates></Point>
</Placemark>
<Placemark>
<name>LTE</name>
<Point><coordinates>85.03705181,25.5917701,0</coordinates></Point>
</Placemark>
<Placemark>
<name>LTE</name>
<Point><coordinates>85.0661047,25.47488982,0</coordinates></Point>
</Placemark>
<Placemark>
<name>LTE</name>
<Point><coordinates>85.17140219,25.53735327,0</coordinates></Point>
</Placemark>
<Placemark>
<name>4G</name>
<Point><coordinates>85.01778698,25.55309224,0</coordinates></Point>
</Placemark>
<Placemark>
<name>3G</name>
<Point><coordinates>85.02785118,25.50200501,0</coordinates></Point>
</Placemark>
<Placemark>
<name>3G</name>
<Point><coordinates>85.06340102,25.69123845,0</coordinates></Point>
</Placemark>
<Placemark>
<name>LTE</name>
<Point><coordinates>85.18512061,25.6463751,0</coordinates></Point>
</Placemark>
<Placemark>
<name>LTE</name>
<Point><coordinates>85.07689002,25.70176109,0</coordinates></Point>
</Placemark>
<Placemark>
<name>LTE</name>
<Point><coordinates>85.084362,25.457679,0</coordinates></Point>
</Placemark>
<Placemark>
<name>5G</name>
<Point><coordinates>85.20952267,25.4307316,0</coordinates></Point>
</Placemark>
<Placemark>
<name>LTE</name>
<Point><coordinates>85.17736504,25.70700745,0</coordinates></Point>
</Placemark>
<Placemark>
<name>LTE</name>
<Point><coordinates>85.23478003,25.59143133,0</coordinates></Point>
</Placemark>
<Placemark>
<name>4G</name>
<Point><coordinates>85.28220635,25.60099454,0</coordinates></Point>
</Placemark>
<Placemark>
<name>4G</name>
<Point><coordinates>85.07060079,25.52049716,0</coordinates></Point>
</Placemark>
<Placemark>
<name>3G</name>
<Point><coordinates>85.02819463,25.46877877,0</coordinates></Point>
</Placemark>
<Placemark>
<name>3G</name>
<Point><coordinates>85.16116284,25.68799436,0</coordinates></Point>
</Placemark>
<Placemark>
<name>4G</name>
<Point><coordinates>85.24800569,25.53277338,0</coordinates></Point>
</Placemark>
<Placemark>
<name>5G</name>
<Point><coordinates>85.28550403,25.59465702,0</coordinates></Point>
</Placemark>
<Placemark>
<name>LTE</name>
<Point><coordinates>85.27308459,25.5940225,0</coordinates></Point>
</Placemark>
<Placemark>
<name>3G</name>
<Point><coordinates>85.09148347,25.46452615,0</coordinates></Point>
</Placemark>
<Placemark>
<name>LTE</name>
<Point><coordinates>85.08498375,25.52199323,0</coordinates></Point>
</Placemark>
<Placemark>
<name>3G</name>
<Point><coordinates>85.28820871,25.5500713,0</coordinates></Point>
</Placemark>
<Placemark>
<name>4G</name>
<Point><coordinates>85.10663644,25.70348898,0</coordinates></Point>
</Placemark>
<Placemark>
<name>4G</name>
<Point><coordinates>84.98792388,25.5717218,0</coordinates></Point>
</Placemark>
<Placemark>
<name>LTE</name>
<Point><coordinates>85.10950182,25.75890745,0</coordinates></Point>
</Placemark>
<Placemark>
<name>5G</name>
<Point><coordinates>85.13146094,25.58226674,0</coordinates></Point>
</Placemark>
<Placemark>
<name>5G</name>
<Point><coordinates>85.12193349,25.76177552,0</coordinates></Point>
</Placemark>
<Placemark>
<name>5G</name>
<Point><coordinates>85.03746687,25.4772296,0</coordinates></Point>
</Placemark>
<Placemark>
<name>5G</name>
<Point><coordinates>85.22957763,25.48651319,0</coordinates></Point>
</Placemark>
<Placemark>
<name>5G</name>
<Point><coordinates>84.99762545,25.5175887,0</coordinates></Point>
</Placemark>
<Placemark>
<name>5G</name>
<Point><coordinates>85.24950699,25.67330833,0</coordinates></Point>
</Placemark>
<Placemark>
<name>5G</name>
<Point><coordinates>85.10885549,25.74303789,0</coordinates></Point>
</Placemark>
<Placemark>
<name>5G</name>
<Point><coordinates>85.05755242,25.51134986,0</coordinates></Point>
</Placemark>
<Placemark>
<name>3G</name>
<Point><coordinates>85.00268794,25.62111172,0</coordinates></Point>
</Placemark>
<Placemark>
<name>5G</name>
<Point><coordinates>85.17508278,25.66713654,0</coordinates></Point>
</Placemark>
<Placemark>
<name>5G</name>
<Point><coordinates>85.16731711,25.52548448,0</coordinates></Point>
</Placemark>
<Placemark>
<name>5G</name>
<Point><coordinates>85.15226808,25.7171756,0</coordinates></Point>
</Placemark>
<Placemark>
<name>3G</name>
<Point><coordinates>85.13398595,25.55480737,0</coordinates></Point>
</Placemark>
<Placemark>
<name>4G</name>
<Point><coordinates>85.26145467,25.50747996,0</coordinates></Point>
</Placemark>
<Placemark>
<name>5G</name>
<Point><coordinates>85.2532434,25.53887334,0</coordinates></Point>
</Placemark>
<Placemark>
<name>4G</name>
<Point><coordinates>85.21029523,25.52486875,0</coordinates></Point>
</Placemark>
<Placemark>
<name>4G</name>
<Point><coordinates>85.2130983,25.72245505,0</coordinates></Point>
</Placemark>
<Placemark>
<name>3G</name>
<Point><coordinates>85.21146942,25.4488813,0</coordinates></Point>
</Placemark>
<Placemark>
<name>LTE</name>
<Point><coordinates>85.13814925,25.46153641,0</coordinates></Point>
</Placemark>
<Placemark>
<name>3G</name>
<Point><coordinates>84.98308723,25.59839269,0</coordinates></Point>
</Placemark>
<Placemark>
<name>4G</name>
<Point><coordinates>85.02067374,25.62832191,0</coordinates></Point>
</Placemark>
<Placemark>
<name>4G</name>
<Point><coordinates>85.30883115,25.55350459,0</coordinates></Point>
</Placemark>
<Placemark>
<name>3G</name>
<Point><coordinates>85.16833358,25.54233192,0</coordinates></Point>
</Placemark>
<Placemark>
<name>LTE</name>
<Point><coordinates>85.04985796,25.58520257,0</coordinates></Point>
</Placemark>
<Placemark>
<name>3G</name>
<Point><coordinates>85.18272017,25.73183763,0</coordinates></Point>
</Placemark>
<Placemark>
<name>4G</name>
<Point><coordinates>85.02319757,25.67844996,0</coordinates></Point>
</Placemark>
<Placemark>
<name>LTE</name>
<Point><coordinates>85.21542843,25.72253498,0</coordinates></Point>
</Placemark>
<Placemark>
<name>4G</name>
<Point><coordinates>85.13657955,25.68406117,0</coordinates></Point>
</Placemark>
<Placemark>
<name>5G</name>
<Point><coordinates>85.13955778,25.76909517,0</coordinates></Point>
</Placemark>
<Placemark>
<name>3G</name>
<Point><coordinates>85.14215159,25.66552966,0</coordinates></Point>
</Placemark>
<Placemark>
<name>LTE</name>
<Point><coordinates>85.12781947,25.6341657,0</coordinates></Point>
</Placemark>
<Placemark>
<name>4G</name>
<Point><coordinates>85.22049878,25.58444868,0</coordinates></Point>
</Placemark>
<Placemark>
<name>3G</name>
<Point><coordinates>85.11035583,25.71753722,0</coordinates></Point>
</Placemark>
<Placemark>
<name>3G</name>
<Point><coordinates>85.1757662,25.60260893,0</coordinates></Point>
</Placemark>
<Placemark>
<name>4G</name>
<Point><coordinates>85.27222412,25.68012197,0</coordinates></Point>
</Placemark>
<Placemark>
<name>4G</name>
<Point><coordinates>85.22176459,25.7068199,0</coordinates></Point>
</Placemark>
<Placemark>
<name>5G</name>
<Point><coordinates>85.27561591,25.68388632,0</coordinates></Point>
</Placemark>
<Placemark>
<name>LTE</name>
<Point><coordinates>85.12127908,25.56483065,0</coordinates></Point>
</Placemark>
<Placemark>
<name>5G</name>
<Point><coordinates>85.16050383,25.57253067,0</coordinates></Point>
</Placemark>
<Placemark>
<name>4G</name>
<Point><coordinates>85.22694961,25.58212413,0</coordinates></Point>
</Placemark>
<Placemark>
<name>4G</name>
<Point><coordinates>84.96724853,25.54958853,0</coordinates></Point>
</Placemark>
<Placemark>
<name>LTE</name>
<Point><coordinates>85.09290245,25.48982933,0</coordinates></Point>
</Placemark>
<Placemark>
<name>LTE</name>
<Point><coordinates>85.05966703,25.75496722,0</coordinates></Point>
</Placemark>
<Placemark>
<name>3G</name>
<Point><coordinates>85.103986,25.54601498,0</coordinates></Point>
</Placemark>
<Placemark>
<name>4G</name>
<Point><coordinates>85.04557581,25.6101813,0</coordinates></Point>
</Placemark>
<Placemark>
<name>LTE</name>
<Point><coordinates>85.28814846,25.52320499,0</coordinates></Point>
</Placemark>
<Placemark>
<name>4G</name>
<Point><coordinates>85.09765141,25.71395529,0</coordinates></Point>
</Placemark>
<Placemark>
<name>4G</name>
<Point><coordinates>85.01855204,25.5270399,0</coordinates></Point>
</Placemark>
<Placemark>
<name>LTE</name>
<Point><coordinates>85.01890089,25.62096506,0</coordinates></Point>
</Placemark>
<Placemark>
<name>4G</name>
<Point><coordinates>85.00947905,25.57025738,0</coordinates></Point>
</Placemark>
<Placemark>
<name>3G</name>
<Point><coordinates>85.27920819,25.56741226,0</coordinates></Point>
</Placemark>
<Placemark>
<name>LTE</name>
<Point><coordinates>85.12577903,25.68989813,0</coordinates></Point>
</Placemark>
<Placemark>
<name>LTE</name>
<Point><coordinates>85.0490384,25.62615443,0</coordinates></Point>
</Placemark>
<Placemark>
<name>LTE</name>
<Point><coordinates>85.11858509,25.730682,0</coordinates></Point>
</Placemark>
<Placemark>
<name>4G</name>
<Point><coordinates>85.19668314,25.58228163,0</coordinates></Point>
</Placemark>
<Placemark>
<name>5G</name>
<Point><coordinates>85.20402135,25.70588687,0</coordinates></Point>
</Placemark>
<Placemark>
<name>3G</name>
<Point><coordinates>85.13967755,25.4796648,0</coordinates></Point>
</Placemark>
<Placemark>
<name>LTE</name>
<Point><coordinates>85.06570451,25.71795317,0</coordinates></Point>
</Placemark>
<Placemark>
<name>3G</name>
<Point><coordinates>84.97646232,25.63427358,0</coordinates></Point>
</Placemark>
<Placemark>
<name>5G</name>
<Point><coordinates>85.14663246,25.45813347,0</coordinates></Point>
</Placemark>
<Placemark>
<name>4G</name>
<Point><coordinates>85.18572541,25.69694258,0</coordinates></Point>
</Placemark>
<Placemark>
<name>5G</name>
<Point><coordinates>85.06038667,25.73774166,0</coordinates></Point>
</Placemark>
<Placemark>
<name>4G</name>
<Point><coordinates>85.17731448,25.70233589,0</coordinates></Point>
</Placemark>
<Placemark>
<name>4G</name>
<Point><coordinates>84.963635,25.57778194,0</coordinates></Point>
</Placemark>
<Placemark>
<name>LTE</name>
<Point><coordinates>85.04428618,25.48215543,0</coordinates></Point>
</Placemark>
<Placemark>
<name>3G</name>
<Point><coordinates>85.12073531,25.70128978,0</coordinates></Point>
</Placemark>
<Placemark>
<name>4G</name>
<Point><coordinates>85.00682153,25.6383773,0</coordinates></Point>
</Placemark>
<Placemark>
<name>3G</name>
<Point><coordinates>85.24681195,25.48978578,0</coordinates></Point>
</Placemark>
<Placemark>
<name>LTE</name>
<Point><coordinates>85.08087352,25.63745934,0</coordinates></Point>
</Placemark>
<Placemark>
<name>3G</name>
<Point><coordinates>85.23451233,25.72778594,0</coordinates></Point>
</Placemark>
<Placemark>
<name>4G</name>
<Point><coordinates>85.18208609,25.53143447,0</coordinates></Point>
</Placemark>
<Placemark>
<name>LTE</name>
<Point><coordinates>85.07249831,25.48763014,0</coordinates></Point>
</Placemark>
<Placemark>
<name>5G</name>
<Point><coordinates>85.11451085,25.61149823,0</coordinates></Point>
</Placemark>
<Placemark>
<name>LTE</name>
<Point><coordinates>85.31163198,25.63412851,0</coordinates></Point>
</Placemark>
<Placemark>
<name>4G</name>
<Point><coordinates>85.06525654,25.45488194,0</coordinates></Point>
</Placemark>
<Placemark>
<name>4G</name>
<Point><coordinates>85.20478597,25.60150952,0</coordinates></Point>
</Placemark>
<Placemark>
<name>3G</name>
<Point><coordinates>85.1555075,25.5103781,0</coordinates></Point>
</Placemark>
<Placemark>
<name>3G</name>
<Point><coordinates>85.12222118,25.46680977,0</coordinates></Point>
</Placemark>
<Placemark>
<name>3G</name>
<Point><coordinates>85.20195737,25.45280449,0</coordinates></Point>
</Placemark>
<Placemark>
<name>3G</name>
<Point><coordinates>85.08051474,25.55293755,0</coordinates></Point>
</Placemark>
<Placemark>
<name>3G</name>
<Point><coordinates>85.10594636,25.44249723,0</coordinates></Point>
</Placemark>
<Placemark>
<name>3G</name>
<Point><coordinates>85.10539826,25.75727455,0</coordinates></Point>
</Placemark>
<Placemark>
<name>4G</name>
<Point><coordinates>85.09431941,25.70948226,0</coordinates></Point>
</Placemark>
<Placemark>
<name>3G</name>
<Point><coordinates>85.04021756,25.56973955,0</coordinates></Point>
</Placemark>
<Placemark>
<name>3G</name>
<Point><coordinates>84.99769833,25.62068247,0</coordinates></Point>
</Placemark>
<Placemark>
<name>5G</name>
<Point><coordinates>84.99636987,25.67900395,0</coordinates></Point>
</Placemark>
<Placemark>
<name>5G</name>
<Point><coordinates>85.23046589,25.5374353,0</coordinates></Point>
</Placemark>
<Placemark>
<name>3G</name>
<Point><coordinates>85.17518398,25.4807162,0</coordinates></Point>
</Placemark>
<Placemark>
<name>4G</name>
<Point><coordinates>85.1654655,25.68296963,0</coordinates></Point>
</Placemark>
<Placemark>
<name>3G</name>
<Point><coordinates>85.20083658,25.70134265,0</coordinates></Point>
</Placemark>
<Placemark>
<name>4G</name>
<Point><coordinates>85.26479569,25.69011712,0</coordinates></Point>
</Placemark>
<Placemark>
<name>5G</name>
<Point><coordinates>85.19458522,25.59097496,0</coordinates></Point>
</Placemark>
<Placemark>
<name>5G</name>
<Point><coordinates>85.29498157,25.62516879,0</coordinates></Point>
</Placemark>
<Placemark>
<name>5G</name>
<Point><coordinates>85.07083331,25.45160352,0</coordinates></Point>
</Placemark>
<Placemark>
<name>4G</name>
<Point><coordinates>85.08546194,25.67978857,0</coordinates></Point>
</Placemark>
<Placemark>
<name>5G</name>
<Point><coordinates>85.25949278,25.6572714,0</coordinates></Point>
</Placemark>
<Placemark>
<name>4G</name>
<Point><coordinates>85.21667145,25.44408967,0</coordinates></Point>
</Placemark>
<Placemark>
<name>4G</name>
<Point><coordinates>85.1027181,25.62973836,0</coordinates></Point>
</Placemark>
<Placemark>
<name>LTE</name>
<Point><coordinates>85.05364476,25.59279361,0</coordinates></Point>
</Placemark>
<Placemark>
<name>3G</name>
<Point><coordinates>85.13167365,25.4639243,0</coordinates></Point>
</Placemark>
<Placemark>
<name>3G</name>
<Point><coordinates>85.26049953,25.64132814,0</coordinates></Point>
</Placemark>
<Placemark>
<name>3G</name>
<Point><coordinates>85.19457623,25.54685036,0</coordinates></Point>
</Placemark>
<Placemark>
<name>5G</name>
<Point><coordinates>85.01927945,25.60432993,0</coordinates></Point>
</Placemark>
<Placemark>
<name>LTE</name>
<Point><coordinates>85.10555078,25.62062719,0</coordinates></Point>
</Placemark>
<Placemark>
<name>3G</name>
<Point><coordinates>85.25152647,25.62906876,0</coordinates></Point>
</Placemark>
<Placemark>
<name>3G</name>
<Point><coordinates>85.05151364,25.64145641,0</coordinates></Point>
</Placemark>
<Placemark>
<name>4G</name>
<Point><coordinates>84.97534337,25.58974983,0</coordinates></Point>
</Placemark>
<Placemark>
<name>5G</name>
<Point><coordinates>85.19608246,25.44756901,0</coordinates></Point>
</Placemark>
<Placemark>
<name>5G</name>
<Point><coordinates>85.0253535,25.57137771,0</coordinates></Point>
</Placemark>
<Placemark>
<name>3G</name>
<Point><coordinates>85.01882152,25.7096719,0</coordinates></Point>
</Placemark>
<Placemark>
<name>4G</name>
<Point><coordinates>85.25852719,25.48716927,0</coordinates></Point>
</Placemark>
<Placemark>
<name>5G</name>
<Point><coordinates>85.02348983,25.61002471,0</coordinates></Point>
</Placemark>
<Placemark>
<name>4G</name>
<Point><coordinates>85.18120076,25.72343029,0</coordinates></Point>
</Placemark>
<Placemark>
<name>3G</name>
<Point><coordinates>85.25404033,25.65906334,0</coordinates></Point>
</Placemark>
<Placemark>
<name>4G</name>
<Point><coordinates>85.25768996,25.53898603,0</coordinates></Point>
</Placemark>
<Placemark>
<name>LTE</name>
<Point><coordinates>85.17488591,25.72043739,0</coordinates></Point>
</Placemark>
<Placemark>
<name>LTE</name>
<Point><coordinates>84.99832242,25.49132854,0</coordinates></Point>
</Placemark>
<Placemark>
<name>3G</name>
<Point><coordinates>84.99620241,25.49111541,0</coordinates></Point>
</Placemark>
<Placemark>
<name>3G</name>
<Point><coordinates>85.13083784,25.50232074,0</coordinates></Point>
</Placemark>
<Placemark>
<name>LTE</name>
<Point><coordinates>85.25820556,25.48955192,0</coordinates></Point>
</Placemark>
<Placemark>
<name>4G</name>
<Point><coordinates>85.22284421,25.56803681,0</coordinates></Point>
</Placemark>
<Placemark>
<name>5G</name>
<Point><coordinates>85.17762818,25.4306005,0</coordinates></Point>
</Placemark>
<Placemark>
<name>3G</name>
<Point><coordinates>85.06414507,25.68784221,0</coordinates></Point>
</Placemark>
<Placemark>
<name>5G</name>
<Point><coordinates>85.05504911,25.44388575,0</coordinates></Point>
</Placemark>
<Placemark>
<name>5G</name>
<Point><coordinates>85.13667774,25.76239253,0</coordinates></Point>
</Placemark>
<Placemark>
<name>4G</name>
<Point><coordinates>84.98722761,25.62495885,0</coordinates></Point>
</Placemark>
<Placemark>
<name>4G</name>
<Point><coordinates>85.19986721,25.51080513,0</coordinates></Point>
</Placemark>
<Placemark>
<name>5G</name>
<Point><coordinates>85.11806921,25.64459363,0</coordinates></Point>
</Placemark>
<Placemark>
<name>LTE</name>
<Point><coordinates>85.22503775,25.70120662,0</coordinates></Point>
</Placemark>
<Placemark>
<name>3G</name>
<Point><coordinates>85.20582326,25.68241383,0</coordinates></Point>
</Placemark>
<Placemark>
<name>5G</name>
<Point><coordinates>85.27008594,25.70680117,0</coordinates></Point>
</Placemark>
<Placemark>
<name>LTE</name>
<Point><coordinates>85.30380995,25.59404945,0</coordinates></Point>
</Placemark>
<Placemark>
<name>4G</name>
<Point><coordinates>85.15320348,25.64046997,0</coordinates></Point>
</Placemark>
<Placemark>
<name>3G</name>
<Point><coordinates>85.16629501,25.61605684,0</coordinates></Point>
</Placemark>
<Placemark>
<name>LTE</name>
<Point><coordinates>85.29726949,25.51318431,0</coordinates></Point>
</Placemark>
<Placemark>
<name>4G</name>
<Point><coordinates>85.26474976,25.49010353,0</coordinates></Point>
</Placemark>
<Placemark>
<name>LTE</name>
<Point><coordinates>85.11221707,25.70673192,0</coordinates></Point>
</Placemark>
<Placemark>
<name>3G</name>
<Point><coordinates>85.12772201,25.67223832,0</coordinates></Point>
</Placemark>
<Placemark>
<name>LTE</name>
<Point><coordinates>85.26221796,25.70606446,0</coordinates></Point>
</Placemark>
<Placemark>
<name>5G</name>
<Point><coordinates>85.25417632,25.66451226,0</coordinates></Point>
</Placemark>
<Placemark>
<name>3G</name>
<Point><coordinates>85.1661795,25.4546414,0</coordinates></Point>
</Placemark>
<Placemark>
<name>3G</name>
<Point><coordinates>85.0201337,25.57091422,0</coordinates></Point>
</Placemark>
<Placemark>
<name>3G</name>
<Point><coordinates>85.06676657,25.51554399,0</coordinates></Point>
</Placemark>
<Placemark>
<name>4G</name>
<Point><coordinates>85.03606423,25.64208742,0</coordinates></Point>
</Placemark>
<Placemark>
<name>3G</name>
<Point><coordinates>85.07557957,25.47447927,0</coordinates></Point>
</Placemark>
<Placemark>
<name>4G</name>
<Point><coordinates>85.12961086,25.54284586,0</coordinates></Point>
</Placemark>
<Placemark>
<name>LTE</name>
<Point><coordinates>85.23336536,25.7246242,0</coordinates></Point>
</Placemark>
<Placemark>
<name>5G</name>
<Point><coordinates>85.03003625,25.57401951,0</coordinates></Point>
</Placemark>
<Placemark>
<name>3G</name>
<Point><coordinates>85.18315514,25.61932524,0</coordinates></Point>
</Placemark>
<Placemark>
<name>LTE</name>
<Point><coordinates>85.26465477,25.68251579,0</coordinates></Point>
</Placemark>
</Document>
</kml>