Network Type,Latitude,Longitude
3G,25.59910862,85.1373547
4G,25.43328559,85.07005348
LTE,25.49880889,85.2113714
5G,25.73513844,85.20839952
5G,25.53855564,85.15985987
LTE,25.64070078,85.01413424
4G,25.76633295,85.0961902
LTE,25.64010416,85.03386136
LTE,25.58570486,85.30570388
3G,25.56449947,85.08860677
4G,25.59368406,85.28094254
LTE,25.72900221,85.12084335
4G,25.55560936,85.26554176
4G,25.6246223,85.14489697
3G,25.69898134,85.19394132
5G,25.68217001,85.19489755
3G,25.47077801,85.10644997
5G,25.65077154,85.14411689
5G,25.47373674,85.07538848
LTE,25.51604846,84.98010977
4G,25.70425662,85.01557056
5G,25.69145718,85.07264033
LTE,25.53501143,85.2578581
LTE,25.50170262,85.0840042
3G,25.57327876,85.15804183
5G,25.60091056,84.98462894
5G,25.74431176,85.23083312
3G,25.43893442,85.17811927
LTE,25.42684606,85.12153953
3G,25.62679951,85.04888047
5G,25.47641965,85.11313913
4G,25.52823026,85.05166311
LTE,25.70536483,85.11599116
LTE,25.6548263,85.16314568
LTE,25.45603305,85.06782614
LTE,25.48690592,85.10751143
3G,25.70627418,85.02788749
4G,25.65835235,85.09594129
4G,25.63581647,85.15962772
4G,25.53358947,85.22432964
3G,25.64658703,85.13656904
LTE,25.75144497,85.08219492
LTE,25.66522971,85.18889829
LTE,25.5007208,85.07809673
LTE,25.62822156,85.07984583
4G,25.45839977,85.23059474
5G,25.59165725,85.16923764
3G,25.64130468,85.11060159
5G,25.76176493,85.07611511
4G,25.65671208,85.19681774
4G,25.48793891,85.28235232
4G,25.62345373,85.28280417
LTE,25.62730572,85.1284644
3G,25.64360237,85.09598789
LTE,25.42838935,85.14265496
5G,25.42204582,85.17552553
5G,25.58070625,85.20059391
3G,25.490983,85.23012025
5G,25.51040384,85.01525476
LTE,25.55015522,85.29186456
5G,25.47666514,85.22804933
3G,25.74072996,85.22124668
LTE,25.6843019,85.09870188
LTE,25.70800837,85.16965724
4G,25.4844918,85.06990191
4G,25.55048731,85.15577249
LTE,25.49604166,85.17029586
5G,25.56805733,85.10611863
3G,25.6745762,85.26870673
3G,25.54889205,85.06745431
5G,25.71690623,85.01917636
4G,25.7203341,85.09787672
3G,25.75485769,85.2015611
4G,25.71255761,85.23174342
4G,25.49095563,85.2733317
3G,25.58789406,85.28099218
LTE,25.61832403,84.96832891
LTE,25.44415655,85.170913
4G,25.50157771,85.04670764
4G,25.42183139,85.14088711
3G,25.43955091,85.0586534
LTE,25.47538118,85.18502597
LTE,25.5737956,85.08420981
4G,25.53678435,85.16977848
5G,25.54275654,85.06531043
3G,25.43272611,85.1893398
5G,25.53673129,85.21687169
LTE,25.51954989,85.29046675
4G,25.61433941,85.13663475
5G,25.6573561,84.99817029
3G,25.50161514,84.99668892
5G,25.65507162,85.22029899
LTE,25.51607436,85.04042659
5G,25.60835341,85.0949815
4G,25.46506129,85.06039746
LTE,25.54169399,85.17626392
5G,25.48291241,85.20709278
4G,25.6048948,85.20664528
5G,25.43246496,85.17892521
LTE,25.56349209,85.1834621
3G,25.53871436,85.08970743
4G,25.69621051,85.1357252
LTE,25.53727631,85.27106724
5G,25.71537935,85.23332479
5G,25.6292529,85.11166889
4G,25.75766443,85.11881244
3G,25.71478792,85.02029445
4G,25.61610915,85.11373098
LTE,25.60056943,85.2024887
3G,25.475462,85.15693454
3G,25.69079035,85.19651214
LTE,25.57481023,85.04163503
3G,25.46133584,85.21875694
3G,25.49687152,85.14617449
LTE,25.54463272,85.244696
4G,25.62302961,85.18821531
4G,25.5523205,85.10439583
LTE,25.62249227,85.07392712
3G,25.44630281,85.09027242
4G,25.68475962,85.03551551
LTE,25.72139463,85.07412697
LTE,25.60884073,84.99252394
LTE,25.57711757,85.07126743
LTE,25.49075348,85.07572064
3G,25.46761853,85.05339119
3G,25.71633659,85.08024013
LTE,25.69797652,85.10869081
5G,25.65793638,85.21149341
5G,25.73769711,85.08978857
3G,25.53560512,85.24075494
3G,25.65069761,85.09618269
3G,25.62182009,84.99856976
4G,25.53923593,84.99878318
LTE,25.70715135,85.22980767
LTE,25.52260743,85.14804998
3G,25.56363065,85.14127616
4G,25.49421789,85.08762015
5G,25.53242154,85.166575
LTE,25.61702364,84.98613606
3G,25.586653,84.9914685
5G,25.66923069,85.26897517
3G,25.69314647,85.02043053
LTE,25.60923078,85.11342237
LTE,25.43174356,85.13605401
4G,25.53897052,85.20788974
3G,25.63281464,85.26912925
5G,25.44939229,85.17667766
4G,25.48257977,85.02579244
5G,25.43681077,85.20681694
4G,25.47916056,85.05969481
3G,25.73810537,85.05274925
LTE,25.48146874,85.15943375
LTE,25.59412706,85.2376185
3G,25.52031318,84.98831235
4G,25.51962605,85.24684523
3G,25.47587389,85.07697723
5G,25.54749882,85.14520467
LTE,25.61896646,85.22953134
4G,25.57323007,85.01695688
LTE,25.61919915,85.2072815
5G,25.42305446,85.13000794
LTE,25.71550536,85.12481844
3G,25.6537666,84.99409718
3G,25.61447487,85.12582574
5G,25.60893643,85.24872236
3G,25.54539612,84.99640277
4G,25.54645826,85.02616324
3G,25.64974125,85.29733764
4G,25.49992392,85.10576754
LTE,25.69161328,85.26649775
3G,25.4817809,85.16762163
4G,25.66285138,85.05427522
3G,25.63396581,85.0860071
5G,25.68629623,85.1379785
5G,25.54764859,84.98664666
5G,25.64523208,84.96567173
3G,25.69640763,85.18276457
4G,25.58249756,84.96896589
LTE,25.59868649,85.21042248
LTE,25.49074027,85.26783589
LTE,25.72665706,85.07679802
LTE,25.59225498,84.97794601
3G,25.55583045,85.12319117
5G,25.50052969,85.06809442
3G,25.57762774,85.1728049
LTE,25.65779911,85.08227684
5G,25.47782498,85.18898669
4G,25.45844738,85.17756298
4G,25.65068522,85.14352068
LTE,25.56523602,85.05291983
5G,25.56104848,85.27593282
4G,25.52227387,85.25475595
3G,25.62761903,85.13543965
3G,25.7515171,85.17816427
3G,25.75317323,85.07911715
4G,25.49007193,85.15172022
4G,25.70930744,85.19127774
4G,25.70862172,85.25558347
5G,25.64505469,85.01405377
5G,25.66166779,85.21252472
5G,25.53557274,85.14555815
4G,25.57071459,85.06285923
5G,25.69627041,85.17957239
4G,25.50319604,85.12305089
LTE,25.6765687,85.24868357
4G,25.67234351,85.29643869
3G,25.52044021,85.04391314
5G,25.53131416,85.17466495
LTE,25.653167,85.04341277
LTE,25.68067989,85.18322428
5G,25.65571292,85.18143898
3G,25.62006755,85.29929909
LTE,25.7125437,85.27231838
3G,25.58464382,85.27220591
3G,25.58482694,85.04201283
5G,25.64533957,85.00856535
3G,25.73025499,85.15013303
3G,25.64866655,85.20199985
LTE,25.63452051,85.19464363
4G,25.50231827,85.02440174
4G,25.51663541,85.03678828
5G,25.62956354,85.31000594
5G,25.63199673,85.12822851
3G,25.48241938,85.156004
5G,25.68565177,85.13854558
4G,25.72938524,85.06081822
LTE,25.71859129,85.12732676
5G,25.52105481,85.11101683
4G,25.69587171,85.15094952
LTE,25.44708805,85.19005544
3G,25.53483578,85.18525238
3G,25.6679664,84.98145205
3G,25.64260948,85.04089393
3G,25.6093889,85.26924804
3G,25.54535381,85.28306169
3G,25.65402087,85.28988406
4G,25.70123556,85.1733532
3G,25.42592527,85.11091029
4G,25.4352509,85.05846036
5G,25.71106747,85.24621056
LTE,25.4735701,85.08596579
3G,25.65741399,85.285892
5G,25.62870047,85.14876107
LTE,25.65335282,85.15487566
3G,25.56624148,85.26371848
5G,25.69860048,85.21310322
LTE,25.60528619,84.96665853
3G,25.69010638,85.16058338
5G,25.76985366,85.17394049
4G,25.5883582,85.01792392
5G,25.58858282,85.12321281
5G,25.47851106,85.20385431
4G,25.55904619,85.1722803
3G,25.60028166,85.10866794
3G,25.58056139,85.30662411
5G,25.76020977,85.07745158
4G,25.64976309,85.23759977
5G,25.5854062,85.26493765
3G,25.76470395,85.09166246
LTE,25.5653394,85.21095434
LTE,25.75157778,85.21495084
LTE,25.4981268,85.25561885
4G,25.54999398,85.29336326
LTE,25.71690948,85.25981428
3G,25.73433962,85.22085695
4G,25.52115732,85.06778053
3G,25.57094068,84.98941155
3G,25.65693284,85.01435122
3G,25.68731584,85.17255208
4G,25.59132159,85.24139803
3G,25.5186701,85.28172475
4G,25.51163561,85.07588121
5G,25.64508765,85.20268872
5G,25.72947935,85.24054867
LTE,25.70751873,85.20640214
4G,25.64706088,85.07114984
LTE,25.5872451,85.29003343
LTE,25.74653298,85.04850096
4G,25.6569386,85.15993296
4G,25.45070622,85.22741368
4G,25.47361286,85.12390306
5G,25.50428534,85.24793068
LTE,25.43007368,85.18357234
3G,25.57608014,85.05041606
5G,25.60542938,85.25226034
LTE,25.52757338,85.12909721
5G,25.51818546,85.19300477
3G,25.58010823,85.27431766
5G,25.5532155,85.0976612
LTE,25.4233154,85.09864811
LTE,25.71817447,85.23543253
5G,25.56584139,85.26007586
5G,25.42238215,85.1445698
5G,25.63999506,85.00167559
3G,25.50346018,84.98289679
LTE,25.76286566,85.14822892
3G,25.64263428,85.06340286
5G,25.68594265,85.2698853
5G,25.50055808,85.18942268
4G,25.42768685,85.16611543
5G,25.63094643,85.06733574
5G,25.74338797,85.15808185
5G,25.68962874,85.18758458
4G,25.55689313,85.02811025
5G,25.62268217,85.05111964
4G,25.50686002,85.09987873
LTE,25.57056902,85.1690509
3G,25.50401868,85.14280714
4G,25.72701986,85.18041326
LTE,25.51594585,85.0300981
5G,25.45010619,85.22730183
LTE,25.61594175,85.05783832
4G,25.48562468,85.0312684
5G,25.63539055,85.23109727
3G,25.47645067,85.18620529
5G,25.69065577,85.22462849
4G,25.55452598,85.31034876
3G,25.52012702,85.16795686
4G,25.51707489,85.27362921
5G,25.55333947,85.04848521
LTE,25.52404785,85.02493455
4G,25.43781389,85.17811208
3G,25.74947034,85.13735747
5G,25.61380456,85.31394458
LTE,25.74985955,85.07447591
3G,25.74380351,85.18840603
4G,25.62532891,85.06029658
4G,25.65353989,85.2983263
4G,25.51672674,85.19931748
3G,25.64052933,85.30472282
3G,25.68123264,85.16733873
5G,25.71335929,85.0225333
5G,25.72580668,85.14150085
4G,25.66283928,85.20761588
3G,25.49306643,85.15518357
3G,25.61132924,84.97467615
LTE,25.61733805,85.30592481
5G,25.74705267,85.21960474
5G,25.5417107,85.09905342
LTE,25.63837358,85.16606327
3G,25.56531311,84.96302997
4G,25.65238063,85.24742124
4G,25.70433667,85.04779656
LTE,25.43318165,85.18080467
3G,25.46410256,85.08623377
LTE,25.60180511,85.01884206
3G,25.4966159,85.09787627
4G,25.57762335,85.30863416
4G,25.69325932,85.11472506
5G,25.70336698,85.05371235
LTE,25.68637785,85.14073127
5G,25.65565166,85.02512908
LTE,25.58339904,85.22390067
4G,25.44550824,85.13588182
4G,25.677273,85.25290546
LTE,25.54955274,85.07367354
LTE,25.74407381,85.09468126
4G,25.43447696,85.07736452
4G,25.59445866,85.28969939
4G,25.54029149,85.24009377
4G,25.64744509,85.06012008
5G,25.45546701,85.03180652
4G,25.4890381,85.10900019
3G,25.7597678,85.13508348
LTE,25.50974013,85.16594627
LTE,25.56768699,85.14617766
5G,25.63585172,85.0800862
5G,25.63248118,85.12171621
LTE,25.51102161,85.26154807
LTE,25.6446164,85.24056852
4G,25.66598032,85.2573019
4G,25.41869462,85.10660736
4G,25.51546853,85.19503272
5G,25.51838988,85.1822377
LTE,25.50146348,85.21192858
LTE,25.63167254,84.99225042
4G,25.72978799,85.02829634
3G,25.45057672,85.24310793
5G,25.55653983,85.05701556
5G,25.70061129,85.13641036
4G,25.66619545,85.00947668
3G,25.49467678,85.14838039
4G,25.7169131,85.22191722
4G,25.54766955,85.21448968
4G,25.70763449,85.09441979
4G,25.6936051,85.28038868
5G,25.47603077,85.11471307
5G,25.55091425,85.2570476
4G,25.62536323,85.01772502
4G,25.68100051,85.04497825
LTE,25.64731297,85.19728939
5G,25.65744955,85.20258947
4G,25.66990448,85.21417266
4G,25.64634303,84.98657915
LTE,25.64358867,85.09435627
5G,25.67986436,85.00512135
5G,25.75215733,85.06305216
LTE,25.66331606,84.9942152
LTE,25.61630625,85.17189022
5G,25.50676835,85.08435986
3G,25.70947532,85.0846616
5G,25.60653513,85.22724103
LTE,25.58573411,85.26974072
LTE,25.4762949,85.12258182
LTE,25.63031917,85.21612397
4G,25.56032596,84.99652508
5G,25.74043029,85.23692223
3G,25.56174003,85.09409821
5G,25.54455841,85.25291474
5G,25.64068464,84.98631795
4G,25.54357056,85.14140486
4G,25.47868748,85.16169646
5G,25.62850825,85.28599095
4G,25.57398097,85.17677901
LTE,25.75344074,85.14953396
3G,25.68953769,84.99759493
LTE,25.43306878,85.12721775
4G,25.66635239,85.1179975
LTE,25.6064602,85.05219172
LTE,25.58594984,85.29441456
LTE,25.71895726,85.26592936
3G,25.6303636,85.17440054
4G,25.69842962,85.01310239
4G,25.53426717,84.9873036
3G,25.68489122,85.04316114
4G,25.74662759,85.14328399
4G,25.75681561,85.12436429
5G,25.5247795,85.17261204
3G,25.53193543,84.9855437
5G,25.45746717,85.13920573
4G,25.49198499,85.0939423
LTE,25.46908957,85.12385233
4G,25.61531986,85.16071828
3G,25.70208786,85.16153601
3G,25.73674331,85.08451578
4G,25.57901368,85.26640062
3G,25.67801675,85.232527
5G,25.75697233,85.17067319
LTE,25.68170412,84.98233645
LTE,25.556836,85.16383489
LTE,25.65067419,85.11007572
5G,25.5320964,85.15614141
LTE,25.70287995,85.09681753
LTE,25.61359765,85.17869916
4G,25.66584345,85.11038782
LTE,25.68389856,85.02374276
LTE,25.63553581,84.98173026
3G,25.47771952,85.1004765
3G,25.66452629,85.24463564
5G,25.57050083,85.06315727
3G,25.52121617,85.23156731
LTE,25.66528929,85.09740425
5G,25.45317933,85.16977666
3G,25.59190072,85.22136499
3G,25.71981037,85.19803622
5G,25.46584441,85.05975618
4G,25.64405496,85.21276849
4G,25.66936364,85.2764504
LTE,25.7017303,85.18949406
4G,25.4691416,85.13677765
5G,25.67213846,85.05491065
5G,25.48985085,85.20133094
3G,25.66874613,85.13883463
3G,25.58351104,85.29585314
5G,25.48108776,85.16854592
5G,25.5097032,85.00987994
4G,25.50922418,85.20534861
3G,25.42091987,85.17472122
3G,25.53809659,85.06188137
5G,25.65151629,84.9952432
4G,25.52604532,85.02168063
LTE,25.62285235,85.2680366
LTE,25.66652193,85.15161506
5G,25.67978259,85.13928079
LTE,25.63936926,85.215481
5G,25.50645413,85.20762923
LTE,25.55940715,85.05467298
LTE,25.66849847,85.15107651
5G,25.52375325,85.06885978
LTE,25.59920904,85.25840495
LTE,25.60946755,85.22182433
5G,25.68391842,85.15812072
LTE,25.50559979,85.04885806
4G,25.63907092,85.02498837
LTE,25.51448727,85.21625814
3G,25.55099205,85.22706581
3G,25.74343605,85.10425059
LTE,25.56890332,85.29950018
3G,25.53102985,85.00332896
LTE,25.69227671,85.08798706
5G,25.64739481,84.9926676
LTE,25.62068692,85.02386775
LTE,25.6181291,85.30381419
LTE,25.48468647,85.05127067
LTE,25.71423046,85.00694367
3G,25.62922196,84.98140884
5G,25.53887609,85.21765174
LTE,25.63357962,85.13785359
5G,25.47713955,85.08066589
LTE,25.60241384,85.11008948
3G,25.5219982,85.04226151
3G,25.51182395,85.27516495
5G,25.48718035,85.10755867
4G,25.76280576,85.11248849
LTE,25.54280043,84.97907839
4G,25.72074919,85.14277135
3G,25.47822123,85.14851312
3G,25.59440947,85.14805458
4G,25.45138662,85.19467735
4G,25.64833722,85.04289269
LTE,25.51555895,85.21867973
4G,25.71422472,85.14923409
4G,25.45729077,85.16151059
3G,25.62418295,85.19517846
4G,25.62491919,85.08412352
4G,25.5033628,85.13378297
3G,25.53894129,85.15579236
LTE,25.49990836,85.16838448
5G,25.67945684,85.23079595
4G,25.5745871,85.04542587
4G,25.57570257,85.119813
4G,25.67965812,85.28410939
LTE,25.6162662,85.23347495
5G,25.67826667,85.24010462
5G,25.61227631,85.10991319
4G,25.6512648,85.23685929
LTE,25.46850153,85.1117151
LTE,25.58629034,84.98868772
4G,25.50249018,85.02453909
4G,25.48909749,85.17392946
5G,25.53391393,85.29006092
3G,25.72079492,85.05204255
LTE,25.7111494,85.09222425
LTE,25.72945665,85.05775259
5G,25.52770627,85.17097415
LTE,25.51927644,85.08757221
LTE,25.48081743,85.01115141
3G,25.57661628,85.07211139
4G,25.74169767,85.15539635
3G,25.53763362,85.16081029
5G,25.59816465,85.24709448
LTE,25.49926923,85.14871199
3G,25.45188615,85.14770864
5G,25.65807968,85.02348067
3G,25.72422988,85.03800095
5G,25.61563932,85.16154177
4G,25.53093525,85.23254467
4G,25.69453101,85.16476631
3G,25.60692017,85.07684554
LTE,25.67692873,85.01058926
4G,25.55197335,85.08174181
3G,25.58686686,85.28784486
LTE,25.60043464,85.10990058
3G,25.49370329,85.03892203
3G,25.60742013,84.96285676
4G,25.66598519,85.08906939
LTE,25.49272638,85.1607508
3G,25.66673019,85.20673886
4G,25.56179727,84.99701493
3G,25.42299798,85.12764955
LTE,25.65057057,85.29530231
LTE,25.6775598,85.22941632
LTE,25.4932748,85.07656696
3G,25.48805587,85.19042848
4G,25.66099437,85.01208797
5G,25.59365258,85.13538789
LTE,25.76984896,85.13268262
5G,25.65758045,85.05749349
4G,25.66153416,85.21519907
5G,25.476962,85.25791559
4G,25.77019042,85.12244485
4G,25.74196626,85.05089287
LTE,25.62104593,85.21517189
5G,25.5115477,85.0286439
4G,25.60400464,85.1772481
LTE,25.71061168,85.11402691
LTE,25.50826529,84.98085264
LTE,25.60918027,85.15353862
3G,25.68443653,85.02958865
5G,25.73880893,85.06251885
3G,25.70253675,85.00952503
LTE,25.43557371,85.15208695
5G,25.70572972,85.20108069
5G,25.6326416,85.07493359
4G,25.70890186,85.12921048
3G,25.63819093,85.24533436
5G,25.61615642,85.19166075
LTE,25.69074287,85.26266389
5G,25.70008193,85.06147915
5G,25.59070641,85.0514093
3G,25.55382037,85.011013
LTE,25.61351387,85.30822213
LTE,25.59982508,85.06324831
4G,25.45851528,85.13181771
5G,25.55235958,85.16665035
3G,25.50335398,85.20688212
4G,25.53616968,85.30691229
3G,25.49335144,85.22327029
LTE,25.49181447,85.22775927
3G,25.53847843,85.20591029
3G,25.60709925,84.99017191
3G,25.6323066,85.09275137
3G,25.59149649,85.30688514
4G,25.56642335,84.98398473
3G,25.66808895,85.14729733
3G,25.56550505,85.1255764
4G,25.52112298,85.00991541
5G,25.47816447,85.03652906
5G,25.43215792,85.15697233
3G,25.5287492,85.11589705
5G,25.65093998,85.06336465
LTE,25.63463282,85.08404537
3G,25.58856463,85.18545991
4G,25.67129757,85.08108679
4G,25.52625468,85.07910599
5G,25.65655056,85.08217265
4G,25.50652387,85.13580016
LTE,25.66331912,85.15255959
5G,25.51191389,85.1028799
LTE,25.47499385,85.26922107
4G,25.60667398,85.05175985
4G,25.59696818,85.08112768
3G,25.60190595,85.11464931
LTE,25.51187668,85.23473338
5G,25.46007693,85.02566065
5G,25.46651762,85.08545155
3G,25.6860998,84.98760272
LTE,25.71360067,85.05567677
4G,25.58647597,85.19655248
4G,25.67478814,85.05145827
4G,25.68058716,85.24684264
3G,25.51324569,85.11876284
LTE,25.58076228,85.01952186
5G,25.52421122,85.22590351
5G,25.54489944,85.2980894
4G,25.62177648,85.18164767
5G,25.4973651,85.2467614
5G,25.56837858,85.28901789
4G,25.72678992,85.05674093
4G,25.46688659,85.06649099
5G,25.60592263,85.285611
LTE,25.51451497,85.27681323
3G,25.43608694,85.22148253
5G,25.67885856,85.03430184
5G,25.62244423,85.12502107
4G,25.65012646,85.18123508
3G,25.41838279,85.10008117
LTE,25.73649115,85.03784688
LTE,25.46182906,85.09760131
4G,25.42875696,85.07391274
5G,25.54878333,85.30648121
LTE,25.59264581,85.01513413
4G,25.71430781,85.2192181
5G,25.57200625,85.24550804
4G,25.56764673,85.22451914
4G,25.63096615,85.01956936
LTE,25.50206352,85.07161979
LTE,25.52956243,85.16983193
4G,25.4906711,85.13732495
4G,25.56080679,85.06344514
3G,25.46244652,85.06283374
3G,25.57776983,85.11502715
5G,25.54901175,85.15971833
4G,25.53517342,85.00098003
5G,25.60359164,85.16772608
4G,25.617833,85.2270925
LTE,25.60977967,85.00232023
4G,25.42891404,85.14597219
LTE,25.54784419,85.08682908
4G,25.43170641,85.20793998
3G,25.69231943,85.17887742
4G,25.55181176,85.18265141
3G,25.52686725,85.28018596
5G,25.74198009,85.07056972
5G,25.54976539,85.14057649
3G,25.59414771,85.20868908
5G,25.7472555,85.06388557
LTE,25.54015058,85.30473996
LTE,25.54256739,84.98312196
3G,25.75612339,85.14216367
5G,25.57299858,85.00909284
LTE,25.44029637,85.17890116
4G,25.66761448,85.06539418
3G,25.62734869,85.07668929
LTE,25.45231861,85.04316478
LTE,25.60756469,85.02756571
3G,25.4988955,85.27091796
5G,25.67744895,85.08168443
LTE,25.63520146,85.29659665
3G,25.60191794,84.96409822
LTE,25.48203294,85.07380706
LTE,25.52535813,85.1077746
5G,25.49819633,85.18041196
3G,25.65572448,85.19314747
LTE,25.52789721,85.19887623
4G,25.60923087,85.00738102
4G,25.49341674,85.11467469
5G,25.60871173,85.07975597
3G,25.71090287,85.0677369
3G,25.56421283,85.04835053
LTE,25.4492647,85.20863188
3G,25.61400211,85.26108972
4G,25.44395717,85.10091129
LTE,25.51712064,84.99333575
3G,25.64136924,85.0030103
5G,25.48237798,85.21941576
LTE,25.67638718,85.21895856
3G,25.52506533,84.9796177
4G,25.50428455,85.10779496
4G,25.46485726,85.25006319
LTE,25.53936928,85.03265861
LTE,25.48453652,85.00853246
4G,25.72696394,85.13523985
LTE,25.53921078,84.97570315
5G,25.76009589,85.10947424
LTE,25.61942013,85.06282516
LTE,25.5162933,85.10975797
4G,25.46752701,85.18234075
LTE,25.58311392,85.24216985
3G,25.5891876,85.02789488
LTE,25.63654316,85.02022173
5G,25.62965591,84.97848179
3G,25.67651184,85.03513089
LTE,25.70617256,85.13633092
4G,25.5164049,85.07281461
4G,25.69857013,85.11339733
LTE,25.52531964,85.11644587
3G,25.6339339,85.12103044
LTE,25.46442201,85.23813567
3G,25.58007172,85.04621975
LTE,25.69573679,85.14618065
5G,25.5934772,85.31110249
LTE,25.43471632,85.06839355
5G,25.7687484,85.14993367
3G,25.4760098,85.26953363
3G,25.65481744,84.99746904
3G,25.50342078,84.98899046
LTE,25.43259348,85.10153449
3G,25.5902952,84.98262115
4G,25.63038365,85.29397301
4G,25.45630017,85.23972553
LTE,25.6460517,85.16812434
LTE,25.66285015,85.0322292
5G,25.67730645,85.1041699
LTE,25.50312714,85.2244486
5G,25.49387442,85.06728808
5G,25.60145152,85.16704182
4G,25.59888136,85.05398401
3G,25.73667887,85.10359423
5G,25.72309971,85.05672592
3G,25.6821857,85.099539
3G,25.7121931,85.05098002
4G,25.58824736,85.08941671
5G,25.5924436,85.25263196
4G,25.65719718,85.24162167
4G,25.54602236,85.03498562
5G,25.69563983,85.15489579
5G,25.59305934,85.2122559
LTE,25.4725369,85.10819645
3G,25.55472946,85.07768757
LTE,25.76510827,85.0937298
5G,25.59007931,84.98702088
5G,25.59203417,85.17221181
5G,25.5244017,85.07901293
5G,25.55990446,85.30901391
5G,25.45441129,85.08179723
3G,25.73900304,85.04251513
4G,25.691932,85.28467794
4G,25.68052319,85.0208633
4G,25.51460628,84.97745566
LTE,25.48005983,85.19298181
5G,25.45121536,85.08607189
LTE,25.57896891,84.95888283
5G,25.49467913,85.04854805
4G,25.4685894,85.21131454
5G,25.74328665,85.15922471
5G,25.57307378,85.12889855
3G,25.51951108,85.20900082
4G,25.47274044,85.06084424
4G,25.48438883,85.13361161
4G,25.7159353,85.08864848
3G,25.63126913,85.18857385
5G,25.70029285,85.05160602
4G,25.66908129,85.21037091
LTE,25.57920754,85.16894731
LTE,25.69647398,85.12815484
4G,25.66166927,85.23760977
5G,25.48111764,85.1854776
LTE,25.6285048,85.2761225
3G,25.57579909,85.27162414
LTE,25.76196533,85.07967458
5G,25.62345639,85.02860931
4G,25.57279932,84.97438808
LTE,25.58736345,85.01312499
3G,25.72334111,85.18192794
3G,25.71436695,85.02020182
4G,25.51192191,85.12332504
LTE,25.42835517,85.1228036
5G,25.73210472,85.20324919
5G,25.67085533,85.08100376
3G,25.6678022,85.00727232
5G,25.73015421,85.08214979
3G,25.50071298,85.08157474
5G,25.67977541,85.1735456
3G,25.7497437,85.07533242
4G,25.61410038,85.2562755
5G,25.58959067,85.15253883
5G,25.54338705,85.29232152
LTE,25.65549507,85.05716692
3G,25.71059857,85.06789867
3G,25.57779553,85.12891842
5G,25.63058568,85.12728911
4G,25.57998039,85.13813368
3G,25.43243103,85.06972262
LTE,25.62598917,85.0007823
4G,25.54919096,85.24587618
4G,25.53680433,85.17653966
3G,25.69913547,85.1581344
4G,25.61277318,85.02488738
5G,25.48367372,85.15007577
4G,25.59351108,84.98565225
LTE,25.48620506,85.15317877
3G,25.68611602,85.25629296
LTE,25.58736983,85.2974118
3G,25.5423626,85.25171204
4G,25.48071332,85.0277437
4G,25.71061464,85.18776349
5G,25.59620518,85.08999169
3G,25.4394983,85.09514487
3G,25.49943991,85.21746122
LTE,25.69000147,85.19489503
3G,25.58242793,84.9636577
LTE,25.69633872,85.06930095
3G,25.59673258,85.11730005
LTE,25.43812623,85.05020835
LTE,25.75601377,85.16804709
4G,25.66198795,85.01495254
5G,25.61894203,85.10648802
4G,25.66112897,85.09355272
LTE,25.7564074,85.09031597
3G,25.53306558,85.10283911
LTE,25.65861881,85.2662829
3G,25.56284482,85.2316853
5G,25.55775451,85.29709689
3G,25.42741445,85.17253079
3G,25.72949932,85.04935714
3G,25.62465131,85.28636246
3G,25.49564035,85.03757383
3G,25.63310028,85.15956422
LTE,25.53973045,85.2570612
4G,25.7064982,85.085705
5G,25.47792354,85.08101327
4G,25.44040061,85.10680888
5G,25.72635866,85.19427942
5G,25.54315892,84.99149534
LTE,25.51262471,85.28618351
4G,25.58184847,84.98764186
LTE,25.76161471,85.13539938
LTE,25.7104182,85.08685728
LTE,25.65852254,85.15488719
3G,25.63933353,85.23636018
3G,25.62478755,85.08513161
3G,25.59581927,85.02087086
5G,25.57596665,84.97846691
4G,25.65982221,85.12530031
3G,25.54238257,85.04162957
3G,25.50988017,85.08214293
3G,25.60400028,85.03861747
3G,25.52370857,85.00658383
3G,25.48778084,85.16414934
3G,25.66266232,85.05373761
3G,25.46400556,85.22191568
5G,25.5894379,85.25618962
LTE,25.55160237,85.2537343
4G,25.52761806,85.22536966
3G,25.61215328,85.2096325
LTE,25.57321231,85.30124961
LTE,25.61617005,85.07717606
5G,25.47353935,85.16202942
5G,25.58262059,85.02850381
5G,25.43380277,85.17864645
4G,25.68086923,85.10224076
LTE,25.60146478,84.9821937
LTE,25.65228729,85.281722
5G,25.42394051,85.10437721
LTE,25.49926111,85.17562145
5G,25.62364185,84.96435722
5G,25.70814781,85.24540819
3G,25.49603489,85.21092574
5G,25.6469588,85.3077847
LTE,25.42097892,85.1375322
4G,25.51351627,85.08872746
5G,25.69622481,85.15631656
LTE,25.67472626,85.15720402
LTE,25.66310935,85.07285847
5G,25.67876718,85.2721588
4G,25.64681377,85.22263134
3G,25.42285755,85.15865237
5G,25.72044731,85.13338312
LTE,25.72312568,85.25083111
5G,25.68476318,85.24867213
3G,25.54814212,85.2334783
5G,25.62550317,85.24481866
3G,25.46664852,85.12465254
5G,25.51797529,85.13262063
5G,25.52804628,85.17920936
5G,25.63895289,84.97359575
5G,25.48617776,85.11034189
LTE,25.44775674,85.22730178
5G,25.56738646,85.22637162
5G,25.58211985,85.04660154
5G,25.74143374,85.11840009
4G,25.54277263,85.22825818
3G,25.6353682,84.98900497
5G,25.6612982,85.05384972
5G,25.56215292,85.15848117
5G,25.56555488,84.98331521
4G,25.67423457,85.10891816
4G,25.54799939,85.07401065
3G,25.70104367,85.10878617
3G,25.43526278,85.19482251
4G,25.42810404,85.11043027
4G,25.57892691,85.14325107
LTE,25.72036158,85.03771825
3G,25.5606665,85.30375066
LTE,25.6707557,85.29730273
4G,25.66781896,85.20630836
4G,25.56295008,84.99670324
4G,25.49768529,85.00226997
4G,25.61316533,85.01792117
3G,25.64121322,85.05804357
3G,25.56057973,85.22999301
LTE,25.42130255,85.18626345
3G,25.6725787,85.04632577
3G,25.72491505,85.15294159
4G,25.73412727,85.11798263
5G,25.47773071,85.18654756
4G,25.64117294,85.17792216
LTE,25.50774226,85.20497545
5G,25.71179741,85.18454382
5G,25.55410007,85.05728495
5G,25.49626615,85.22081724
LTE,25.60295536,85.12412399
5G,25.63666674,85.12271412
5G,25.61482085,85.23654265
LTE,25.55648994,85.11260842
LTE,25.44415481,85.20155002
LTE,25.65670179,85.20647328
4G,25.73940704,85.08860767
4G,25.70732968,85.16131799
4G,25.71519968,85.24102621
5G,25.45287255,85.06844284
4G,25.70154919,85.03860908
3G,25.47385307,85.20217792
3G,25.45667245,85.07614071
3G,25.49062835,85.14553093
3G,25.64119128,85.15485139
5G,25.55768425,85.11475835
4G,25.52114846,85.18175536
4G,25.44916529,85.19557203
3G,25.63840601,85.09455975
3G,25.63923987,85.12236887
LTE,25.63531215,84.96294052
LTE,25.71855938,85.13012841
4G,25.51391814,85.23948359
4G,25.42239596,85.10460072
LTE,25.42074532,85.12472909
4G,25.57282513,85.16993856
5G,25.53599707,85.04652408
3G,25.73301567,85.23048152
5G,25.61845721,85.09500054
4G,25.61292265,85.19579879
3G,25.70700847,85.15569492
5G,25.69182571,85.01658187
4G,25.50989731,85.04973711
5G,25.55473852,84.96331376
5G,25.55021721,85.2106131
5G,25.51513078,84.9840558
3G,25.47913524,85.23342285
4G,25.62543711,85.10778293
LTE,25.65913418,85.3024217
4G,25.48141562,85.15315701
4G,25.51365126,85.28590864
5G,25.6954683,85.10996205
4G,25.69877231,85.03673865
LTE,25.4361705,85.09607571
5G,25.56907381,85.13673165
LTE,25.49137995,85.00061931
5G,25.636033,84.97057687
3G,25.6297449,85.13067462
4G,25.61905152,85.28318906
3G,25.65969996,85.10048098
LTE,25.57922355,84.95917831
LTE,25.67286273,84.99341628
3G,25.72148576,85.11381449
4G,25.46517515,85.2088858
5G,25.562573,85.14669507
3G,25.56947789,85.21333629
LTE,25.64607071,84.96729239
4G,25.46285572,85.16568614
3G,25.6174971,84.99310108
5G,25.6612027,85.15100718
LTE,25.60253424,85.14930969
LTE,25.46139264,85.02020889
LTE,25.47266215,85.08727837
LTE,25.42681808,85.13201754
5G,25.64057179,85.19307287
3G,25.62758524,85.05366237
4G,25.63531333,85.21585975
4G,25.72147441,85.12088533
5G,25.76516555,85.14002175
3G,25.66056403,85.20736099
4G,25.49646279,85.2841567
LTE,25.54958839,85.26772682
3G,25.50105255,85.16432863
5G,25.50897173,85.09460993
LTE,25.70457154,84.99902858
5G,25.45817828,85.039584
5G,25.67479302,85.06241694
5G,25.62001912,85.14900637
4G,25.56529339,85.08539684
3G,25.67746259,85.19438414
3G,25.72639527,85.24789497
3G,25.50926528,85.17101643
5G,25.73107622,85.18545933
4G,25.51909812,85.02685708
5G,25.55228853,85.28317981
3G,25.73478868,85.10804512
LTE,25.72775611,85.21900258
LTE,25.74091555,85.19666162
5G,25.75135796,85.192977
3G,25.54240946,85.02732751
3G,25.61252589,85.28214415
3G,25.65468889,85.2664048
LTE,25.5473082,84.96545224
LTE,25.72925958,85.04418412
LTE,25.50958936,85.02609301
LTE,25.4697,85.22069802
LTE,25.55922224,85.08857056
LTE,25.71372867,85.0742373
4G,25.43702734,85.19331645
3G,25.63458066,85.31036996
4G,25.68994763,85.1901023
4G,25.49559065,85.03397073
3G,25.74255941,85.04992709
LTE,25.7144105,85.05796991
3G,25.50023459,85.23153486
LTE,25.61148305,85.26194049
5G,25.56246122,85.09761412
5G,25.46844952,85.128271
LTE,25.65961534,85.30334295
4G,25.55641046,85.23697928
LTE,25.45428698,85.25010742
5G,25.52723454,85.24239939
LTE,25.7334339,85.15558737
LTE,25.57212613,85.2250021
4G,25.60832601,85.00625617
3G,25.64805058,85.01732655
3G,25.44751579,85.1831869
5G,25.61952877,85.04575001
5G,25.63469376,85.27695601
4G,25.50712883,85.20548058
4G,25.50495021,85.08462675
4G,25.62418487,85.21491214
5G,25.4511024,85.23310817
3G,25.64802263,85.14474001
3G,25.4802927,85.03893406
LTE,25.62758377,85.17622298
3G,25.45131148,85.06121625
3G,25.67220316,85.27380622
5G,25.64105977,85.26700443
5G,25.42935823,85.19440072
LTE,25.74568078,85.17484768
LTE,25.57053953,85.08428913
5G,25.5128522,85.13571745
5G,25.48648731,85.2741993
LTE,25.5757137,84.97249468
LTE,25.50493168,85.25417068
3G,25.65813591,85.21619124
4G,25.49868907,85.07894608
LTE,25.75436035,85.13504046
4G,25.52776824,85.0048224
4G,25.63922515,85.28584261
5G,25.46070929,85.02628264
3G,25.74265963,85.17862961
3G,25.50244887,85.00865923
LTE,25.47490372,85.02299562
LTE,25.60040201,85.04008464
4G,25.55350382,85.06353644
LTE,25.70846209,85.26162231
5G,25.59526714,85.3081543
4G,25.65528535,85.04209057
LTE,25.68618775,85.19097458
3G,25.70222357,84.99770066
5G,25.61461305,84.9877498
5G,25.63202371,85.01827829
5G,25.75877006,85.14695483
LTE,25.5900451,85.28460899
4G,25.5636709,85.26682456
5G,25.69381126,85.05783479
LTE,25.67828274,85.28561416
4G,25.59833186,85.07897793
4G,25.53968007,85.02402696
LTE,25.76257956,85.09580685
5G,25.54992631,85.30238663
LTE,25.54975982,85.21563643
5G,25.55303145,85.22330158
LTE,25.5693323,85.26771322
LTE,25.48579225,85.0878637
3G,25.44806054,85.05979236
5G,25.62472409,85.09465238
4G,25.64981582,85.01900533
5G,25.69830143,85.18822784
4G,25.6955381,85.00715847
LTE,25.66792315,85.16967864
3G,25.54977676,84.97209562
4G,25.50323327,85.0423473
5G,25.73795492,85.13948152
4G,25.55575774,85.11043558
5G,25.52575576,85.0368754
LTE,25.59597474,85.23654885
4G,25.64171291,85.30041654
3G,25.6258109,85.22020617
5G,25.71033828,85.22784144
3G,25.77164071,85.13012963
4G,25.68099075,85.24026076
5G,25.59054693,85.21391187
3G,25.47913795,85.25318909
5G,25.71068231,85.06792175
5G,25.49869643,85.00566797
3G,25.45985825,85.06403358
4G,25.46621765,85.04602929
LTE,25.67214955,84.99256338
LTE,25.74264511,85.19728974
4G,25.6480672,85.08934566
3G,25.59001481,85.00139555
3G,25.60550902,84.98609601
3G,25.6220798,85.00701203
5G,25.45838363,85.20497936
4G,25.50740866,85.00993576
3G,25.70952341,85.17973502
LTE,25.54298463,85.24221086
3G,25.64548687,85.07389508
5G,25.47316162,85.25055199
LTE,25.58992705,85.21273477
LTE,25.5275884,85.07984284
3G,25.67028927,85.16139019
3G,25.72247259,85.21969103
5G,25.64201794,85.20896472
LTE,25.48276812,85.16688477
5G,25.55109388,84.99944938
4G,25.65879229,85.24530945
LTE,25.57180801,85.03229714
5G,25.66842576,85.23752982
5G,25.50637201,85.08699288
4G,25.71689979,85.03551795
3G,25.62508872,85.11172197
5G,25.54151025,85.07385134
3G,25.47365148,85.11412432
3G,25.499476,85.18866795
5G,25.64161616,85.17584749
4G,25.61625255,85.15993776
3G,25.49083661,85.11816704
LTE,25.59032009,85.22385544
5G,25.56065656,85.05438403
4G,25.56664804,85.029904
LTE,25.60220045,85.06785041
3G,25.64579025,85.26777007
4G,25.64766092,85.05240472
5G,25.6681757,85.15347173
LTE,25.75173194,85.17401664
4G,25.46691901,85.24771593
5G,25.62508147,85.22383418
LTE,25.43586273,85.09264407
LTE,25.68220092,85.01796987
5G,25.73437757,85.10521435
5G,25.69224496,85.14203865
5G,25.46331168,85.21360123
4G,25.69669383,85.00329655
LTE,25.56167166,85.17530164
3G,25.70791443,85.22438157
LTE,25.64936139,85.20346801
3G,25.60405195,85.10577391
LTE,25.67122047,85.15836647
4G,25.57765174,85.25635765
3G,25.46500969,85.24685983
3G,25.58751176,84.97190234
3G,25.62754894,85.20993392
3G,25.42753746,85.10747002
5G,25.57839901,85.03736269
3G,25.71407241,85.13646549
4G,25.45022594,85.07704767
LTE,25.45725177,85.03580669
5G,25.51811549,85.14101671
5G,25.67419656,85.11155618
5G,25.66383352,85.15282636
5G,25.76361063,85.11218372
LTE,25.70487714,85.14266576
LTE,25.58164265,85.23947748
3G,25.69237779,85.04399165
LTE,25.56584485,85.06467831
LTE,25.67970272,85.14245914
4G,25.65340236,85.0977466
3G,25.47583579,85.17906821
3G,25.51675452,84.98681497
LTE,25.49661688,85.07531234
4G,25.5560662,85.20737098
5G,25.64152361,85.03214252
4G,25.58964701,84.97122173
4G,25.48651021,85.09871014
LTE,25.54291414,85.27608511
LTE,25.46675217,85.20675291
3G,25.52909892,85.19636614
3G,25.4679583,85.12208908
LTE,25.58710365,85.03556088
4G,25.70790065,85.12299846
5G,25.74061674,85.22608137
3G,25.51513989,85.13247919
LTE,25.47948612,85.10026268
LTE,25.47145255,85.1433749
5G,25.6539879,85.17580862
4G,25.54355788,85.18928241
5G,25.44236737,85.17990826
5G,25.6137784,85.06480854
5G,25.53934258,85.07415792
5G,25.52532112,85.05776639
4G,25.53637146,85.28647204
4G,25.74780211,85.09094004
4G,25.58538907,85.25410189
3G,25.59889511,85.2348143
3G,25.61161496,85.11076366
LTE,25.55522202,85.17739321
5G,25.42477894,85.17437561
LTE,25.71363061,85.07513748
4G,25.61980781,85.09902819
LTE,25.52966562,85.11457519
5G,25.64481682,85.03746082
5G,25.70712873,85.27294598
3G,25.70427085,85.15243292
4G,25.45379979,85.24135125
5G,25.62309054,85.2544071
5G,25.46442994,85.05489155
4G,25.46918005,85.1019263
5G,25.66432752,84.98112562
LTE,25.45735015,85.17964649
LTE,25.60709727,85.00225587
3G,25.63595799,85.09436241
5G,25.70921931,85.18525341
5G,25.56940621,85.09250423
5G,25.67687598,85.01554861
5G,25.63513251,85.02172986
5G,25.64209091,85.04609913
3G,25.62243173,85.23648444
3G,25.51390524,85.07126499
3G,25.50639903,85.22073905
5G,25.76873512,85.11643799
LTE,25.70983225,85.27103549
4G,25.66346586,85.15852767
LTE,25.52960191,85.05506291
5G,25.67605659,85.03328666
4G,25.60047206,85.28273243
5G,25.65695755,85.15231643
5G,25.59813287,84.99071114
LTE,25.6472058,84.98095895
4G,25.7294121,85.10335709
3G,25.68997857,85.0592015
4G,25.54292498,85.05743622
LTE,25.4847664,85.03938862
5G,25.76130735,85.18021948
LTE,25.51697196,85.24503889
3G,25.56339947,85.31073272
LTE,25.50615874,85.01526236
5G,25.47186369,85.20630811
5G,25.47022603,85.2366565
3G,25.55952746,85.25517137
4G,25.56152104,85.11487054
4G,25.51367291,85.05212171
5G,25.43020851,85.11943354
5G,25.6234438,85.15501596
4G,25.55364617,85.01690485
3G,25.74148263,85.10446732
5G,25.66676426,85.19106898
3G,25.58125318,85.02175697
4G,25.64601663,84.96718166
5G,25.68156563,85.17894378
5G,25.59657799,85.18020853
4G,25.45970114,85.13198176
LTE,25.6574213,85.2093843
LTE,25.56251613,85.17387365
3G,25.73510709,85.09171052
LTE,25.5194286,85.20148698
3G,25.62543026,85.01924733
5G,25.70393528,85.01259932
4G,25.57284198,84.9929555
5G,25.7421927,85.12743834
4G,25.56701685,85.28811618
3G,25.61458462,85.15605262
3G,25.73293921,85.13536528
LTE,25.55942687,85.00993684
5G,25.71970854,85.04351788
LTE,25.52101011,85.11194973
5G,25.68163621,85.01455888
4G,25.61923885,84.97417282
5G,25.667156,85.17659385
3G,25.65206258,84.99292908
3G,25.513582,85.28691671
4G,25.52638652,85.05646212
3G,25.6610159,85.1647734
5G,25.55082115,85.02693862
LTE,25.64772959,85.28791777
5G,25.546293,85.25799268
3G,25.50681864,85.09682441
3G,25.59886614,85.02768362
5G,25.5193736,84.97542382
4G,25.52473581,85.13358886
5G,25.56950014,85.06388055
3G,25.62925553,85.0476824
4G,25.45477891,85.18862217
LTE,25.64835146,85.00894772
LTE,25.48870513,85.06736873
LTE,25.62033129,85.07235106
3G,25.48879756,85.06033229
4G,25.71950278,85.21865252
5G,25.61878043,85.20404574
3G,25.64994224,85.23799565
4G,25.64091807,85.13941524
5G,25.59525749,85.26865171
3G,25.71883771,85.15960676
LTE,25.56156275,85.00032524
5G,25.56092959,85.29591125
3G,25.71148437,85.12779951
LTE,25.76688293,85.16290697
5G,25.52690519,85.27336633
3G,25.61221695,85.0571906
4G,25.52833916,85.12296414
4G,25.66006546,85.04059865
LTE,25.56942133,85.14899308
LTE,25.7010037,85.02355919
3G,25.5260531,85.18196423
5G,25.58458719,85.29698692
LTE,25.71723915,85.14565076
5G,25.61972444,85.08764824
3G,25.67803653,85.01333081
3G,25.53095907,85.15830362
5G,25.7195322,85.22897741
4G,25.45453261,85.10235789
4G,25.55514387,85.15157174
4G,25.68032649,85.14080746
4G,25.66226042,85.10183084
LTE,25.50618491,85.18275984
3G,25.59556504,84.9933411
LTE,25.46374846,85.25444501
3G,25.64261315,85.07439298
LTE,25.54340432,85.05621866
4G,25.43365662,85.14209953
4G,25.51011008,85.23128783
4G,25.5031016,85.23885867
5G,25.63513532,85.06571344
4G,25.65020872,85.17524079
LTE,25.72389859,85.23273179
LTE,25.59081493,85.02793502
5G,25.66099736,85.2855087
5G,25.49533341,85.24740347
3G,25.49985688,85.25865477
5G,25.6234349,84.98403989
3G,25.56309472,85.18192265
3G,25.48824206,85.04354747
4G,25.66692286,85.0606722
3G,25.47298263,85.25850552
LTE,25.52056134,85.0334637
4G,25.50613529,85.01432798
5G,25.45501726,85.13153832
5G,25.45301636,85.09278648
LTE,25.57994831,85.23021369
4G,25.66204855,85.14833976
3G,25.53613583,85.29691571
4G,25.71153822,85.19245766
LTE,25.59363302,85.28437867
3G,25.64127435,85.04009827
4G,25.5130308,85.15371995
4G,25.64454998,84.97717375
LTE,25.53612993,85.15862441
5G,25.49513915,85.11942421
4G,25.54657341,85.22814859
LTE,25.73042588,85.05472265
5G,25.66372194,85.28644235
LTE,25.62917324,85.11112745
5G,25.55916605,85.26507485
4G,25.47868583,85.1373304
4G,25.46269531,85.20781073
LTE,25.6694366,85.02363281
4G,25.63255783,85.28382755
5G,25.57343927,85.15962743
4G,25.69758406,85.09654979
5G,25.60211394,85.12369575
3G,25.72350502,85.03483857
4G,25.54833783,85.13476069
LTE,25.45646695,85.07953751
LTE,25.53406656,85.03737402
LTE,25.65514436,85.2224421
LTE,25.66046818,85.11545748
3G,25.63258595,85.0001281
4G,25.5730547,85.10885924
LTE,25.686518,85.1465404
5G,25.475255,85.12176708
LTE,25.49013037,85.28325104
4G,25.50809203,85.26130993
5G,25.56929682,85.29916881
4G,25.73279734,85.08337858
3G,25.53465209,85.06235655
4G,25.51050471,85.05589202
4G,25.59633248,85.16255949
5G,25.67955846,85.02538924
4G,25.64653989,85.24336485
3G,25.69317447,85.18628224
5G,25.75457388,85.07909993
LTE,25.58036921,85.1573784
3G,25.50692103,85.28283182
4G,25.68040948,85.12955307
4G,25.66182645,85.24524035
5G,25.7115457,85.21280605
3G,25.70489623,85.09468047
3G,25.57737609,85.15858554
3G,25.58394225,85.1766673
LTE,25.48660105,85.12948235
5G,25.45793518,85.22769282
3G,25.63869601,85.03915904
4G,25.45520859,85.22252977
5G,25.53516726,85.28710526
5G,25.71110037,85.08947713
3G,25.66520889,85.15779875
3G,25.64862762,85.1917243
4G,25.63287741,84.97611286
4G,25.53285961,85.17395542
4G,25.47584846,85.03301772
LTE,25.49044821,85.08920827
5G,25.62431233,85.16892699
LTE,25.68201961,85.03539941
5G,25.45088824,85.23077625
4G,25.44828184,85.24015511
3G,25.56059474,85.13200538
LTE,25.61483374,85.31369935
5G,25.63241837,85.29589773
4G,25.48271973,85.2775712
5G,25.63053007,85.09238606
5G,25.73387492,85.19320236
4G,25.55512971,85.29521714
5G,25.62586557,85.01813704
3G,25.50864133,85.27044196
5G,25.52014679,85.2435432
LTE,25.76895917,85.16023871
4G,25.49250295,85.1942274
4G,25.55603617,84.97995025
4G,25.7010327,85.0731912
4G,25.72161146,85.11460036
LTE,25.6912868,85.1294059
5G,25.70096988,85.24304581
LTE,25.7572496,85.06806595
3G,25.46880396,85.18491414
4G,25.6654549,85.26622501
LTE,25.61282131,85.2661872
LTE,25.46052522,85.2491524
4G,25.63730807,84.96742525
3G,25.57275955,84.97148479
4G,25.72701855,85.22895593
4G,25.51729226,85.190539
5G,25.53849826,85.22197464
5G,25.52801897,85.04629026
3G,25.76400232,85.13739972
LTE,25.46878873,85.12211892
3G,25.69109913,85.15988925
4G,25.67184137,85.00957232
LTE,25.53274291,85.02058482
LTE,25.53387302,85.16262226
LTE,25.54769035,85.28097796
LTE,25.47700172,85.17724332
4G,25.70179815,85.0748936
LTE,25.43478765,85.16057129
5G,25.47656582,85.2718149
5G,25.52533732,85.11536857
5G,25.73320748,85.14938899
5G,25.45534278,85.02684529
4G,25.64081755,85.24367241
3G,25.51645894,85.17738782
3G,25.6509429,85.18566391
5G,25.57149058,85.22115375
LTE,25.56319465,85.1636798
4G,25.6998267,85.23866433
LTE,25.59100979,85.31294109
5G,25.71673102,85.24859894
3G,25.62938993,84.98003843
4G,25.65950431,85.02899222
3G,25.6228418,85.05799793
3G,25.6603857,85.1814722
5G,25.54216134,85.25115566
5G,25.60533954,85.22976239
3G,25.48984059,85.26788204
LTE,25.54443455,84.97891663
3G,25.67622437,85.12201618
LTE,25.63092749,85.09740058
3G,25.72120024,85.03908908
3G,25.5126561,85.21821963
3G,25.60474211,85.18952159
LTE,25.75601339,85.15064721
4G,25.64494578,85.2433022
3G,25.58107911,85.14538487
5G,25.54444438,85.21613185
3G,25.55665538,85.28785921
5G,25.61502593,85.21477403
4G,25.60912125,85.22763784
5G,25.5894229,85.12334456
4G,25.69184462,85.06338988
3G,25.52920163,85.28278353
LTE,25.72552818,85.20743591
3G,25.61132297,85.08710766
5G,25.67914423,85.14077608
LTE,25.66630611,85.07906749
5G,25.42556268,85.12576546
5G,25.75818996,85.10198005
LTE,25.71435446,85.02786144
4G,25.66551958,85.02393273
LTE,25.77364848,85.13805091
LTE,25.43733032,85.11992448
3G,25.62640261,85.0859848
5G,25.74725402,85.2119027
LTE,25.53058212,85.10422412
4G,25.47879897,85.16055317
3G,25.70354819,85.10574344
5G,25.62238748,85.02000007
5G,25.63762072,85.00248699
4G,25.68244427,85.06338078
5G,25.49521645,85.20526154
3G,25.570385,85.11727883
5G,25.45553835,85.15568338
4G,25.58982891,84.98481335
LTE,25.67938003,85.21534974
LTE,25.43363829,85.08997545
4G,25.50867333,85.25649208
5G,25.48188176,85.17074595
3G,25.59989719,85.16580658
3G,25.75089566,85.21957352
4G,25.54015456,85.02077691
LTE,25.4559867,85.05820956
3G,25.43286601,85.16886444
5G,25.648428,85.07486604
5G,25.69499351,85.14071188
4G,25.46406655,85.110217
4G,25.57655537,85.08457074
LTE,25.6130078,85.00143223
3G,25.5273827,85.18565148
3G,25.48796305,85.14139988
3G,25.7099305,85.0506165
5G,25.66293609,85.17554289
4G,25.5742473,85.01156981
3G,25.44895455,85.17134925
4G,25.54971738,85.10253693
5G,25.69335968,85.16641635
3G,25.69201586,85.07127382
3G,25.5168537,85.04262705
LTE,25.55731477,85.25465938
5G,25.66714064,85.15110732
LTE,25.54916194,85.21287318
LTE,25.59206053,84.99085062
LTE,25.71228215,85.14149342
4G,25.59603035,85.21425838
LTE,25.65622054,85.02465192
3G,25.52489824,85.29981745
3G,25.68945464,85.17983035
3G,25.66316973,85.18019174
5G,25.68131294,85.06271223
LTE,25.57035852,84.96543386
4G,25.69495979,85.23607548
LTE,25.52195081,85.16110283
3G,25.7322843,85.21272788
4G,25.71747012,85.25822826
LTE,25.46413095,85.10898776
4G,25.51021484,85.2433329
5G,25.67437917,85.25629999
LTE,25.54318062,85.12436218
4G,25.53478211,85.09831256
LTE,25.70868299,85.11125221
LTE,25.72810029,85.0818226
4G,25.59230511,85.16634056
LTE,25.61099786,85.19235983
LTE,25.62073631,85.12776007
3G,25.74774317,85.20243652
3G,25.47233055,85.08708963
5G,25.56468542,85.2054719
LTE,25.62653864,85.16095728
4G,25.4764181,85.25556227
3G,25.65568881,85.18862684
LTE,25.58150271,85.19259428
LTE,25.57839202,85.20272644
4G,25.64478965,85.27898504
5G,25.42423144,85.11855064
LTE,25.63468688,85.20259249
LTE,25.58289775,85.07633203
4G,25.73033515,85.02678842
3G,25.52425461,85.0918597
LTE,25.73034656,85.22480114
3G,25.6060698,85.0206778
5G,25.69212265,85.23422668
5G,25.56237416,85.25756346
5G,25.53360358,85.12289517
3G,25.74254565,85.10102314
LTE,25.5975419,85.24328085
5G,25.66234967,85.22458521
4G,25.67921801,85.23392965
5G,25.59592407,85.0175223
5G,25.49003041,85.24647597
LTE,25.48791921,85.01255833
5G,25.67152789,84.99980102
LTE,25.47281221,85.08097343
4G,25.54529429,85.25787209
LTE,25.71020118,85.13862303
3G,25.61870127,84.98753006
4G,25.54518918,85.11285533
4G,25.52440019,85.20339678
LTE,25.61249306,85.06970499
5G,25.51878026,84.98744494
4G,25.6332764,85.25723772
5G,25.53769968,85.07478611
4G,25.51551783,85.24582459
5G,25.54349676,85.1647294
LTE,25.67033036,85.17706486
5G,25.66244841,85.20713368
LTE,25.75465347,85.17580903
3G,25.53541258,85.18400606
LTE,25.58644566,85.26123227
4G,25.56133129,85.17857807
4G,25.6706416,84.98743452
4G,25.45151616,85.18940157
5G,25.46964437,85.12734753
4G,25.66162137,85.19944425
4G,25.59209427,85.22147185
5G,25.70801247,85.082518
LTE,25.62929631,85.06142218
LTE,25.66869452,85.22486581
5G,25.58916069,84.97148544
3G,25.48922658,85.20510659
3G,25.47522082,85.09659801
5G,25.67977311,84.99528649
LTE,25.73039656,85.12865373
LTE,25.44043519,85.05179108
3G,25.69751721,85.00567875
3G,25.49670387,85.13737689
3G,25.51463324,85.02663579
3G,25.62576135,85.01010601
4G,25.62257354,85.06478868
LTE,25.69524033,85.10024255
3G,25.74530058,85.19999122
5G,25.66034365,85.24958354
3G,25.50661857,85.0812254
4G,25.73064143,85.17766802
LTE,25.46589888,85.24673475
5G,25.651696,85.17775218
4G,25.50734079,85.11620477
5G,25.50164947,85.04307022
4G,25.696175,85.27944649
LTE,25.54302884,85.22906124
5G,25.50917194,85.0486296
3G,25.69060354,85.11803078
4G,25.58786952,84.98348843
4G,25.57015543,85.2802886
4G,25.51303334,85.27810478
3G,25.4805133,85.27634992
5G,25.50710656,85.0270751
5G,25.67099979,85.23316572
LTE,25.47765914,85.03658887
4G,25.59741199,85.24594756
4G,25.66260896,85.0648595
4G,25.63688351,84.99918662
3G,25.47752237,85.0834808
4G,25.48385326,85.00937192
5G,25.64247431,85.21157567
4G,25.68862912,85.13479612
LTE,25.57173172,85.14688984
3G,25.63643452,85.19266487
LTE,25.44722119,85.21072631
LTE,25.46122466,85.15644258
5G,25.60612986,85.12707764
LTE,25.53588785,85.27277057
5G,25.66024578,85.15757471
4G,25.61717571,84.96984637
LTE,25.5725283,85.16991456
LTE,25.43406749,85.18628077
5G,25.60713543,85.30928298
5G,25.52440107,85.29379037
LTE,25.72924573,85.2044265
3G,25.43856207,85.09063859
3G,25.62161657,85.07166244
5G,25.43965655,85.06339708
3G,25.75093579,85.16547793
4G,25.47762778,85.23745086
4G,25.66076094,85.02914525
4G,25.60774,85.26103406
4G,25.56917136,85.01477033
LTE,25.56977095,85.21103131
5G,25.71018512,85.15001372
4G,25.57837341,85.3156016
4G,25.52224047,85.02401402
LTE,25.50110464,85.19868488
LTE,25.54784167,85.25251394
LTE,25.64420351,85.18293848
4G,25.53663897,84.96806712
3G,25.74766833,85.12923053
LTE,25.64888665,85.19146867
5G,25.56781458,85.21301139
3G,25.68253932,85.0317649
LTE,25.53126833,85.2893947
5G,25.5929552,85.10108043
LTE,25.54693777,85.10457869
4G,25.76462376,85.129471
5G,25.55965209,85.3049421
4G,25.44382658,85.1277333
4G,25.45773016,85.20759598
4G,25.49663511,85.15342176
5G,25.49652787,85.11549834
5G,25.6583047,85.22231101
3G,25.72997589,85.16601851
3G,25.67596907,85.13151458
5G,25.49955375,85.18842565
LTE,25.61842819,85.31147478
3G,25.68750809,85.05504454
5G,25.64511875,84.98833031
3G,25.71103077,85.09499036
3G,25.46994637,85.05899881
LTE,25.54286708,85.04611919
4G,25.55895153,84.97312032
4G,25.60263998,85.17584551
5G,25.71087619,85.12945715
4G,25.54672138,84.99006152
3G,25.53105804,85.2259092
LTE,25.63361829,85.16893034
LTE,25.68766689,85.21582631
3G,25.74155045,85.19715401
5G,25.65170155,85.28907187
4G,25.75045642,85.1070939
3G,25.63970344,85.28683322
4G,25.74318983,85.05653964
3G,25.52335817,85.16338744
LTE,25.70472205,85.09744243
LTE,25.55547039,85.10068636
4G,25.52452063,85.05008747
4G,25.60020027,84.96400652
LTE,25.74059344,85.21240679
3G,25.75832923,85.10440104
4G,25.44553802,85.04527735
4G,25.53914802,85.2098761
5G,25.51258152,85.26214082
3G,25.69178672,85.04729172
5G,25.60431611,85.17182493
4G,25.57999995,85.21671488
4G,25.62880712,85.0982563
3G,25.69713169,85.05561152
LTE,25.62717264,84.99208911
5G,25.61579016,85.29173408
5G,25.51314203,85.06153707
5G,25.65036945,85.24460839
3G,25.56778979,85.15770614
4G,25.58744327,85.21043761
3G,25.44383923,85.08221561
LTE,25.67657563,85.04437124
5G,25.72478707,85.04838025
3G,25.71285631,85.20777136
5G,25.58423888,85.28193735
3G,25.63493281,85.08633903
4G,25.42469298,85.11530628
4G,25.5178129,85.0555272
3G,25.52422897,85.27847963
4G,25.70947041,85.17529329
4G,25.67747074,85.03962269
LTE,25.6753902,85.04196699
LTE,25.49882049,85.27267033
3G,25.66813547,85.22885838
4G,25.69333547,85.22405198
5G,25.57293726,85.29373393
LTE,25.47774642,85.05919856
4G,25.60222747,85.12453145
3G,25.64324151,84.9688341
LTE,25.62106813,85.06524753
5G,25.57049909,85.07418512
3G,25.73267652,85.17562427
LTE,25.69775236,85.19485942
3G,25.66140599,85.24502683
4G,25.55503937,85.21590278
3G,25.67286773,85.24132745
3G,25.55194424,85.12567778
LTE,25.65583433,85.03805875
LTE,25.7322681,85.12856104
5G,25.69024512,85.03858985
LTE,25.67799297,85.10096657
LTE,25.70508913,85.22028103
3G,25.63133162,85.2834075
4G,25.53865287,85.2607136
5G,25.6666469,85.27373082
3G,25.50587097,85.22812822
LTE,25.60443945,85.08750002
LTE,25.67732311,85.23063881
LTE,25.59135409,85.1234875
5G,25.53621059,85.08766291
4G,25.62256506,85.0503089
5G,25.53058558,85.04357933
4G,25.63170276,85.2457714
5G,25.74654115,85.16176505
5G,25.59253857,85.06585848
LTE,25.67397682,85.13036547
LTE,25.64822088,85.18041985
4G,25.49298206,85.24345576
5G,25.4629969,85.20359492
4G,25.60166925,85.25300452
4G,25.69039449,85.12828299
5G,25.5898604,84.99768431
3G,25.7270559,85.10000892
4G,25.47118637,85.21890766
LTE,25.52358519,85.08369995
4G,25.51088132,85.1211582
5G,25.57791464,85.25732134
3G,25.52393899,85.02260395
LTE,25.67707641,85.15290453
4G,25.67120148,84.97610592
LTE,25.54686083,85.13297058
4G,25.50089836,85.05422136
5G,25.62289596,84.96930456
4G,25.55310066,85.28273043
3G,25.65516485,85.17936598
5G,25.58590207,84.97463435
3G,25.42788415,85.11061587
3G,25.7385553,85.15023342
LTE,25.60393964,85.17386951
LTE,25.49254295,85.13544536
3G,25.53493374,85.04869235
LTE,25.58764822,85.0070852
LTE,25.57259383,85.19106987
LTE,25.50664086,85.27842401
5G,25.5363039,85.22699951
5G,25.7115739,85.10409313
3G,25.53706958,85.12613141
3G,25.43635863,85.12478485
LTE,25.67867291,85.01384542
5G,25.71308096,85.07168242
5G,25.74051042,85.10411392
3G,25.65912215,85.10589295
4G,25.62191074,85.24435422
LTE,25.49986825,85.25124397
3G,25.55596834,85.21002898
5G,25.54709339,85.22672944
LTE,25.41992526,85.11594249
5G,25.49177578,85.15450841
3G,25.58284235,85.10522445
3G,25.42605146,85.10778733
LTE,25.50028219,85.05330236
LTE,25.46060162,85.20511855
4G,25.73984308,85.22354054
4G,25.71770215,85.2449717
4G,25.52892612,85.22241138
3G,25.70220731,85.25746653
3G,25.58221056,84.96469633
5G,25.74384551,85.15913783
4G,25.68911107,85.22953189
LTE,25.47666049,85.11502993
4G,25.63945245,85.28841265
5G,25.67794161,85.27248643
4G,25.46710895,85.14257038
4G,25.63527704,85.1569943
3G,25.66655625,85.15148769
3G,25.61203307,85.30009232
5G,25.52902539,85.13725501
5G,25.65086169,85.28287383
3G,25.70480893,85.19467462
5G,25.58315965,85.09070171
5G,25.56719821,85.0433093
5G,25.76074704,85.08042472
5G,25.59942462,85.090216
5G,25.65094601,85.15945827
5G,25.60950356,85.25905381
5G,25.73282726,85.1574901
3G,25.57489529,85.14572703
LTE,25.72264673,85.21210258
LTE,25.63709841,85.02920889
5G,25.59558669,85.05547981
5G,25.55576943,84.97016781
5G,25.64640065,85.14931261
3G,25.76608653,85.15995728
5G,25.59227833,85.29774291
3G,25.56346776,85.28746261
LTE,25.60901678,85.28193264
LTE,25.49053094,85.16543153
4G,25.7207246,85.06480658
5G,25.43415692,85.14784732
LTE,25.63427798,85.22503874
3G,25.51740743,85.10118751
LTE,25.51262015,85.23029274
3G,25.50132804,85.01127017
4G,25.59819136,85.06220857
5G,25.49624912,85.15870732
4G,25.68103749,85.11000543
5G,25.62537379,85.02659893
4G,25.62100677,85.27175575
3G,25.6516667,85.14791133
5G,25.61952121,85.03252119
4G,25.49100384,85.28134955
LTE,25.63533733,85.16554607
LTE,25.56940359,85.08477625
5G,25.67541897,85.19272831
5G,25.62100701,84.99838558
5G,25.53558879,85.14476191
5G,25.68811381,85.2320841
5G,25.56298522,85.14502341
4G,25.46493225,85.25965939
4G,25.61859723,85.31300193
4G,25.70728746,85.23378024
LTE,25.73858566,85.15546275
LTE,25.47888015,85.12638062
3G,25.60720452,85.31308906
5G,25.46519617,85.02261579
3G,25.5873137,85.22379435
LTE,25.65080482,84.9825995
LTE,25.55780303,85.06173963
3G,25.6169726,85.12207438
4G,25.56624762,84.96681059
LTE,25.49657889,85.15893809
5G,25.54018798,85.23862813
3G,25.61308146,84.98939779
4G,25.75274489,85.10784576
LTE,25.61846645,85.02793016
4G,25.54382488,85.01133874
LTE,25.50440866,85.24584344
LTE,25.53747376,85.2344077
5G,25.54801604,85.0173284
5G,25.63916013,85.21629537
5G,25.55047652,85.10762713
4G,25.74270206,85.1914729
3G,25.63856159,85.14251157
5G,25.64377985,85.04752366
LTE,25.65147398,85.10487643
LTE,25.43566911,85.06929857
4G,25.65554297,85.0966888
3G,25.60421215,85.20607941
4G,25.6210059,85.18421673
LTE,25.62340284,85.09701593
4G,25.48199006,85.10490126
4G,25.72787568,85.21530198
4G,25.69850666,85.14245002
LTE,25.57324523,85.21413038
5G,25.66628977,85.03517015
5G,25.66766006,85.01321312
5G,25.51731782,85.22009234
LTE,25.53624953,85.09147973
5G,25.74373606,85.13932687
3G,25.63702122,85.03263945
LTE,25.69159805,85.14187618
5G,25.62951815,85.29072965
5G,25.72788223,85.11370739
4G,25.76407052,85.17862301
5G,25.55975271,85.10470195
5G,25.56180534,85.20653157
3G,25.55194498,85.17775041
5G,25.65178114,85.11496087
5G,25.50461443,85.24258497
4G,25.7566905,85.18250609
LTE,25.52522011,85.25026533
3G,25.7129015,85.16506896
3G,25.51448553,85.16483072
5G,25.72177231,85.04383929
3G,25.46906557,85.2002112
LTE,25.63637429,85.07905413
5G,25.70325242,85.22046775
LTE,25.6530188,85.11143369
LTE,25.61154459,85.04063869
4G,25.59982852,85.12061471
LTE,25.51259851,85.08085495
4G,25.60439478,84.98668469
LTE,25.65212538,84.97488648
4G,25.61040375,85.18794357
4G,25.70423493,85.222382
LTE,25.5317616,85.05687492
LTE,25.75538022,85.18364782
4G,25.58210389,85.28589973
LTE,25.5911169,85.16781844
3G,25.61922068,85.26954575
LTE,25.51013354,85.16992783
4G,25.55478915,85.01926308
4G,25.71758254,85.02858935
5G,25.65604252,85.14065189
4G,25.47421349,85.19612735
4G,25.6007362,85.21642172
4G,25.7017225,85.0214811
5G,25.59334417,84.96374472
5G,25.61633979,85.25975217
5G,25.57549407,85.18153649
3G,25.66637464,85.01802148
5G,25.58036133,85.26495808
4G,25.50146528,85.05276483
4G,25.56581448,85.09582934
3G,25.51277536,85.13454222
5G,25.64563046,85.19291582
4G,25.41866325,85.1062549
LTE,25.59294977,85.21111029
5G,25.6921216,85.24991515
5G,25.62361489,85.22106073
5G,25.43681383,85.1993269
4G,25.47254783,85.01128712
LTE,25.57992066,85.28237957
3G,25.7162842,85.1872284
LTE,25.75600915,85.06513679
LTE,25.49752215,85.01058412
3G,25.70766306,85.16238854
5G,25.61049463,85.01497234
3G,25.49792409,85.00807277
3G,25.69944929,85.07365181
5G,25.64722869,85.25998935
3G,25.54369938,85.1926951
4G,25.65349598,85.20504325
3G,25.64122226,84.97754254
5G,25.76291896,85.14266296
5G,25.63968343,85.22064727
3G,25.59774914,85.28548813
3G,25.63362651,85.22783437
3G,25.59875882,85.01526082
LTE,25.5980382,85.0973618
5G,25.44640672,85.19645689
3G,25.42542065,85.12832155
LTE,25.65104135,85.09423476
5G,25.57282453,85.01715259
5G,25.61147819,85.06789265
5G,25.49213995,85.09571665
LTE,25.51880061,85.28701071
4G,25.75800965,85.18243211
5G,25.52907514,85.09405089
4G,25.55707353,85.29395262
4G,25.47612407,85.1014661
3G,25.52258363,85.01080179
3G,25.42216927,85.18656285
3G,25.66365672,85.26411148
LTE,25.61817449,84.96213845
4G,25.65918168,85.1199462
LTE,25.43397371,85.12696973
LTE,25.69168668,85.25321593
LTE,25.43634101,85.07092306
5G,25.6798512,85.20499517
3G,25.54492872,85.00346715
3G,25.74825373,85.09217334
3G,25.67117702,85.12070621
3G,25.68235192,85.15115396
3G,25.71976864,85.24187874
4G,25.57391675,85.26452867
5G,25.64209025,85.17193649
4G,25.58662518,85.16713063
3G,25.56428383,85.04786845
4G,25.56711209,85.2573473
5G,25.66896536,85.28096063
3G,25.6194726,85.0864624
LTE,25.50589432,84.99682001
4G,25.54208298,85.08383043
5G,25.60226332,84.98754062
4G,25.49241663,84.99849821
3G,25.47282427,85.20266708
5G,25.47057738,85.06679281
4G,25.67044911,85.23821386
4G,25.44584116,85.121413
5G,25.59450659,84.97674675
3G,25.64729119,85.08473027
4G,25.49769341,85.17456704
5G,25.68215813,85.07971733
3G,25.69521436,85.08184861
LTE,25.59299212,84.959162
5G,25.43069242,85.11532464
5G,25.52719669,85.03707592
5G,25.48868267,85.13822099
5G,25.51951143,85.01906282
5G,25.54514691,85.18267032
3G,25.57731217,85.16708984
5G,25.63145542,85.18169508
LTE,25.74806369,85.11040678
3G,25.43733409,85.14101637
4G,25.56509409,85.07981065
LTE,25.74015432,85.09913723
3G,25.58982178,85.05305961
4G,25.58804604,85.28128127
4G,25.58720231,85.04638578
LTE,25.66506758,85.00838586
4G,25.59231761,85.0213804
LTE,25.59188643,85.19298777
LTE,25.60244833,85.29821125
4G,25.51088119,85.16595047
4G,25.70442799,85.19318693
LTE,25.47410796,85.0199284
4G,25.50319982,85.0959879
4G,25.53677702,85.10153899
4G,25.4759222,85.17357205
3G,25.66931337,85.27953584
4G,25.47362763,85.15466146
LTE,25.61387061,85.24724685
4G,25.49415907,85.18363318
4G,25.4856746,85.21211612
LTE,25.74521259,85.21305588
LTE,25.57992407,85.00077374
3G,25.75571032,85.12737517
3G,25.58129294,84.97304124
3G,25.48061039,85.2175043
4G,25.67059855,85.10157806
5G,25.53724672,85.04014239
4G,25.63170092,85.05087254
5G,25.4852871,85.24157735
3G,25.62532897,85.26737374
3G,25.58671189,85.15294044
4G,25.6354399,85.19348456
3G,25.73983789,85.18256738
4G,25.62475751,85.30042242
4G,25.71487328,85.13423677
5G,25.47131443,85.21040049
3G,25.65728827,85.25666037
4G,25.7463746,85.11648451
5G,25.62894136,85.26800469
LTE,25.58488159,85.25537542
4G,25.7565597,85.17990675
LTE,25.59722084,84.96257651
5G,25.54457997,85.25626738
LTE,25.67922079,85.22494587
5G,25.50362632,85.00215981
5G,25.6934602,85.07992686
5G,25.7472505,85.06405128
3G,25.72195478,85.17859809
3G,25.4685902,85.24581675
3G,25.74952377,85.07882938
3G,25.59983457,85.31175636
4G,25.75671115,85.16366017
5G,25.70193861,85.23026228
4G,25.61182697,85.01838375
4G,25.51678756,85.13997495
4G,25.73853716,85.08599083
5G,25.753983,85.16820245
5G,25.51146408,85.29616812
3G,25.5397716,85.07078853
5G,25.46409648,85.19261674
5G,25.58656427,85.26404376
4G,25.5254307,85.21681662
3G,25.51121795,85.23874733
3G,25.60005484,85.21287254
5G,25.60368456,85.04956239
LTE,25.68383426,85.08089061
LTE,25.60364549,85.20767559
3G,25.72008319,85.17617489
LTE,25.52102167,85.17985161
LTE,25.52330842,85.07160706
LTE,25.57859558,84.96698142
4G,25.62421598,84.99579645
4G,25.72908678,85.11356883
LTE,25.47130897,85.18748144
LTE,25.73745831,85.19532645
LTE,25.58153756,85.30442141
5G,25.7197246,85.2534035
5G,25.48366496,85.08327099
LTE,25.42616669,85.09442779
LTE,25.67305287,85.07808342
5G,25.48516033,85.02605949
4G,25.52557641,85.09459298
5G,25.5286028,85.28193518
5G,25.52236763,85.28078338
3G,25.58025236,85.11589813
LTE,25.6348898,85.13024052
4G,25.66277767,85.12411153
5G,25.52808797,85.13221417
5G,25.6137973,84.99829666
4G,25.62098762,85.21985502
5G,25.50681307,85.09939721
5G,25.59405282,85.27984217
LTE,25.57941258,84.97760261
5G,25.62935309,85.25953368
3G,25.54443549,85.26524337
4G,25.61188965,85.30962654
4G,25.43172116,85.1474009
4G,25.69931353,85.19065374
LTE,25.5636687,85.27814506
5G,25.50243054,85.04769085
4G,25.64725127,85.14147032
4G,25.74142771,85.19696337
3G,25.69462218,85.08749016
5G,25.50519313,85.04351167
LTE,25.64751163,85.1807415
4G,25.68472686,85.16096826
4G,25.4557822,85.11169376
3G,25.68371265,85.25943736
5G,25.72852314,85.21613485
3G,25.49574798,85.2243555
5G,25.52813472,85.13970656
3G,25.50303683,85.02941751
LTE,25.66632018,84.99257897
4G,25.67886101,85.2425499
3G,25.73954023,85.16057228
4G,25.51628034,85.10584953
3G,25.52509938,85.19207819
4G,25.50815899,85.03494475
5G,25.6266663,85.13756394
5G,25.70825593,85.01297063
LTE,25.59308836,85.2757044
LTE,25.49201714,85.13086782
4G,25.64438416,85.2776889
4G,25.5830891,85.27057121
LTE,25.60709598,85.13137452
5G,25.51795538,85.22246025
3G,25.68511766,85.26881025
LTE,25.57461646,85.07981947
5G,25.68084045,85.01662332
5G,25.47314304,85.011794
4G,25.63919593,85.0861405
LTE,25.6859085,85.21106751
5G,25.60410267,85.17833032
LTE,25.56099223,85.29938494
5G,25.62271018,85.07975271
4G,25.53459527,85.25811609
LTE,25.56306568,85.17847637
LTE,25.45665329,85.09285273
4G,25.66932571,85.19156409
3G,25.70812852,85.11404077
3G,25.60975194,85.0547086
3G,25.619385,85.10203201
LTE,25.48609832,85.14394883
4G,25.49449978,85.19482262
3G,25.58980777,85.07241383
5G,25.69769239,85.15657136
3G,25.44971775,85.04861932
5G,25.51796844,84.98404424
LTE,25.6625474,84.98806039
3G,25.64027238,85.09188409
LTE,25.58686608,85.21234671
4G,25.50161974,85.02624179
3G,25.72041482,85.07266545
3G,25.69873459,85.27055056
LTE,25.68066797,85.29167974
3G,25.53093503,85.07755258
5G,25.57408576,85.06608902
3G,25.57565818,85.04919454
3G,25.45368156,85.16506967
4G,25.45669251,85.1954837
3G,25.45326537,85.19462352
5G,25.6560468,85.2364051
3G,25.52194549,85.12502849
3G,25.43570942,85.15862545
LTE,25.60401155,85.26260361
5G,25.57098958,85.05181978
4G,25.55607899,85.19689383
LTE,25.73957777,85.07032352
LTE,25.48015837,85.22236231
4G,25.63784899,85.20218442
3G,25.46863415,85.11337439
5G,25.67843107,85.2049404
4G,25.58208208,85.14321133
LTE,25.51127224,85.15317297
LTE,25.54053896,85.15605417
LTE,25.69156892,85.01501293
5G,25.70466494,85.19396047
LTE,25.50723783,85.03975461
5G,25.62764823,85.05633941
5G,25.43160863,85.10009762
4G,25.56541257,85.01148204
5G,25.5245302,85.00850392
5G,25.68223018,85.2082674
4G,25.62376212,85.10219253
4G,25.74121654,85.05396189
LTE,25.45238166,85.11253997
5G,25.51750077,85.27778713
LTE,25.69828172,85.22983074
3G,25.54451688,85.00985026
5G,25.56198052,85.12505582
3G,25.60239678,85.31602524
4G,25.59433577,84.96007291
5G,25.53992226,85.2248781
3G,25.66595654,84.97453547
LTE,25.68268443,85.13570115
3G,25.62437601,85.21865948
3G,25.68688846,85.27227319
LTE,25.61647229,85.07697062
LTE,25.66403877,85.1454252
LTE,25.41638857,85.12645797
4G,25.51108077,85.00863985
4G,25.61987264,85.1598265
4G,25.54079372,85.05022903
3G,25.60948334,85.2229227
LTE,25.48537038,85.26380813
3G,25.4369982,85.05111002
4G,25.72655466,85.0372117
5G,25.59629393,85.16095188
4G,25.60859183,85.22771104
5G,25.52377935,85.08458228
4G,25.49916378,85.18342263
4G,25.60057163,85.25128718
3G,25.73366507,85.09870397
3G,25.48699049,85.11391507
4G,25.47132869,85.0095243
LTE,25.60183778,85.01921872
LTE,25.67752888,85.22294703
LTE,25.58482661,85.03540036
3G,25.45803304,85.03915185
3G,25.53660625,85.03508344
LTE,25.44148214,85.05700299
LTE,25.54501685,85.13482363
LTE,25.55417589,85.24594811
4G,25.43275239,85.1164988
4G,25.63119758,85.14086127
5G,25.61344264,85.30993292
3G,25.64449051,85.03652954
5G,25.56964229,85.24819594
LTE,25.58925374,85.13753912
3G,25.54569265,85.15498128
3G,25.64562712,85.19928591
LTE,25.63289812,85.16331933
LTE,25.46014691,85.12957567
3G,25.71562558,85.05976542
3G,25.71841681,85.09204735
5G,25.67785994,85.20487786
LTE,25.44705694,85.16249684
LTE,25.60730835,85.27820908
5G,25.52562339,85.15769629
3G,25.53432389,85.19544714
LTE,25.52812564,85.08925861
4G,25.67109222,84.99542419
5G,25.61154607,84.96436949
5G,25.57002706,85.29141166
5G,25.64599892,85.22960291
LTE,25.66838668,85.15605102
LTE,25.70455633,85.26154987
3G,25.59296575,85.03213682
5G,25.4740977,85.17775234
3G,25.52866507,85.09709207
4G,25.57131144,85.00025345
5G,25.55684024,85.2953326
5G,25.61486535,84.99916558
5G,25.5925701,85.14914215
3G,25.47349197,85.25870709
4G,25.46713122,85.08774438
LTE,25.60746323,85.05657103
LTE,25.57990656,85.12293667
LTE,25.55840271,85.0263182
LTE,25.57940992,85.29303079
3G,25.54524255,85.05100214
4G,25.65469735,85.13494938
4G,25.50885083,85.21084031
3G,25.55733953,85.16638794
4G,25.52585043,85.15676359
5G,25.71064668,85.16864969
LTE,25.74502854,85.2102952
4G,25.50458895,85.22625676
3G,25.69265932,85.12052425
5G,25.53127584,85.23692052
5G,25.62448094,85.24548389
5G,25.71864728,85.08618826
3G,25.58742438,85.01459804
5G,25.45433479,85.13229123
5G,25.63301284,85.18799337
5G,25.49095797,85.23977872
5G,25.66464278,85.15345951
4G,25.67828887,85.19395894
LTE,25.61014811,85.13727493
3G,25.67434623,85.15524583
4G,25.48995753,85.21043156
5G,25.64892828,85.09486112
3G,25.72022506,85.16136501
4G,25.67895635,85.06722625
LTE,25.5072235,85.0273227
LTE,25.44160208,85.14450196
5G,25.69313259,85.06088477
5G,25.55238931,85.04647291
4G,25.56344346,85.06700958
5G,25.52800615,85.04329819
3G,25.66299962,85.09459633
5G,25.55841363,85.18626039
4G,25.55064382,85.03066232
4G,25.49694592,85.21082044
LTE,25.7270078,85.19622087
3G,25.51155625,85.15837879
5G,25.43965034,85.18910697
5G,25.67245289,85.20349262
LTE,25.58730543,85.11520053
4G,25.71082337,85.23094976
5G,25.52910464,85.15838168
4G,25.59592616,85.23443978
5G,25.60860914,85.05548773
5G,25.74912656,85.06238264
5G,25.57216981,85.28067715
4G,25.71230073,85.26526335
5G,25.73964788,85.22053456
LTE,25.62692213,85.0942901
5G,25.5229585,85.13363064
4G,25.55375548,85.07520693
5G,25.71449302,85.08170522
3G,25.69497411,85.04930619
LTE,25.55238483,85.29833601
LTE,25.63951794,85.06641655
3G,25.58087715,85.17485794
4G,25.63083643,85.12630437
3G,25.65052213,85.20130864
5G,25.44631385,85.126846
4G,25.63850986,85.1988844
3G,25.70923595,85.12289694
4G,25.47975234,85.22896252
4G,25.54867946,85.28255547
4G,25.57458035,85.02552854
LTE,25.61434636,84.97009357
4G,25.5431191,85.18645646
3G,25.4604698,85.24431318
4G,25.57975733,85.15816186
4G,25.48727971,85.0512652
LTE,25.48852544,85.02767592
3G,25.76192283,85.12328644
3G,25.5101748,85.10743121
3G,25.54288875,84.99985151
LTE,25.66988606,85.13142162
4G,25.75991792,85.11950488
LTE,25.60361353,85.02764455
LTE,25.69711023,85.16255754
LTE,25.46013414,85.04814562
5G,25.54358695,85.0831981
LTE,25.75801303,85.09161455
5G,25.60167732,85.02399517
5G,25.62006579,85.22191501
4G,25.51971079,84.983719
5G,25.58530475,85.27523294
LTE,25.64069707,85.00829317
LTE,25.6679752,85.13622494
4G,25.48775887,85.25468134
LTE,25.70014636,85.22312752
LTE,25.50140455,85.13033568
4G,25.62077617,85.03902837
5G,25.71230176,85.13050711
5G,25.71134193,85.133456
3G,25.5753261,84.98571357
3G,25.69441591,85.02511438
5G,25.50431567,85.11083499
LTE,25.61909402,84.96520698
4G,25.72741889,85.23528192
5G,25.75700966,85.12222154
3G,25.42183759,85.13476855
5G,25.62311705,85.00737246
LTE,25.59264981,85.31214905
4G,25.54615366,85.06889411
4G,25.57380507,85.19217149
5G,25.57658732,85.27978013
LTE,25.48533054,85.13874001
5G,25.5523899,85.02470643
3G,25.66416554,85.19097921
LTE,25.56609455,85.21187816
3G,25.53189367,85.11454452
4G,25.68201307,85.25511904
3G,25.4715567,85.00838605
LTE,25.57949304,84.98386997
4G,25.5260851,85.27870424
5G,25.563614,84.97864803
LTE,25.54063186,85.12324065
4G,25.58678181,85.11773743
3G,25.62958164,84.97416167
5G,25.59501852,85.14487005
LTE,25.62272727,85.05453903
LTE,25.69251115,85.18203361
4G,25.45748037,85.08890187
LTE,25.67087593,85.16092357
4G,25.74422098,85.05671267
3G,25.574526,84.99390137
3G,25.48836941,85.09840746
3G,25.65411798,85.07838804
3G,25.47008586,85.03591928
3G,25.47893391,85.10298288
3G,25.60738393,85.1945294
LTE,25.58104554,84.96077491
4G,25.58259015,85.14975392
LTE,25.43704453,85.15389818
LTE,25.48719508,85.11191678
3G,25.68679467,85.27610517
LTE,25.47984122,85.27303609
4G,25.65266276,84.97874711
5G,25.6612167,85.10160704
LTE,25.63460058,85.1237915
5G,25.67914915,85.20784023
LTE,25.5844752,85.28246851
4G,25.4753764,85.18971893
3G,25.63365115,84.96342561
4G,25.55077384,85.03561161
LTE,25.72103921,85.03472912
LTE,25.63257315,85.30036428
5G,25.48336024,85.21824187
LTE,25.54976567,85.29998585
3G,25.70506673,85.05118747
5G,25.46000293,85.17160464
3G,25.71169257,85.23994538
LTE,25.70618422,85.13525271
4G,25.68139243,85.19275917
4G,25.58829001,85.14098603
LTE,25.52834224,85.04118901
LTE,25.52711778,85.25897813
4G,25.44407685,85.17837741
LTE,25.60867064,85.03032537
4G,25.55634333,85.08319937
5G,25.63633586,85.04390748
4G,25.57929693,84.99579159
LTE,25.53674068,85.10024769
3G,25.4433382,85.1937078
3G,25.66880854,85.15150912
5G,25.68412768,85.27381351
5G,25.57462434,85.12673054
5G,25.69889465,85.04178701
5G,25.51791988,85.08986828
5G,25.62919642,85.11600319
4G,25.70394238,85.00043046
LTE,25.72233213,85.16331126
3G,25.4469111,85.17848027
5G,25.72413091,85.24067537
3G,25.72693275,85.07244826
LTE,25.5787619,85.18242314
3G,25.56776096,85.13605261
4G,25.51946166,85.0048489
4G,25.53108263,85.02125675
4G,25.47006977,85.06946795
3G,25.57894827,84.9905773
LTE,25.54623362,85.1107934
5G,25.48230429,85.07126928
LTE,25.48237842,85.07747522
5G,25.72849549,85.23626512
5G,25.47185054,85.10097832
4G,25.50629095,85.03363009
3G,25.55148202,85.18302945
LTE,25.4760604,85.23249962
5G,25.43640645,85.19526376
5G,25.48458772,85.18380607
5G,25.68226527,85.15016776
5G,25.6030215,85.13935885
5G,25.56675956,85.20980275
4G,25.58670633,85.16602525
3G,25.43188171,85.10295444
3G,25.67464372,85.06795803
LTE,25.56594535,85.17955764
3G,25.75696569,85.18849422
3G,25.66542155,85.30198336
4G,25.54354925,85.04139971
4G,25.60949252,85.07461707
4G,25.48385759,85.03006253
LTE,25.53931397,85.17098457
5G,25.58531244,85.22899018
3G,25.62617945,85.13120616
3G,25.50637192,85.25558817
3G,25.43437146,85.11354115
3G,25.72686885,85.14592005
3G,25.53693256,85.11745851
LTE,25.65342058,85.08506674
5G,25.70037613,85.00207844
4G,25.56655835,85.02315606
5G,25.6353506,85.12726975
5G,25.65142438,85.09945318
4G,25.5848886,85.12894843
LTE,25.67685178,85.1752143
4G,25.49324234,85.03405757
3G,25.70288505,85.2315614
5G,25.70798721,85.17812307
LTE,25.4386948,85.19046048
LTE,25.61656436,84.97328773
5G,25.67963919,85.07678669
4G,25.50620662,84.98699925
3G,25.42921527,85.16249439
5G,25.61508818,85.00847216
5G,25.63981139,85.25232686
5G,25.5684841,85.22985288
LTE,25.7020773,85.19807615
3G,25.4840474,85.0679739
4G,25.60427511,85.10218433
LTE,25.68691384,85.16121416
3G,25.47166989,85.17566439
LTE,25.64679119,85.27468106
4G,25.53550892,85.01653385
4G,25.72494514,85.06818963
3G,25.44301021,85.09574955
5G,25.71508133,85.02726604
5G,25.45111453,85.18729537
LTE,25.65272921,85.29073374
4G,25.43627198,85.1413991
LTE,25.4374772,85.13205182
LTE,25.60345901,84.99239607
3G,25.63421383,85.29653915
4G,25.5867971,85.20345933
3G,25.47794748,85.2373072
5G,25.48871573,85.15572107
4G,25.46556029,85.07655124
5G,25.5168608,85.09382141
4G,25.6033654,84.97372378
4G,25.68266699,85.25074726
3G,25.44581869,85.06668358
4G,25.53011255,85.29035556
LTE,25.66605233,85.16961598
4G,25.50098421,85.18449892
LTE,25.60139699,85.27717542
4G,25.76496489,85.13133208
4G,25.45483698,85.04059323
4G,25.4524218,85.12929359
4G,25.66340234,84.97570216
5G,25.63527562,85.23267046
3G,25.54980659,85.0521844
4G,25.75927058,85.17283616
LTE,25.67331045,85.12606525
LTE,25.72077625,85.1406304
4G,25.56374938,85.31237123
4G,25.73592966,85.08991552
3G,25.65683646,85.20139722
3G,25.67471278,85.1448151
3G,25.7388612,85.08206041
4G,25.49027803,85.07404818
LTE,25.64094041,84.9672806
3G,25.62288125,85.10238788
3G,25.54005178,85.04878721
LTE,25.50022836,85.27437287
4G,25.54120222,85.00954191
4G,25.69847245,85.02648704
LTE,25.66090086,85.03543956
5G,25.45918859,85.05859977
4G,25.67137872,85.04023301
LTE,25.56702007,85.08447251
LTE,25.57336727,85.15631866
5G,25.44594836,85.13498502
4G,25.73478746,85.0716773
3G,25.68867574,85.22087539
5G,25.65066336,85.20728679
5G,25.45572475,85.17047738
5G,25.53726444,85.08494438
LTE,25.48534202,85.08576736
5G,25.55581444,85.12567331
4G,25.45461185,85.23358233
LTE,25.74759299,85.22396923
5G,25.4898801,85.25551839
LTE,25.69125746,85.0789023
3G,25.49245064,85.06005188
5G,25.44672513,85.19115494
4G,25.65297241,85.09838674
LTE,25.70062243,85.18647674
3G,25.6350737,85.19856253
LTE,25.66819488,85.23635173
4G,25.42298197,85.11131024
3G,25.43600316,85.11193557
LTE,25.66970147,85.2876782
4G,25.54700714,84.97926062
LTE,25.64013926,85.30002612
4G,25.68216143,85.26039437
4G,25.50011713,85.19902018
LTE,25.54238381,85.29248695
5G,25.56598912,85.03908617
LTE,25.51305516,85.28454586
4G,25.50124127,85.15048964
LTE,25.48153787,85.04014311
5G,25.65330091,85.03039056
LTE,25.54824982,85.08858031
4G,25.52806582,85.25433001
LTE,25.73468676,85.1603339
3G,25.64989387,85.13066938
LTE,25.68967672,85.27742214
LTE,25.52708484,85.0482386
5G,25.55251845,85.1769693
5G,25.53172539,85.20978978
3G,25.6314044,84.98180371
4G,25.59041125,85.20927832
5G,25.60968285,85.21317872
LTE,25.65889254,85.13473525
5G,25.72587344,85.18151565
4G,25.47235063,85.23782122
4G,25.60753329,85.25871531
4G,25.68585848,85.19169876
5G,25.54149132,84.96878534
4G,25.5020889,84.98409576
5G,25.65650454,85.024216
3G,25.60096997,85.16170622
3G,25.46668387,85.01299819
5G,25.42068466,85.09912984
LTE,25.55597688,85.05710922
LTE,25.6436235,85.21680629
3G,25.57500061,84.99671878
LTE,25.71170759,85.02827288
4G,25.61649326,85.00516643
3G,25.74582868,85.0706427
5G,25.49891001,85.1274233
LTE,25.45443759,85.21671647
LTE,25.68865108,85.23146968
3G,25.56955695,85.16634426
4G,25.58074295,85.22289932
3G,25.57196078,85.05197002
LTE,25.51615327,85.27937034
3G,25.62204557,84.99165732
5G,25.47180837,85.1437935
4G,25.6104159,85.20654324
4G,25.60688152,85.10053529
LTE,25.46627603,85.17497686
3G,25.49228154,85.05000397
5G,25.72064159,85.16922266
LTE,25.44738457,85.19891924
5G,25.51508497,85.09893191
3G,25.51043124,85.02817676
4G,25.46007368,85.21655113
4G,25.69048909,85.16305783
3G,25.61934033,84.97358643
4G,25.68410735,85.21423457
LTE,25.51556866,85.06094457
LTE,25.66224064,85.20040062
4G,25.42321744,85.08295055
4G,25.69416927,85.26205695
3G,25.55894194,85.21325527
3G,25.69496982,85.09793193
4G,25.47816136,85.02389205
5G,25.72120835,85.18958827
LTE,25.46115185,85.02432582
LTE,25.74528425,85.06201291
LTE,25.65643468,85.23333115
5G,25.76073353,85.19710409
5G,25.74995455,85.13880834
4G,25.65197786,85.1727272
3G,25.66947027,85.23514388
4G,25.46041014,85.11823321
LTE,25.67011995,85.27903108
LTE,25.511698,85.20411585
5G,25.57356535,85.16168451
3G,25.59591773,85.24485195
LTE,25.57387574,85.30445488
LTE,25.5182825,85.1399082
5G,25.51940019,85.28732574
3G,25.65000829,85.04865219
5G,25.49087074,85.14209498
3G,25.68923044,85.26266464
4G,25.53698436,85.04567241
3G,25.50843268,85.15848771
3G,25.50181928,85.27294606
LTE,25.63141727,85.30613775
4G,25.54546328,85.10587482
LTE,25.52735385,85.15128399
LTE,25.515907,85.17424622
LTE,25.51467263,85.07493925
3G,25.49447604,85.26665217
4G,25.43456799,85.13886084
LTE,25.45696484,85.21399921
4G,25.7285383,85.03322477
3G,25.64879395,85.04489656
5G,25.7195968,85.14270902
5G,25.57082768,85.2431486
4G,25.51691179,85.00920475
LTE,25.5559855,85.07964183
3G,25.52385341,85.3015103
4G,25.56036111,85.00466402
4G,25.6672082,84.99992397
5G,25.6690299,85.02397905
LTE,25.50186551,85.04870763
5G,25.64464169,85.3000469
3G,25.63516981,85.30776149
3G,25.61865754,85.0666673
4G,25.66407836,85.26678191
LTE,25.69262753,85.10951889
LTE,25.58793148,85.28773529
3G,25.74831674,85.05006408
LTE,25.66806699,85.14904309
LTE,25.58225228,85.27966465
LTE,25.51344984,85.28793028
5G,25.76420748,85.1838739
5G,25.71352846,85.0471029
4G,25.62804567,85.09595486
LTE,25.70990868,85.14323569
4G,25.47194138,85.19922982
5G,25.61561042,85.069134
5G,25.53949653,85.17630939
4G,25.52546709,85.09083523
4G,25.5069698,85.25992241
LTE,25.74007296,85.18401814
LTE,25.60922038,85.07938151
5G,25.74017334,85.20289902
5G,25.67526757,85.22040584
4G,25.7044768,85.01961356
LTE,25.74845961,85.20731649
4G,25.54826477,85.12737453
4G,25.55386458,85.07296471
4G,25.61904266,85.30992481
LTE,25.46024581,85.08921821
LTE,25.63014061,85.25951664
5G,25.68946341,85.06484426
4G,25.61401498,85.03851174
5G,25.6044993,85.15842986
4G,25.74723489,85.12101785
5G,25.52320819,85.19015615
LTE,25.72886482,85.09295757
LTE,25.7034666,85.19281934
LTE,25.4948263,85.17310837
LTE,25.57223851,85.11584873
5G,25.48228271,85.22847325
3G,25.71918592,85.18775709
LTE,25.63501742,85.01014936
4G,25.7157764,85.14776011
3G,25.55471062,84.9902702
3G,25.64265729,85.08783662
3G,25.7499128,85.19585818
5G,25.52628236,85.1533983
5G,25.46173848,85.23335885
4G,25.71103085,85.24376282
LTE,25.64944318,84.990766
LTE,25.65183106,85.2866637
5G,25.5459782,85.05414184
4G,25.46556163,85.16396798
LTE,25.76921564,85.16495627
5G,25.55609431,85.27164508
3G,25.64498765,85.10542053
4G,25.5234776,85.13350667
4G,25.58405204,85.01784686
3G,25.52576812,85.29484421
LTE,25.54447176,85.24990846
5G,25.73024232,85.20696179
3G,25.66157549,85.09539866
LTE,25.42955478,85.06896579
3G,25.62769652,84.96430619
3G,25.4417531,85.14471402
4G,25.58648911,85.25023879
LTE,25.65994649,85.22124667
LTE,25.55735829,85.05260035
LTE,25.47293749,85.11302663
3G,25.54659449,85.0555397
3G,25.52970554,85.07753648
LTE,25.48417995,85.23046763
3G,25.49681944,85.23287516
5G,25.46640222,85.21100448
4G,25.56463292,85.04321532
4G,25.61431496,85.2174917
4G,25.73644434,85.19314207
3G,25.53062821,85.2621799
3G,25.62670257,85.0464542
LTE,25.47100082,85.20982467
5G,25.63949654,85.21660747
3G,25.6388474,85.03048513
3G,25.51012598,85.28096748
4G,25.57121973,85.01653587
4G,25.75363902,85.2153988
LTE,25.64576677,85.24140427
LTE,25.58599077,85.05950267
4G,25.45743387,85.23965814
3G,25.51800185,85.1734665
LTE,25.64302983,85.11519799
4G,25.54944702,85.06091119
LTE,25.6795616,84.99488054
5G,25.42519166,85.09624632
5G,25.64106415,85.05720462
LTE,25.59794463,84.97526446
5G,25.60426325,85.23976538
3G,25.62960873,85.2630174
LTE,25.71989711,85.19304044
5G,25.45232492,85.17695094
5G,25.64959217,84.99139588
LTE,25.60576646,85.11488775
LTE,25.6941602,85.05957735
4G,25.63002855,85.00096993
5G,25.61278225,85.07719974
LTE,25.50159393,85.12741716
4G,25.55990945,85.22357453
LTE,25.54517748,85.30211684
5G,25.53665919,85.08162381
5G,25.67321477,85.29268036
3G,25.45604769,85.2213204
4G,25.67284254,85.10828634
4G,25.65822281,85.20565385
3G,25.47439356,85.24362094
4G,25.70626826,85.17077635
4G,25.68939691,85.11461497
4G,25.75846467,85.17225762
LTE,25.6969415,85.00577395
5G,25.64942663,85.24483362
4G,25.63277451,85.10747084
LTE,25.47379103,85.17011167
LTE,25.53697757,85.04912934
3G,25.75537068,85.12488991
LTE,25.52285786,85.02151003
3G,25.76458903,85.15265062
3G,25.4285866,85.16288241
4G,25.49560604,85.11454512
4G,25.58026119,85.14425357
3G,25.65707237,85.00352657
LTE,25.67433963,85.200004
LTE,25.54100987,85.12701397
LTE,25.51621548,85.09701643
5G,25.54406839,85.14270814
4G,25.70837171,85.00470627
4G,25.59566321,85.16110847
3G,25.72622332,85.04414246
LTE,25.62034164,85.25141044
3G,25.58321061,85.2503225
4G,25.75009756,85.20767792
3G,25.55729677,85.01484132
3G,25.59028007,85.29243816
4G,25.49069535,85.15075208
5G,25.6237519,85.21051969
5G,25.71690722,85.16263438
5G,25.64174102,85.05381265
5G,25.62735199,85.19299024
LTE,25.65947619,85.19808836
5G,25.55432244,85.1508667
3G,25.54202292,85.22203591
4G,25.43452471,85.18011126
5G,25.66600649,85.19831534
5G,25.62814665,85.20656957
5G,25.52859282,85.26019743
3G,25.58378615,85.11737737
LTE,25.52740135,85.14853758
LTE,25.49826265,85.18272661
5G,25.643191,85.11040169
3G,25.49580353,84.98730339
LTE,25.72658395,85.05069525
LTE,25.68140906,85.15992005
4G,25.72909137,85.19072642
3G,25.62298239,85.11366297
LTE,25.53155168,85.06670604
LTE,25.58205104,85.14007576
4G,25.48494551,85.01044877
3G,25.4786412,85.17550341
LTE,25.63488196,85.20596105
5G,25.75320894,85.14401937
4G,25.63587171,84.99539865
LTE,25.64959165,85.20788521
4G,25.71574278,85.25463791
3G,25.61249833,85.28527976
LTE,25.63546327,85.2235219
5G,25.44388734,85.16182802
3G,25.70378197,85.21096377
LTE,25.56037828,85.00348451
5G,25.62996227,85.07486067
3G,25.64863011,85.13126894
LTE,25.6504681,85.18171989
LTE,25.55639191,85.08038116
5G,25.52509823,85.0642257
5G,25.48041349,85.11693447
LTE,25.69763015,85.10177047
LTE,25.59873042,85.31201942
5G,25.52871445,85.22470133
4G,25.44373666,85.06708917
3G,25.52367994,85.26106535
4G,25.63123761,85.02759556
5G,25.55883508,85.02169178
3G,25.49341007,85.08280274
4G,25.61938203,85.05514613
4G,25.6710621,85.12418721
LTE,25.68916904,85.17192612
4G,25.60089798,85.22869884
3G,25.50234132,85.15378343
3G,25.56714586,85.3056508
LTE,25.64861919,85.03762356
3G,25.50163983,85.19185009
4G,25.55891641,84.99037889
3G,25.56790712,85.04929843
LTE,25.58363541,85.28824996
4G,25.55193621,84.99841451
3G,25.590164,85.00306758
3G,25.57698198,85.30634038
LTE,25.4809891,85.27075128
LTE,25.43158168,85.07540864
3G,25.53279325,85.30382883
3G,25.75245322,85.08979661
LTE,25.58214832,85.29459551
4G,25.61037973,85.15075422
5G,25.58106975,85.06367055
LTE,25.46725406,85.1776725
4G,25.66933864,85.20006503
4G,25.64985441,85.1336201
LTE,25.46525004,85.163656
LTE,25.57184673,85.23145924
4G,25.48397874,85.11110588
5G,25.52772832,85.27436674
3G,25.5847835,84.98779517
3G,25.53371782,84.98616632
LTE,25.60730061,84.96832881
4G,25.59419055,85.21498591
4G,25.72560836,85.23237408
5G,25.72429723,85.22171912
4G,25.56109906,85.11924986
LTE,25.56092347,84.97308872
LTE,25.65356145,85.28781846
5G,25.48446431,85.26696421
3G,25.48649364,85.27286513
3G,25.74960311,85.12346565
LTE,25.65495917,85.29910148
4G,25.63380198,85.28278905
LTE,25.70621051,85.00727411
LTE,25.60558567,85.12774682
3G,25.650218,85.22529979
3G,25.68915979,85.10948614
5G,25.54004061,85.07793987
LTE,25.64821395,84.99758328
5G,25.65030769,85.13413369
3G,25.66941391,84.99944616
4G,25.71631702,85.0788076
3G,25.70692499,85.08965599
4G,25.63354016,85.15108808
3G,25.48696736,85.27099697
4G,25.61059664,84.98216062
4G,25.52709044,85.06615799
3G,25.68761218,85.12816143
3G,25.62343592,85.16425203
4G,25.4977695,85.24538673
LTE,25.60077502,85.28798896
LTE,25.68981253,85.14458046
5G,25.53006994,84.97156724
3G,25.63710445,85.25273686
5G,25.66634441,85.24027049
4G,25.70727741,85.07833145
LTE,25.71577927,85.20671982
5G,25.58857389,85.30119501
4G,25.54655434,85.28147719
LTE,25.51721414,85.17471055
LTE,25.51990315,85.00942648
5G,25.61763999,85.13649812
5G,25.67299183,85.1427055
LTE,25.57722065,85.31355904
5G,25.6119443,85.30549576
3G,25.43558496,85.06745532
LTE,25.64748798,85.16806961
3G,25.50662204,85.00697646
3G,25.69648754,85.25169797
4G,25.73111843,85.05730353
LTE,25.61465004,84.96779689
4G,25.53959163,85.08983327
4G,25.48718755,85.13813645
LTE,25.49057165,85.02139743
4G,25.6013167,85.05755269
5G,25.57206725,85.04460972
4G,25.70876459,85.03007485
LTE,25.50795978,85.0102785
3G,25.59237127,85.0357649
3G,25.74277058,85.21609667
LTE,25.71706031,85.1188377
LTE,25.75922499,85.19536555
5G,25.48411808,85.00765543
LTE,25.48027144,85.2747978
LTE,25.60824067,85.0974552
3G,25.5246781,85.18670785
4G,25.67977014,85.28609676
4G,25.70525603,85.05788523
LTE,25.5597046,85.06010477
4G,25.57064665,85.2894204
5G,25.61928448,85.10527498
LTE,25.47567553,85.13748201
5G,25.48422092,85.17895148
5G,25.64488284,85.07414689
3G,25.61982217,85.31087108
3G,25.53972224,84.99012368
5G,25.59416882,84.9816339
LTE,25.54713634,85.2484458
3G,25.62985123,85.28789795
3G,25.64580524,85.24167362
LTE,25.70538626,85.2348071
3G,25.5498255,84.96430476
5G,25.50295274,85.10243214
4G,25.47763414,85.10303878
5G,25.69928873,85.16537528
3G,25.70257552,85.24420253
4G,25.61798514,85.09071421
LTE,25.50233857,84.99304123
4G,25.57977942,85.21560044
3G,25.64144848,85.1504565
5G,25.54521217,85.05749377
5G,25.46671794,85.09525799
3G,25.65667181,85.01978299
LTE,25.62508462,85.18140254
LTE,25.50802271,85.14885322
3G,25.59933552,85.02497616
LTE,25.54170148,85.07168985
LTE,25.7280407,85.16430933
3G,25.49906686,85.16241837
3G,25.64615843,85.07558297
5G,25.61237361,85.23105158
LTE,25.49979544,85.2898601
5G,25.68419845,85.08574989
LTE,25.48703007,85.20726696
4G,25.45131123,85.12981394
5G,25.44247538,85.10979275
5G,25.53028157,85.17193438
4G,25.70036457,85.08908297
3G,25.62778981,85.24107422
LTE,25.73339207,85.11850479
4G,25.65035733,85.05592961
3G,25.73278063,85.08949622
4G,25.52318053,85.13217942
3G,25.43145122,85.20409404
3G,25.44376577,85.20349152
5G,25.64495093,85.18725997
3G,25.71880022,85.17016368
3G,25.67183998,85.221344
LTE,25.64345468,85.24128205
LTE,25.44115224,85.21033899
3G,25.6223257,85.09065342
3G,25.6622262,85.17863024
5G,25.62265185,85.05589184
3G,25.55149109,85.23300004
LTE,25.58647644,85.27260686
4G,25.56682029,85.01667799
LTE,25.57894159,85.29928711
LTE,25.67634771,85.16424464
4G,25.46035043,85.25026992
5G,25.50128643,85.19386686
LTE,25.73515658,85.22730837
5G,25.65084552,85.0608211
LTE,25.60401449,85.23474353
LTE,25.67828407,85.19820408
LTE,25.75745073,85.16748463
LTE,25.72925472,85.11803793
LTE,25.4861854,85.26445827
5G,25.5947035,85.05042158
5G,25.59967884,85.18054555
5G,25.48561059,85.09953359
3G,25.68307353,85.13564609
5G,25.55224422,85.00535557
4G,25.48577067,85.07353958
LTE,25.47733896,85.10142734
3G,25.46265471,85.20793385
LTE,25.70595009,85.25782866
LTE,25.61853141,85.25130404
3G,25.49369928,85.20031197
3G,25.67137665,85.17264336
LTE,25.4365444,85.12155135
3G,25.57494201,85.29589083
4G,25.7598633,85.09625036
5G,25.43192017,85.16585546
5G,25.41778113,85.13718647
LTE,25.6873044,85.20820912
5G,25.64466135,85.27167766
4G,25.55487334,85.11015463
4G,25.67979649,85.00118929
5G,25.64158794,85.06198712
LTE,25.47492828,85.10445325
4G,25.48099008,85.22833115
4G,25.46675169,85.09712908
LTE,25.67160865,85.08945833
4G,25.71283421,85.02400394
4G,25.62854602,85.07463814
4G,25.43927476,85.18503329
4G,25.72280019,85.16570332
LTE,25.66570244,85.16624503
4G,25.45112259,85.16642705
5G,25.5851934,85.19478587
5G,25.54889268,85.09713052
4G,25.70889297,85.24358006
3G,25.43190749,85.0694058
LTE,25.66993215,85.0419768
5G,25.49170435,85.10118358
4G,25.71314273,85.13295512
LTE,25.50595491,85.29053766
3G,25.71261502,85.07292623
4G,25.51068988,85.08064223
LTE,25.64959142,85.09209163
3G,25.5609931,85.05762357
LTE,25.70996949,85.25847096
3G,25.5896539,85.28700953
5G,25.65450289,85.25813507
LTE,25.51229331,85.0961366
4G,25.63654985,85.08092696
5G,25.68378359,85.18070914
3G,25.46331853,85.05352872
4G,25.5129264,85.01922283
3G,25.69879018,85.20831411
3G,25.75399734,85.06497138
5G,25.6514734,85.05407875
3G,25.59099612,85.29841555
5G,25.61684986,85.23342953
3G,25.58931536,85.19993878
3G,25.50520059,85.11007097
3G,25.46796307,85.09438421
3G,25.44121234,85.20737239
LTE,25.52690582,84.9829273
LTE,25.60248072,85.13294034
4G,25.67893857,85.23974244
3G,25.55904117,84.97976747
5G,25.57418502,85.07494088
3G,25.65517688,85.06069624
3G,25.48623031,85.13402176
4G,25.73162561,85.16619061
LTE,25.58458088,85.06217638
LTE,25.47416091,85.2441255
LTE,25.6552578,85.11674317
5G,25.64486083,85.08925058
4G,25.48775949,85.08664336
4G,25.52364467,85.15391874
LTE,25.51442443,85.21185864
5G,25.55915915,85.17871739
5G,25.48595698,85.19844151
4G,25.73963278,85.13281467
5G,25.54177955,85.24015326
3G,25.4544671,85.17563713
LTE,25.59772392,85.21150427
4G,25.53728687,85.16588529
LTE,25.71001646,85.22995746
3G,25.45388652,85.12986285
5G,25.71500873,85.0886092
5G,25.46355722,85.23491032
4G,25.58726923,85.09569509
3G,25.48159263,85.15292225
LTE,25.69812365,85.18813277
4G,25.58467963,85.29364429
4G,25.64119103,85.2797306
5G,25.47418786,85.19441963
5G,25.44493462,85.15054744
LTE,25.57577423,85.21655465
4G,25.62902853,85.08009903
4G,25.46732956,85.25549237
3G,25.53767571,85.20608349
3G,25.64825394,85.12230023
4G,25.69273327,85.17436134
4G,25.50130947,85.23460104
4G,25.688821,85.120347
4G,25.74727967,85.05859398
3G,25.58191607,85.19947157
LTE,25.61371715,85.14995008
3G,25.43301637,85.18439986
5G,25.54469281,84.99618944
4G,25.62437727,84.97258434
3G,25.63550518,85.12582348
3G,25.65585951,85.07413872
LTE,25.6848518,85.26866888
5G,25.64801581,85.00997738
4G,25.58389884,85.15368355
4G,25.59882087,85.31588359
3G,25.49933792,85.21199782
LTE,25.73439246,85.18575478
5G,25.71066803,85.22529021
5G,25.69598378,85.08589617
5G,25.69871215,85.05637675
3G,25.47943546,85.21034635
3G,25.69516068,85.20518981
5G,25.718001,85.08657253
3G,25.57239268,85.06630709
4G,25.65688898,85.0074006
5G,25.46316092,85.15803496
5G,25.5444564,85.004998
LTE,25.53598806,85.29457668
3G,25.58766539,85.21493322
4G,25.69141882,85.26558482
3G,25.54683321,85.26254714
5G,25.71856273,85.22178954
5G,25.70090082,85.27022226
4G,25.44064658,85.13205383
3G,25.63853811,85.0903154
3G,25.53481996,85.02988109
LTE,25.52729972,85.03600759
5G,25.43926639,85.13366797
LTE,25.66466205,85.00650557
5G,25.62855109,85.06709679
4G,25.6945875,85.06978785
4G,25.55046488,85.22740812
LTE,25.48747269,85.15082963
4G,25.49201555,85.15054002
LTE,25.43465027,85.06424603
5G,25.66933936,85.18920771
LTE,25.68182864,85.27201865
LTE,25.58493389,85.21421386
4G,25.56832515,85.21395559
4G,25.58610214,85.13043628
LTE,25.64706033,85.09577576
5G,25.51061855,85.15006284
4G,25.69478602,85.26130987
4G,25.5733908,85.18046373
LTE,25.65780237,85.08634143
3G,25.62175779,85.28069155
LTE,25.57282826,85.02072235
4G,25.60441283,85.03201593
LTE,25.68694142,84.98828985
5G,25.55160104,85.04168391
LTE,25.4506202,85.08544162
5G,25.58530381,85.28060159
LTE,25.52438528,85.01336663
4G,25.67196417,85.24400573
4G,25.6715251,84.98806332
3G,25.60082315,85.10807802
5G,25.54503855,85.08779913
3G,25.60249711,85.12445713
5G,25.65027246,85.19149873
4G,25.51379216,84.99856945
LTE,25.59221988,85.0046396
5G,25.60501365,85.11716682
3G,25.62802917,85.03405558
5G,25.51463816,85.28211777
5G,25.47170798,85.06105294
LTE,25.65869271,85.05890933
3G,25.67446776,85.14821529
5G,25.68272088,85.26315087
LTE,25.47230466,85.19217947
4G,25.65155278,85.01076257
4G,25.69666684,85.07372927
3G,25.70463834,84.9999289
4G,25.76470781,85.14401959
LTE,25.56234937,85.07019206
4G,25.53761511,84.97184441
5G,25.48583304,85.23574408
3G,25.52618899,85.13336175
4G,25.46654654,85.0979575
4G,25.74017965,85.14496079
5G,25.5496929,85.03063568
3G,25.47639086,85.18931731
4G,25.43559608,85.18527723
5G,25.50626415,85.05139644
5G,25.54147808,85.10300688
4G,25.48597471,85.18628264
5G,25.58672577,85.25063679
4G,25.6791992,85.25959326
3G,25.67689651,85.28667853
5G,25.45970834,85.15542578
LTE,25.54517591,84.97444569
3G,25.4914597,85.23504937
4G,25.62128778,85.28404422
4G,25.61425917,85.07800284
3G,25.49514175,85.20960812
LTE,25.53627477,85.16342764
3G,25.7193597,85.22010043
5G,25.51272389,84.98836628
3G,25.69667809,85.02624954
5G,25.59313637,85.07362085
LTE,25.45008654,85.04565199
5G,25.76291423,85.1336177
3G,25.61233667,85.0344613
4G,25.55524784,84.99641331
5G,25.44311474,85.1287985
4G,25.69526195,85.03530418
4G,25.58287214,84.95838713
5G,25.58662291,85.10568356
LTE,25.6320451,85.03231258
5G,25.62423841,85.26691364
5G,25.45750344,85.14608834
4G,25.62771714,84.9685081
LTE,25.65510084,85.01150624
LTE,25.64060254,85.23487756
LTE,25.70466073,85.24277543
3G,25.5558392,85.2190181
LTE,25.61693325,85.02217488
5G,25.55824274,85.27931761
LTE,25.56536814,85.10987126
4G,25.73653716,85.05426238
4G,25.66645086,84.99468526
LTE,25.45320867,85.21603236
LTE,25.56986818,85.1387138
LTE,25.66551671,85.01948862
4G,25.58236965,85.11095846
3G,25.70944743,85.14549766
4G,25.68049528,85.16899442
3G,25.51683609,85.02252192
4G,25.45032876,85.08214982
5G,25.56844841,85.03531947
4G,25.6931895,85.10719619
LTE,25.6602553,85.264137
LTE,25.58867934,85.1026566
3G,25.52064108,85.12196698
3G,25.48573636,85.14328506
LTE,25.72476401,85.15466864
3G,25.56062392,85.05849512
4G,25.46888683,85.13278173
5G,25.58586117,85.26020511
3G,25.51552302,85.07140287
LTE,25.69520391,85.26759483
LTE,25.72908835,85.07241977
LTE,25.53752057,85.05588212
LTE,25.59973432,84.96626381
4G,25.6483678,85.1265986
5G,25.60475633,85.17319973
3G,25.56264153,85.18401684
4G,25.54477059,85.19448733
4G,25.54686599,85.09079437
5G,25.57870958,85.30216824
4G,25.6069793,85.00898509
3G,25.57918677,85.29955288
3G,25.69866404,85.09852945
4G,25.46325652,85.10477155
3G,25.61821367,85.14054618
3G,25.66012734,85.03353662
4G,25.57020003,85.01121955
3G,25.54688657,84.97518202
4G,25.76830947,85.13198929
4G,25.63080571,85.27883128
5G,25.60034218,85.05132559
5G,25.6564434,85.23108301
3G,25.70047165,85.12770079
LTE,25.6755941,85.19599309
5G,25.49477835,85.14603729
5G,25.62105033,85.13907573
4G,25.48404014,85.25353042
4G,25.76682918,85.12440301
LTE,25.46282671,85.10537966
5G,25.51079203,85.27768006
5G,25.6386698,85.09133846
4G,25.60857697,85.00832502
LTE,25.55341089,85.14535249
LTE,25.72803505,85.13382045
5G,25.70169621,85.26367399
3G,25.59199225,85.18582679
5G,25.65903888,85.27346761
LTE,25.76008748,85.17741972
3G,25.57192801,85.02918489
5G,25.53516268,85.27136142
5G,25.44450243,85.106573
LTE,25.76552553,85.12902683
3G,25.5478371,85.0281932
LTE,25.70149722,85.19483422
4G,25.51156142,85.08499468
3G,25.58999782,85.2922462
3G,25.68647645,84.98501598
3G,25.62010398,85.07528727
LTE,25.68147884,85.01100751
LTE,25.49687421,85.28265254
LTE,25.71369864,85.04155822
3G,25.51693836,85.22279477
5G,25.64894032,85.01384435
4G,25.66848896,85.17593764
3G,25.49430567,84.99966483
LTE,25.69004567,85.27505346
4G,25.50174992,85.02630761
4G,25.61149897,85.13889595
3G,25.61059965,85.18756126
5G,25.59011057,85.01243042
5G,25.45480416,85.2244838
4G,25.42954318,85.18136269
LTE,25.73934332,85.08590777
5G,25.61958242,85.07573077
3G,25.73384215,85.15162636
4G,25.42819144,85.07865662
4G,25.64949973,85.16782516
5G,25.46721589,85.19412322
3G,25.41685695,85.1524548
4G,25.74352868,85.18786898
4G,25.74037587,85.23130758
LTE,25.66489394,85.15010655
3G,25.43010642,85.08967451
LTE,25.629614,85.26283167
LTE,25.71810716,85.20493855
LTE,25.58856246,85.13986141
LTE,25.53126738,85.16677299
5G,25.60159379,85.07192548
LTE,25.72481869,85.25757882
4G,25.65136794,85.04045318
4G,25.57662153,85.22487391
3G,25.5997297,85.07376037
3G,25.51319774,85.0466706
5G,25.56781775,85.20762749
3G,25.63783317,85.22419549
4G,25.59079404,85.0434402
4G,25.68389283,85.11566601
5G,25.56448473,85.08509337
3G,25.67998091,85.06415541
LTE,25.66349317,85.04204938
LTE,25.73042397,85.10116391
4G,25.52462981,85.2782038
4G,25.58782327,85.10293239
4G,25.62369587,85.27150848
4G,25.53873299,84.9718275
LTE,25.57431572,85.22995559
4G,25.66828255,85.01028503
5G,25.64335488,85.02740336
3G,25.57549598,85.11143973
4G,25.48352513,85.02306432
3G,25.42363147,85.15628026
4G,25.64129225,85.09806904
4G,25.6813513,85.29351219
LTE,25.61121578,85.15388786
5G,25.70791295,85.18834203
5G,25.71940126,85.04494125
5G,25.71457517,85.23635986
LTE,25.480548,85.07391821
4G,25.71130292,85.26149426
3G,25.66483156,85.15577169
5G,25.55682447,85.10560251
4G,25.65815406,85.16361824
3G,25.57910019,85.29341987
LTE,25.56033855,85.22670266
LTE,25.50368837,85.28412666
4G,25.56596272,84.9748687
3G,25.61046796,85.00915162
4G,25.44953665,85.10569353
4G,25.75582147,85.08705707
LTE,25.57018317,85.13474806
3G,25.43972304,85.1112631
5G,25.56917157,85.045363
5G,25.6140194,85.03010696
LTE,25.64415779,85.05953238
5G,25.61168576,85.20893566
LTE,25.76911744,85.15536039
4G,25.488157,85.00333762
4G,25.49580088,85.28254078
5G,25.63855797,84.98968674
5G,25.46113457,85.11018477
5G,25.70938645,85.08958282
LTE,25.7160909,85.08529212
4G,25.50745106,85.16303122
4G,25.69076171,85.08695821
4G,25.66689918,85.19436154
3G,25.72790621,85.05785475
3G,25.68264288,85.12889999
LTE,25.72250697,85.14435054
4G,25.60388351,85.20979739
4G,25.74303906,85.07968115
5G,25.58252237,84.98532827
LTE,25.65882402,85.26646938
5G,25.54081274,85.15030255
4G,25.46329379,85.13106129
3G,25.64003979,85.00424818
5G,25.67842341,85.03072093
3G,25.71242042,85.26519906
5G,25.58709251,85.00869742
4G,25.63524832,85.23228576
LTE,25.60442018,85.13996915
3G,25.76387773,85.13016753
3G,25.45345141,85.05942284
4G,25.66655085,85.27668853
4G,25.5348284,85.13393729
4G,25.49110844,85.12540557
LTE,25.52689424,85.17596655
5G,25.65310954,85.00100945
3G,25.6718646,85.20679465
LTE,25.63087268,85.23368427
3G,25.65932187,85.22043383
LTE,25.75201617,85.06054035
4G,25.47526669,85.13948687
LTE,25.58413372,85.04630866
5G,25.46950851,85.05521629
LTE,25.45683215,85.18634944
3G,25.6472671,85.02381041
4G,25.50214536,85.19845011
LTE,25.63375516,85.20043739
3G,25.64167199,85.24100262
LTE,25.59808139,85.01761243
3G,25.46249397,85.2512723
3G,25.70149172,85.01022106
LTE,25.61023826,85.21811315
LTE,25.43600944,85.06987268
LTE,25.61396754,85.27147265
5G,25.53554114,85.26177918
4G,25.67573103,85.02987837
4G,25.73024242,85.22755125
3G,25.73549686,85.03947497
LTE,25.7117402,85.15422249
3G,25.60025614,85.19097268
LTE,25.59395567,85.1353952
3G,25.46434532,85.08715955
4G,25.54290963,85.00980382
3G,25.56336664,85.00254068
LTE,25.44521559,85.18560662
LTE,25.64508151,85.14425545
3G,25.53202935,85.22032716
3G,25.64287449,85.04780161
4G,25.51347074,85.02646742
4G,25.46610218,85.04251121
LTE,25.55830693,84.9723002
4G,25.5824686,85.25937835
3G,25.6737588,85.04395461
4G,25.62963799,84.99956394
5G,25.59753045,85.27277523
4G,25.69869745,85.1184902
4G,25.58189174,85.09190267
4G,25.56963193,85.22042482
5G,25.74539299,85.18209766
3G,25.5763992,85.00258024
3G,25.44387924,85.09534727
4G,25.473846,85.2449962
4G,25.58342118,84.99523029
4G,25.53539827,85.04114947
5G,25.72932084,85.24934815
4G,25.76711356,85.14682418
3G,25.62160754,85.11003165
5G,25.67594564,85.12167267
3G,25.46652606,85.02501208
3G,25.60025111,85.15461007
5G,25.63813536,85.07810949
3G,25.48137356,85.11171725
4G,25.49044488,85.28260362
3G,25.62321372,85.29675654
5G,25.7090413,85.15473305
3G,25.59921203,85.04718085
5G,25.62709638,85.21348055
3G,25.47981391,85.02773886
3G,25.58690768,85.20725009
LTE,25.58066404,85.13205633
LTE,25.6542795,84.9761439
5G,25.76381776,85.19177286
4G,25.64197881,84.9714315
3G,25.68675721,85.2280552
4G,25.48980081,85.16900891
3G,25.70071585,85.19718047
3G,25.5698453,85.00384736
5G,25.50107509,85.0211916
LTE,25.64782015,85.02927599
3G,25.6549107,85.0116801
3G,25.4563671,85.15353236
LTE,25.64128705,85.13503696
5G,25.6004089,85.07098557
4G,25.76730864,85.17030541
LTE,25.55017824,85.08682022
LTE,25.74263405,85.18378831
4G,25.49032967,85.02921174
3G,25.59138056,85.26530082
3G,25.59045802,85.28770285
4G,25.57002466,85.27875
5G,25.46876857,85.04113411
4G,25.48310782,85.06796634
4G,25.64200021,85.11235659
4G,25.62135737,85.29421061
3G,25.68368829,85.06074983
3G,25.71557356,85.13340776
5G,25.70744154,85.06238156
5G,25.58824385,85.18846794
5G,25.63164035,85.13144765
3G,25.62481271,85.16702558
4G,25.6802124,84.98047155
LTE,25.67938791,85.0901018
LTE,25.67167143,85.19130075
LTE,25.56919385,85.12659283
4G,25.75316726,85.14492392
LTE,25.6719503,85.0752115
3G,25.58323898,84.99081679
LTE,25.52558675,85.20223218
LTE,25.48468511,85.02470658
3G,25.51221848,85.1770874
LTE,25.75566848,85.18856789
4G,25.72597271,85.17972907
4G,25.62961712,85.1889394
3G,25.47050218,85.01858541
5G,25.47181338,85.10545857
LTE,25.69560359,85.08294591
3G,25.57373979,85.18988813
LTE,25.61215669,85.013254
LTE,25.55599004,85.23514157
LTE,25.70432206,85.27887491
4G,25.6765468,85.20627861
LTE,25.67049511,85.19354744
3G,25.51593268,85.16801748
LTE,25.62956716,85.1745657
4G,25.65967266,85.19964975
5G,25.51707628,85.05256981
5G,25.7634341,85.17624643
4G,25.50998084,85.16729399
5G,25.74977223,85.21450848
4G,25.72016995,85.11844765
4G,25.53704307,85.16529389
3G,25.57948028,85.19328493
4G,25.58860606,85.25346155
5G,25.69130929,85.20740843
LTE,25.49940935,85.08783577
5G,25.73183357,85.06755708
3G,25.55731852,85.00995775
LTE,25.66033632,85.20500064
4G,25.6311656,85.14690239
3G,25.67307098,85.23439607
3G,25.67432999,85.22747635
3G,25.69855133,85.10506675
5G,25.70333591,85.20940015
5G,25.56140293,85.22010459
LTE,25.68453643,85.22489266
4G,25.53344872,85.07316554
5G,25.42158938,85.13574979
4G,25.51526658,84.99106581
5G,25.52344526,85.00962139
4G,25.6454848,85.27270454
LTE,25.75277193,85.09684638
LTE,25.60406283,85.15147658
5G,25.56076726,85.18058819
LTE,25.51638151,85.02738529
5G,25.58752506,85.23681102
3G,25.44867324,85.22606349
3G,25.62365482,85.21793756
4G,25.60988984,85.13239296
4G,25.71001173,85.26621372
5G,25.62364492,85.22656549
LTE,25.62195281,85.06560159
5G,25.45734694,85.24721344
4G,25.54653271,85.15203978
5G,25.64039473,84.98456592
4G,25.57223029,85.01528711
5G,25.45640216,85.1942341
3G,25.50379919,85.00703347
3G,25.48469939,85.23222818
LTE,25.42576059,85.16400368
LTE,25.58709221,85.17462528
4G,25.56820821,85.08255219
LTE,25.61238678,85.30518255
3G,25.4886064,85.03445354
3G,25.53463332,85.30253676
LTE,25.49152584,85.24441998
LTE,25.76619694,85.15644763
5G,25.51341072,85.00056312
LTE,25.61244832,85.28943611
LTE,25.55428323,84.96305431
3G,25.55002807,85.23950432
4G,25.52369712,85.09029489
3G,25.48284687,85.27650866
3G,25.63647167,85.05111496
3G,25.7321321,85.13044613
LTE,25.72768802,85.0573353
5G,25.62592817,85.25778052
4G,25.61173191,85.3008547
3G,25.57517794,85.04005005
LTE,25.43271855,85.09855062
3G,25.76495583,85.1417167
5G,25.49415257,85.07674216
4G,25.49367302,85.03872275
5G,25.60220352,85.1664212
3G,25.5821117,85.24149094
3G,25.46081797,85.16346779
3G,25.64024211,85.19760902
5G,25.72032738,85.08658795
3G,25.66040257,85.2030138
5G,25.65235002,85.11782136
LTE,25.64480265,85.11663854
LTE,25.46876268,85.01093629
5G,25.63235282,85.23938391
4G,25.66714367,85.0037692
3G,25.62991045,85.29115294
LTE,25.45954399,85.1313748
4G,25.47805831,85.1714963
5G,25.56663705,85.20706988
4G,25.69839594,85.12764107
LTE,25.61978367,84.98852319
LTE,25.56792021,85.22470604
5G,25.48118868,85.11926678
LTE,25.60981501,85.17013022
5G,25.44980882,85.04668018
5G,25.47317713,85.26264315
5G,25.53567655,85.23100994
4G,25.62505286,85.26706017
LTE,25.50661943,85.0146686
3G,25.55699236,84.96426794
3G,25.66663986,85.28745685
3G,25.66899265,85.04744357
4G,25.52442088,84.98064345
5G,25.64301349,85.06408717
5G,25.67741713,85.20037131
5G,25.59685217,85.18360643
4G,25.56346407,85.20836542
5G,25.66108139,85.07871353
3G,25.60124614,85.18866313
5G,25.66486286,85.16619155
5G,25.61844203,85.2063125
3G,25.76923076,85.1521161
5G,25.48772862,85.07315347
LTE,25.74402125,85.16434018
3G,25.55675223,85.25931337
LTE,25.63285838,85.13479561
LTE,25.63783394,85.26199618
LTE,25.7004465,85.00678773
4G,25.51181467,85.08385483
4G,25.55192982,85.1331429
3G,25.71414075,85.03823646
3G,25.53737962,85.00618447
LTE,25.76240409,85.09168013
LTE,25.53690874,85.25410414
LTE,25.69025313,85.12525967
5G,25.60494849,85.19625966
3G,25.46208022,85.2357757
3G,25.59599782,85.27248613
LTE,25.47187184,85.21553312
3G,25.68667935,85.23309866
5G,25.52945729,85.10827994
4G,25.46222327,85.11199929
3G,25.62708109,85.18468343
5G,25.67286907,85.13401432
5G,25.54057903,85.21335588
5G,25.65159987,85.01185505
LTE,25.48061416,85.26686888
LTE,25.73704519,85.18119172
5G,25.62605564,85.1379103
LTE,25.49196488,85.0561344
3G,25.59471907,85.27320242
5G,25.47557781,85.20343806
5G,25.72663975,85.24991004
3G,25.44915769,85.07379438
5G,25.65037284,84.97720523
4G,25.58005953,85.01358334
5G,25.5283695,85.28413844
5G,25.66013319,85.17552263
5G,25.73983825,85.15487775
4G,25.51121472,85.28462694
LTE,25.54276018,85.08614534
5G,25.55287809,85.1876374
4G,25.65765292,85.02383947
LTE,25.61612697,84.9940147
LTE,25.458417,85.02523284
LTE,25.64677319,85.2583413
5G,25.58981205,85.29330966
5G,25.60181591,85.19411461
LTE,25.60092427,85.23360653
4G,25.62935749,84.97803332
LTE,25.69770515,85.22692316
LTE,25.4186681,85.11815299
3G,25.60051776,84.97125372
4G,25.73362317,85.10990292
3G,25.56223417,85.07778922
LTE,25.63368446,85.30825833
5G,25.56211799,85.06719416
4G,25.4849234,85.17583215
5G,25.74084684,85.21415398
4G,25.71203383,85.23657618
3G,25.50985275,85.21929993
5G,25.44510363,85.07671488
5G,25.71486117,85.26158793
4G,25.55624271,85.18243112
5G,25.64772581,85.06404803
LTE,25.66267205,85.25311247
3G,25.56254868,85.17079657
3G,25.47076708,85.09244137
5G,25.63198624,85.00092658
4G,25.50253223,85.20400353
4G,25.63752475,85.27559124
5G,25.47813049,85.17510606
4G,25.71619016,85.03492985
LTE,25.56686517,85.00332132
4G,25.50492676,85.18063424
LTE,25.44975767,85.12666667
4G,25.47484979,85.1999066
5G,25.52215303,85.20988568
3G,25.67878013,85.23421315
5G,25.640779,85.14417867
LTE,25.69162501,85.15873836
4G,25.67036585,85.20178526
LTE,25.58094879,85.14064569
3G,25.54790408,85.00888584
4G,25.61714671,85.05010678
5G,25.63728428,85.01927944
LTE,25.61522214,85.01869024
4G,25.55351767,85.22650258
5G,25.5566854,85.20887735
3G,25.71859995,85.2488811
4G,25.55833856,85.3017895
4G,25.56808242,85.12032266
4G,25.47614645,85.26845474
4G,25.62950246,85.10071176
5G,25.46503968,85.23920452
LTE,25.66967814,85.29108058
3G,25.52166562,85.11623705
LTE,25.70545042,85.20734152
LTE,25.57676673,85.26240283
5G,25.66305833,85.08634549
3G,25.51807425,85.160655
LTE,25.70994935,85.02457783
5G,25.69806936,85.09070208
3G,25.72178539,85.10982681
5G,25.66069939,85.02511687
3G,25.67110956,85.07877842
LTE,25.47763084,85.08781594
3G,25.52840471,85.15314587
LTE,25.58651695,85.21124007
LTE,25.63617559,85.11691533
5G,25.73943644,85.06750993
LTE,25.45265964,85.17928179
5G,25.60136038,85.25446495
LTE,25.53754543,85.09729086
3G,25.58682815,85.13132866
LTE,25.59012582,85.23629215
5G,25.4954424,85.16070672
3G,25.64001273,85.22320159
5G,25.65723982,84.98959799
LTE,25.61614587,85.00575457
LTE,25.58069386,85.02732401
5G,25.69441928,85.1483771
4G,25.55966161,85.05228928
LTE,25.57302695,85.23198663
3G,25.53680471,85.21933301
5G,25.68748268,84.99513778
4G,25.57420963,85.13455708
5G,25.70509756,85.2532517
4G,25.7097645,85.13479401
LTE,25.76997577,85.11636331
3G,25.583729,85.29000701
4G,25.56075746,85.06841248
3G,25.60044669,85.24728105
3G,25.7635529,85.17990198
4G,25.60593361,85.2575345
LTE,25.6136347,85.18971284
3G,25.65002357,85.1827101
4G,25.6204145,85.24294588
3G,25.66058044,85.0868456
LTE,25.54523442,85.29914936
4G,25.58674196,85.10921522
5G,25.64811164,84.97794086
3G,25.68608519,85.18544143
LTE,25.61621901,85.22702988
5G,25.5324655,85.27914935
LTE,25.55416359,85.15058956
3G,25.68949219,85.12032944
5G,25.64456707,85.19172787
3G,25.65453067,85.22358728
4G,25.7471412,85.20933119
3G,25.63598828,85.25680769
5G,25.44880904,85.11732259
4G,25.70406145,85.05935853
LTE,25.49450397,85.07170492
LTE,25.53867204,85.02769212
LTE,25.43148367,85.11984128
LTE,25.75549251,85.15402873
LTE,25.52156892,85.28847222
4G,25.66090504,85.09407836
LTE,25.74229907,85.10372628
LTE,25.63737614,85.20083579
5G,25.70715769,85.03137038
4G,25.49823041,85.02513678
4G,25.68859351,85.10115243
5G,25.60594246,85.18370867
LTE,25.57173177,85.27206185
3G,25.49965656,85.03034584
3G,25.69472337,85.09899123
4G,25.59610988,85.29086259
LTE,25.58339766,85.01825665
4G,25.52030734,85.22043046
5G,25.65117461,85.17564618
3G,25.55357094,84.98829633
4G,25.71238771,85.03630434
5G,25.64599583,85.05249485
4G,25.69859159,85.19604827
LTE,25.74714213,85.17483859
3G,25.51856892,85.29844296
3G,25.45483405,85.18455928
5G,25.62103854,84.97026013
5G,25.44541387,85.17244797
5G,25.63200311,85.03833284
LTE,25.45436597,85.05366197
4G,25.76546177,85.16703395
LTE,25.55666936,84.99951361
5G,25.48943501,85.01258287
5G,25.50733598,85.09680681
5G,25.53793273,85.07688947
3G,25.65932873,85.05540091
LTE,25.59072797,85.17484428
3G,25.50806837,85.03552806
4G,25.61651422,85.3028246
4G,25.5073846,85.2549517
5G,25.69002841,85.00872703
5G,25.47123514,85.07854469
5G,25.55205723,84.98307545
LTE,25.67043644,85.01606036
4G,25.66061607,85.08736298
3G,25.47942815,85.13511496
4G,25.65202009,85.27517471
3G,25.60260167,84.96131387
4G,25.42818765,85.11695672
4G,25.6201851,85.1106052
3G,25.69940486,85.22102623
5G,25.62137025,85.16319166
5G,25.49325035,85.05172285
LTE,25.45654828,85.05265949
5G,25.64943867,85.15361009
5G,25.44685465,85.07852746
5G,25.59301909,84.98127423
3G,25.51235229,85.09453772
LTE,25.64782444,85.2367477
5G,25.44413196,85.06635185
5G,25.64213696,85.09195661
5G,25.71749846,85.25942944
5G,25.66228632,84.97265377
4G,25.69451907,85.14767682
4G,25.60454495,85.2312958
LTE,25.59125837,85.00401136
LTE,25.58315119,85.2386798
3G,25.58777478,85.02973895
4G,25.65950463,85.26196906
3G,25.65621712,85.05739269
LTE,25.56718429,85.18220607
3G,25.72893324,85.09918593
LTE,25.47454107,85.1400672
5G,25.53225358,85.23692196
LTE,25.60127104,85.07629117
3G,25.72827889,85.1559139
5G,25.54365446,84.98542825
LTE,25.56619853,85.13742498
3G,25.54370887,85.07010063
5G,25.70613008,85.21419693
LTE,25.67589156,85.00964378
3G,25.5553902,85.12531397
5G,25.70730511,85.19856272
4G,25.56931773,85.20678464
5G,25.64747837,85.13991227
LTE,25.71732487,85.03376836
LTE,25.55510947,85.12415571
5G,25.60359412,85.06630203
LTE,25.54652302,85.05166459
3G,25.75049493,85.14215094
3G,25.54770794,85.16949217
LTE,25.59868038,85.15538022
5G,25.46931463,85.2312107
LTE,25.75117079,85.0696878
LTE,25.56551793,85.14935914
3G,25.44769182,85.0510526
3G,25.62501063,85.2521535
4G,25.6594436,85.13813718
LTE,25.53497617,85.17887243
LTE,25.46585078,85.06654709
4G,25.50797551,85.13063946
5G,25.46760432,85.07148671
5G,25.64517425,85.30464407
3G,25.54474174,85.01995125
4G,25.60091801,85.21203942
LTE,25.62778106,85.05093697
4G,25.60170246,85.31095552
3G,25.49206869,85.17934083
5G,25.49321394,85.18776119
5G,25.56008145,85.16890397
3G,25.47853654,85.12678663
3G,25.64410893,84.97458806
3G,25.57997789,85.08658106
5G,25.72444234,85.20343014
4G,25.48501814,85.13384476
4G,25.54580803,84.99903903
3G,25.68467615,85.23726196
3G,25.60580594,85.11089935
4G,25.42452456,85.17742105
3G,25.61736869,85.02580385
4G,25.76048155,85.16968637
5G,25.62912374,85.20687775
5G,25.62049084,85.09495893
3G,25.69104659,85.07149939
LTE,25.69354961,85.1735714
5G,25.50768165,85.23947642
3G,25.66463502,85.21390723
LTE,25.68663076,84.99953213
3G,25.62163708,85.18013855
LTE,25.49186534,85.15171705
LTE,25.7472287,85.16051059
3G,25.57088747,84.96847866
3G,25.54381616,85.03390576
3G,25.45605615,85.05819764
3G,25.49470199,85.0035375
LTE,25.69363656,85.25124507
3G,25.67547254,85.10164164
4G,25.49771079,85.06550432
3G,25.5496441,85.25539021
LTE,25.43290621,85.14845285
3G,25.73472567,85.03187832
3G,25.46398404,85.07949949
5G,25.71526068,85.18887926
3G,25.52979066,85.09535794
4G,25.65664068,85.16582767
3G,25.53134641,85.22924382
LTE,25.61006453,85.03677553
5G,25.6156527,84.97231267
LTE,25.48469379,85.09215115
4G,25.62210792,85.2477195
LTE,25.49436685,85.02600377
LTE,25.57524209,85.24254629
3G,25.5996682,85.26101443
3G,25.60040719,85.09995068
3G,25.60713841,85.06225934
LTE,25.53433007,85.00655797
5G,25.46960701,85.17014804
LTE,25.57093083,85.14851182
4G,25.761193,85.16422476
5G,25.66676917,85.01028675
4G,25.67292103,84.98151909
3G,25.53985848,85.0368762
LTE,25.53341358,85.04312066
LTE,25.48935615,84.99922126
5G,25.55960913,85.10408356
3G,25.47125352,85.07076912
3G,25.72515719,85.02580148
5G,25.52333509,85.04281251
5G,25.51543441,85.00775802
3G,25.51335186,85.1725873
4G,25.71407555,85.22062541
3G,25.75257345,85.11506438
4G,25.72009685,85.05244399
LTE,25.61396363,85.14006933
3G,25.44366243,85.05833464
LTE,25.47188937,85.24365428
LTE,25.45284129,85.07721722
LTE,25.44671633,85.1234557
5G,25.4324993,85.12947458
5G,25.60820923,85.18226382
LTE,25.60661463,85.24441125
3G,25.67492154,85.10711159
LTE,25.72786463,85.23196435
3G,25.66489091,85.12138282
4G,25.53118606,85.20129356
3G,25.72239524,85.04039048
4G,25.60609276,85.12491529
3G,25.49579464,85.19738577
4G,25.64280869,85.17044756
4G,25.56385886,84.96904056
5G,25.58298989,85.30896567
5G,25.50720999,84.99066444
LTE,25.58863568,85.01766085
5G,25.53537056,85.16613655
LTE,25.51970935,84.98172589
5G,25.58705292,85.09486584
4G,25.67674299,85.11549519
5G,25.49935887,85.25087795
LTE,25.52456676,85.21188326
3G,25.64351627,84.97417691
5G,25.56403553,85.02495631
LTE,25.73191631,85.20535617
3G,25.69029777,85.06096595
4G,25.6912099,85.24811987
3G,25.65921722,85.26472581
LTE,25.62122659,85.27897479
LTE,25.53125874,85.19579647
3G,25.64626372,85.14614418
5G,25.74938464,85.21706481
5G,25.52778267,85.24440621
3G,25.44160224,85.15519129
4G,25.60112482,84.98626922
5G,25.57346845,85.20004063
4G,25.5801057,85.17411322
LTE,25.6825402,85.29299825
LTE,25.61400291,85.00140291
LTE,25.7677078,85.16006958
4G,25.62563882,85.25051543
5G,25.63900967,85.30697887
4G,25.4604755,85.24026097
4G,25.59502139,85.16497038
3G,25.61612013,85.12518936
5G,25.77344633,85.13429704
5G,25.48591421,85.13922281
5G,25.60286322,85.13553894
5G,25.67016097,85.0517573
LTE,25.54943668,85.09094505
LTE,25.61031499,85.05184265
3G,25.65837574,84.97458125
5G,25.74497802,85.18803321
5G,25.52533106,85.26338765
3G,25.64516855,85.00238048
5G,25.72529005,85.19356832
4G,25.62239775,84.98980372
LTE,25.62062681,84.98199883
4G,25.59720648,85.0939848
4G,25.73010111,85.23227742
4G,25.69745122,85.16097914
LTE,25.65628212,85.00088914
LTE,25.46963429,85.18906429
4G,25.47731426,85.21161305
4G,25.57725082,84.96414569
4G,25.51987452,85.12002521
5G,25.64292144,85.000505
4G,25.66903158,85.27735805
4G,25.65613047,85.27970224
3G,25.69070192,85.24160871
LTE,25.56209506,85.18995488
5G,25.69465225,85.17731171
4G,25.5710375,85.05818835
4G,25.59299786,85.1523249
3G,25.62586818,85.13956976
LTE,25.56637802,85.29769005
5G,25.63439179,85.22835794
3G,25.54247634,85.17049159
3G,25.46521065,85.08964403
LTE,25.51641589,85.1914557
3G,25.622465,85.25026015
LTE,25.50730821,85.14900773
LTE,25.59606504,85.00186521
4G,25.48263637,85.19667937
3G,25.48406269,85.12664026
LTE,25.55614386,85.06582395
3G,25.61441638,85.20352807
3G,25.67201086,85.29950146
5G,25.67683601,85.03750966
4G,25.71471359,85.11773224
LTE,25.7487459,85.12205848
5G,25.53566726,85.16098224
4G,25.53539135,85.06235055
LTE,25.73328245,85.05141938
LTE,25.69306919,85.23110549
3G,25.62408473,85.24513194
4G,25.68775417,85.00860815
4G,25.47366388,85.26639967
LTE,25.66422631,85.24731634
LTE,25.52667983,85.14758553
4G,25.56039628,85.29016724
4G,25.47166057,85.24871088
5G,25.46305276,85.23774979
5G,25.49178247,85.23414363
5G,25.62612949,84.97115961
LTE,25.54621214,85.21221799
4G,25.61869195,85.01413182
LTE,25.6681902,85.09521946
LTE,25.66675495,85.00970943
LTE,25.46533071,85.15806673
5G,25.56190408,85.00608676
5G,25.76001829,85.11139023
5G,25.58811375,85.09557668
LTE,25.58518271,85.11571237
5G,25.49469167,85.26766172
4G,25.59570685,85.11001336
3G,25.64788643,85.12088702
3G,25.72206814,85.22735307
5G,25.60975241,85.01637299
LTE,25.57434692,85.13324279
4G,25.55708046,85.27491171
LTE,25.71516565,85.15836139
3G,25.56937765,85.29112773
LTE,25.5245961,85.15817881
4G,25.62059235,85.12349558
LTE,25.54151334,85.29007792
3G,25.46231281,85.25879492
3G,25.54317193,85.28621449
LTE,25.54598926,85.28395426
3G,25.62639712,85.28993353
LTE,25.54253614,85.06356575
5G,25.65719158,85.12822845
LTE,25.64849081,85.0797495
5G,25.47427595,85.21193148
4G,25.61388447,84.97492646
4G,25.65245647,85.08728399
4G,25.6466794,85.24760343
LTE,25.61964187,85.25281024
5G,25.66697377,85.11286048
4G,25.51664615,85.22083633
LTE,25.45378893,85.20713487
LTE,25.6775147,85.16667102
5G,25.6154451,85.09300602
LTE,25.6916305,85.17346063
3G,25.70383526,85.05110753
4G,25.72991371,85.16720561
LTE,25.66471077,85.15053459
4G,25.65394999,85.00727166
5G,25.57762612,85.06012146
3G,25.59130899,85.21627922
4G,25.51508102,85.0394959
3G,25.5023952,85.22212751
5G,25.51041061,85.08770165
3G,25.5319801,85.233065
LTE,25.48683078,85.20998703
4G,25.59777053,85.19002542
LTE,25.47002946,85.05997622
5G,25.58765114,85.21413441
5G,25.547068,85.05265868
4G,25.64164344,85.07815737
5G,25.52162536,85.11118978
3G,25.57571781,85.21470594
3G,25.65131082,85.17744056
4G,25.4267368,85.0967002
4G,25.58183843,85.00922714
3G,25.72390811,85.1453197
LTE,25.55524153,85.20352482
5G,25.47452717,85.18932274
4G,25.46353406,85.18254002
LTE,25.66872055,85.10010309
3G,25.62843068,85.26349481
3G,25.52708627,85.2503062
3G,25.48136356,85.09384169
5G,25.65121263,85.06160002
4G,25.66219835,85.1181195
3G,25.62508776,85.26011571
3G,25.45172866,85.21519068
LTE,25.65988222,85.25995436
5G,25.42168529,85.14853017
LTE,25.52857115,85.10259182
LTE,25.66337639,85.2060703
LTE,25.65398444,85.0848018
LTE,25.69985913,85.20670128
4G,25.68545922,85.0382924
5G,25.65809716,85.29391103
4G,25.59388131,84.99483754
5G,25.48690007,85.0849523
LTE,25.48640352,85.18804067
3G,25.56927655,85.15102588
5G,25.68402426,85.11078234
4G,25.45679719,85.0585154
4G,25.4709433,85.14997062
5G,25.44125374,85.06952323
3G,25.58982652,85.21183871
5G,25.46790104,85.17429892
3G,25.51607588,85.20290622
LTE,25.6685207,85.29451667
3G,25.60855236,85.31438912
3G,25.67356347,85.26845187
5G,25.49633661,85.10072652
4G,25.72833561,85.11023659
LTE,25.62162208,85.23938228
4G,25.70538568,85.05043838
5G,25.43766993,85.08453817
LTE,25.71364472,85.17702651
4G,25.50481444,85.1536219
3G,25.61914783,85.14886078
5G,25.6641653,85.28266938
LTE,25.67962917,84.98508773
3G,25.73257948,85.10986203
4G,25.60682227,85.21190415
LTE,25.71338635,85.07507424
3G,25.44132785,85.10470535
5G,25.43021969,85.17200014
5G,25.50852178,85.19253521
3G,25.49309625,85.24291753
4G,25.65423139,85.12052375
LTE,25.73349377,85.03672604
LTE,25.64897904,85.15547933
5G,25.45684844,85.24192994
3G,25.57182189,85.14635415
3G,25.49310366,85.03483559
3G,25.55907262,84.99621857
LTE,25.56593091,85.23943988
3G,25.66637604,85.19041565
3G,25.69322001,85.22304566
5G,25.59936216,85.25399223
3G,25.73334568,85.12930618
5G,25.53276738,85.02267674
4G,25.61979566,85.06765369
4G,25.72956092,85.05500048
LTE,25.70633803,85.09558168
3G,25.49635646,85.03320587
5G,25.47533447,85.23267712
3G,25.57969293,85.00672656
LTE,25.60196269,85.02327822
3G,25.60940977,85.15576641
4G,25.59381943,85.22232299
3G,25.72998848,85.19621865
5G,25.75664931,85.07561602
3G,25.52191496,85.01330065
5G,25.59683884,85.15097043
3G,25.64030784,85.26795941
4G,25.6062629,85.29893302
5G,25.62091717,85.18272525
5G,25.70051378,85.14351956
4G,25.70342836,85.00848714
LTE,25.64787928,85.04923754
4G,25.65617242,85.15573213
4G,25.76988971,85.14501929
3G,25.74353281,85.15823463
LTE,25.48641494,85.27520574
3G,25.46483554,85.10117307
4G,25.70871975,85.1017328
LTE,25.61570522,84.98170802
5G,25.44895912,85.11298854
5G,25.54070738,85.06616324
5G,25.6689831,85.20868702
5G,25.57769804,84.99872939
LTE,25.57391975,84.99763722
5G,25.61615183,85.26565921
5G,25.49565749,85.18861414
4G,25.65476378,85.1757471
3G,25.4782752,85.14240732
3G,25.59715568,85.17437655
5G,25.42262505,85.08658847
5G,25.72948465,85.03759899
4G,25.61070844,85.16993867
3G,25.65513019,85.18855956
4G,25.59839471,85.10062058
3G,25.58084651,85.04646981
5G,25.50204349,85.06265386
LTE,25.5983453,84.9746627
5G,25.65570553,85.17426819
3G,25.51035582,85.10558695
LTE,25.68613257,85.24574739
3G,25.48120944,85.21404288
4G,25.52373809,85.16628223
LTE,25.53337374,85.27232095
3G,25.6954624,85.1393334
4G,25.62541247,85.00523904
LTE,25.50644699,85.17621599
3G,25.55519682,84.99686853
LTE,25.50872699,85.26506545
5G,25.58865854,85.06621784
LTE,25.72271128,85.23203869
4G,25.69995237,85.00614529
3G,25.64388853,84.99202466
4G,25.58824696,85.29371878
3G,25.52333879,85.29506988
LTE,25.45253994,85.23581292
5G,25.55144245,85.0671554
3G,25.69478512,85.12323431
5G,25.61121647,85.22605181
3G,25.74970083,85.11209978
3G,25.59679029,85.18514856
4G,25.72754732,85.18268736
5G,25.55727626,85.00292467
5G,25.57046994,85.2883028
5G,25.62623956,85.14386693
LTE,25.50067611,85.25045268
LTE,25.62525736,85.136716
4G,25.51351092,85.0168366
4G,25.54767351,85.05258669
3G,25.55238755,85.19974327
4G,25.42639381,85.08507028
3G,25.62797728,85.11745576
3G,25.4763562,85.19019361
3G,25.70072956,85.27039246
4G,25.77080189,85.15728516
4G,25.66384646,84.99053119
LTE,25.72546503,85.17912762
4G,25.54932755,85.19017599
3G,25.63565837,85.2456001
LTE,25.70784224,85.20790165
4G,25.4661477,85.03688565
4G,25.66084599,85.26959522
5G,25.57956116,85.15130028
4G,25.74257167,85.12416979
5G,25.58960873,85.26887966
3G,25.63459438,84.98461377
3G,25.64971326,85.00480614
4G,25.69707665,85.12626122
LTE,25.46992991,85.11233396
3G,25.53504605,85.01767127
4G,25.75665508,85.07207235
3G,25.52858377,85.07603006
4G,25.59648306,85.06924627
5G,25.42842038,85.18024058
LTE,25.65930609,85.24190656
LTE,25.60153059,85.11542375
3G,25.68959772,85.26036169
5G,25.53779569,85.14313446
3G,25.66730322,85.02852194
4G,25.73673985,85.14879744
LTE,25.46373226,85.21891572
5G,25.67823967,85.28142978
5G,25.57783927,85.11523789
5G,25.62911766,84.99527126
3G,25.66524013,85.25981731
LTE,25.52502235,85.08503495
3G,25.46836634,85.1337766
3G,25.42971061,85.13432216
3G,25.66173853,84.99204069
4G,25.65565384,85.1787241
4G,25.49010958,85.06264418
5G,25.70384775,85.01494916
5G,25.62087442,85.03164954
LTE,25.63984812,85.0916265
5G,25.60335856,85.01469981
5G,25.67720477,85.10376963
LTE,25.62906719,85.10762043
3G,25.44404957,85.05164956
LTE,25.66011566,85.12962067
LTE,25.59465838,85.08108099
LTE,25.67564305,85.04642507
5G,25.60876323,85.22840036
4G,25.64137756,85.20933726
5G,25.53591826,84.99524591
4G,25.52799843,85.16047823
5G,25.44256614,85.23343111
4G,25.57426754,85.08690405
3G,25.63853497,85.20857717
LTE,25.60847742,85.07523065
4G,25.65888483,85.13161082
5G,25.64508646,85.24643613
4G,25.54461285,85.06204681
4G,25.74988243,85.13702801
LTE,25.56988647,85.28418211
4G,25.5962704,85.26291913
4G,25.72488937,85.0220203
3G,25.61782474,85.18394421
LTE,25.67711586,85.22045912
3G,25.72536679,85.1924052
5G,25.44183359,85.07794087
5G,25.76839567,85.10182828
5G,25.49295655,85.1908576
3G,25.54538038,85.17028685
5G,25.61296203,85.29689054
LTE,25.59289066,84.98341134
4G,25.75985832,85.13679822
4G,25.58049643,85.21016712
5G,25.69351575,85.15610469
5G,25.67517404,85.16808057
LTE,25.44481971,85.1508985
5G,25.72055548,85.04880351
LTE,25.53047488,84.99622714
3G,25.58558517,85.00368769
4G,25.50646615,85.07573327
LTE,25.57509527,85.15808577
3G,25.65245867,85.07828677
3G,25.41997629,85.14915862
4G,25.66142415,85.26489022
LTE,25.52456843,85.04042287
LTE,25.62753832,85.04711068
LTE,25.45159565,85.15280512
3G,25.53649639,85.06208852
4G,25.62446207,85.1951328
4G,25.67024349,85.22058847
5G,25.70430419,85.13292647
LTE,25.56976128,84.97654561
3G,25.59284627,85.09907731
4G,25.64574352,85.23576911
5G,25.475933,85.22500195
5G,25.46930393,85.13991944
3G,25.55764278,85.22051719
4G,25.71889201,85.20068312
3G,25.45370883,85.10501292
LTE,25.64771437,85.11944607
5G,25.4850648,84.99549992
4G,25.49370481,84.99395161
4G,25.73534983,85.1049608
3G,25.55868415,85.05779303
LTE,25.52482164,85.30002448
LTE,25.63032354,85.11397496
4G,25.70773775,85.2559446
LTE,25.59125649,85.02103485
4G,25.59409664,85.30192447
3G,25.45531353,85.22388184
LTE,25.69642884,85.13889146
5G,25.4572471,85.04519354
4G,25.54981243,85.23635115
5G,25.66064732,85.00348313
3G,25.66692884,85.25394412
5G,25.53781557,85.2741032
LTE,25.46195809,85.08643618
4G,25.49680057,85.14763498
5G,25.54256403,85.18335092
3G,25.53703891,84.99466737
3G,25.61643915,85.31097765
LTE,25.63744808,85.14690963
3G,25.48933938,85.01179753
LTE,25.59766078,85.31288251
3G,25.51532592,85.13227378
3G,25.59210511,85.20479492
3G,25.52951345,85.30430579
LTE,25.64654421,85.30003668
3G,25.68074939,85.02645039
5G,25.60482782,85.11656639
4G,25.62176168,85.26512005
3G,25.74157839,85.10993045
5G,25.56206309,85.1740488
4G,25.67235074,85.11641986
LTE,25.49753613,85.14520139
3G,25.61648179,85.2013541
4G,25.75517432,85.11728029
4G,25.63391793,85.20728533
3G,25.72182444,85.21945292
4G,25.47979179,85.16387103
5G,25.48426259,85.063322
4G,25.63502637,85.13920511
5G,25.66861495,85.24809389
LTE,25.48181311,85.17918372
5G,25.69195706,85.16552292
5G,25.63293451,85.24466943
3G,25.54941274,85.28003012
3G,25.74161723,85.0681374
LTE,25.5946083,85.0842449
5G,25.75211445,85.22303478
4G,25.66834332,85.23613523
4G,25.57764831,85.31498156
LTE,25.47228828,85.01797832
3G,25.51602329,85.11551289
4G,25.56288365,85.18396514
4G,25.43573456,85.21611121
3G,25.65511323,84.99785266
5G,25.49843366,85.12441225
4G,25.44635711,85.04885698
3G,25.42930047,85.17023282
5G,25.52925965,85.11396127
3G,25.60929606,85.16905326
3G,25.63056287,85.22963476
LTE,25.6849561,85.26332928
LTE,25.50275144,85.20787968
LTE,25.76721732,85.16596175
3G,25.62419298,85.0488299
4G,25.70765532,85.18508323
LTE,25.62636666,85.24060395
4G,25.47430478,85.0827673
5G,25.66271891,85.04827759
5G,25.52082244,85.24801642
3G,25.5411249,85.19956939
5G,25.62053143,85.12894705
LTE,25.58597536,84.97135069
LTE,25.59656045,84.97013181
3G,25.46008908,85.25135693
LTE,25.56880688,85.18320539
4G,25.67704537,85.03796513
4G,25.50543071,84.993095
4G,25.70134433,85.04103206
5G,25.6906738,85.27557543
3G,25.50447275,85.02251282
3G,25.47506313,85.01601376
LTE,25.54592139,84.99972826
4G,25.67545279,85.04780244
5G,25.48503641,85.17043253
4G,25.4488517,85.17376604
5G,25.48661184,85.06603716
4G,25.41847409,85.14382137
3G,25.5320607,85.02916376
5G,25.74249044,85.23635635
4G,25.41931272,85.11518359
LTE,25.51347129,85.20645951
LTE,25.72611482,85.15141033
3G,25.6248298,85.13959201
4G,25.58480737,85.03848489
4G,25.65333375,85.1161404
3G,25.61798493,85.16770874
LTE,25.62043872,85.11454183
LTE,25.66450261,85.08272118
LTE,25.60554625,85.12493525
4G,25.60082319,85.06879952
5G,25.73687895,85.15671721
3G,25.44843424,85.21182257
5G,25.7065785,85.00658358
LTE,25.73364641,85.23236089
3G,25.54924527,85.17148923
LTE,25.54025611,85.10754947
5G,25.53591969,85.27139404
4G,25.57871818,85.20048036
5G,25.56791302,85.01044041
5G,25.42517234,85.16437017
LTE,25.56486394,84.99677338
LTE,25.6158349,85.13227553
3G,25.56097827,85.2090928
LTE,25.74755833,85.08104003
4G,25.68640854,85.27163338
3G,25.76655914,85.17298838
3G,25.42496794,85.12050654
3G,25.63817286,85.2960962
LTE,25.62761658,85.01551586
5G,25.43185103,85.15512644
3G,25.74084248,85.19955599
3G,25.645366,84.99393279
5G,25.70371708,85.1878866
3G,25.42127544,85.11319699
5G,25.45433659,85.23492085
LTE,25.6160486,85.00813295
LTE,25.72216502,85.16425182
5G,25.69303749,85.13162626
LTE,25.70886888,85.00499119
4G,25.59522083,84.97394496
3G,25.76804665,85.11298218
4G,25.65110672,85.10074289
4G,25.69284902,85.18628652
4G,25.51898083,85.26934126
LTE,25.60093371,85.23250516
3G,25.70428839,85.18668202
4G,25.4890522,85.19316253
4G,25.74255273,85.17213514
3G,25.63689681,85.19616166
LTE,25.56292995,85.16715881
4G,25.46508609,85.08183154
5G,25.50088175,85.09616919
5G,25.63451468,84.96865424
5G,25.66606063,84.99111707
3G,25.59234219,85.04857088
3G,25.64423913,85.27104413
LTE,25.49702739,85.06714115
3G,25.46931841,85.20528987
LTE,25.61442621,85.01366842
4G,25.46705526,85.1538681
4G,25.64200032,85.26870783
5G,25.44845772,85.12191055
3G,25.49824573,85.08798611
4G,25.64973488,85.01547324
3G,25.67436915,85.16243472
LTE,25.45836672,85.23300385
4G,25.67287712,85.20901581
5G,25.73102309,85.16764536
3G,25.44760227,85.22983011
LTE,25.50610448,85.08482101
3G,25.52355976,85.27697045
3G,25.73441101,85.20506853
LTE,25.5063487,85.07957341
4G,25.7145304,85.20516034
3G,25.51070225,85.17045575
LTE,25.68015337,85.09403674
3G,25.44983294,85.04198107
5G,25.46351923,85.17661415
LTE,25.63427889,85.12317339
4G,25.55221528,85.21846164
LTE,25.59767354,85.24459772
4G,25.67717867,85.25474881
LTE,25.75106493,85.14477136
4G,25.58135821,85.12810637
4G,25.44141595,85.22421972
5G,25.67709522,85.22313658
LTE,25.62603558,85.19563529
4G,25.55565659,85.06693463
4G,25.59666318,85.27374576
3G,25.72360116,85.09917121
4G,25.70970957,85.15401592
LTE,25.69072118,85.12503524
3G,25.73084776,85.18023214
4G,25.46364924,85.03437017
3G,25.53264557,85.09521256
5G,25.5845718,85.23616901
4G,25.49558872,85.07766474
LTE,25.49997201,85.00001883
5G,25.70531709,85.25044466
LTE,25.63356806,85.22943256
LTE,25.60381193,85.27768282
5G,25.67966743,85.12173868
5G,25.64864711,85.27748737
4G,25.54455481,85.02598072
4G,25.67402695,85.04705653
3G,25.57664354,85.06202161
3G,25.6727522,85.08932101
4G,25.76440032,85.0926946
LTE,25.75631567,85.19385953
3G,25.68283505,85.13930131
4G,25.53054146,85.09186666
5G,25.63592831,85.0369611
3G,25.61475606,85.31128326
LTE,25.65604535,85.25714009
5G,25.51035106,84.98022667
LTE,25.50951021,85.27599164
3G,25.51091038,85.17113489
3G,25.5499867,85.14276328
5G,25.43326002,85.10285442
3G,25.62452942,85.14412146
4G,25.43066261,85.1318202
3G,25.4285627,85.14140124
4G,25.61078117,85.081181
LTE,25.67766615,85.10377532
3G,25.48682419,85.04044349
3G,25.53742663,85.01679757
5G,25.67731982,84.98102025
5G,25.46755053,85.23965451
LTE,25.60165731,85.25160484
LTE,25.55306812,85.2294553
5G,25.55110851,85.25155045
5G,25.56690395,84.98639843
LTE,25.44643878,85.10692561
LTE,25.4582695,85.08770901
LTE,25.5037377,85.24979939
LTE,25.69859317,85.24840216
4G,25.52157496,85.03891932
3G,25.60126735,85.14057462
3G,25.71424756,85.19742938
3G,25.42052572,85.13187542
3G,25.75218119,85.20677404
5G,25.46795926,85.25154258
LTE,25.59854227,85.1337267
LTE,25.71496926,85.07714353
LTE,25.56363103,85.06616978
LTE,25.72619523,85.1569517
5G,25.66938746,85.20238007
3G,25.74106966,85.18487299
5G,25.55469564,85.03628347
4G,25.64013887,85.19962027
4G,25.66756509,85.08090956
LTE,25.61002138,84.98576918
5G,25.52937605,85.0284267
LTE,25.53261905,85.01470411
3G,25.56500009,85.16548304
3G,25.46962651,85.21896365
4G,25.53453043,85.09697842
5G,25.64043566,85.12353283
3G,25.62775982,85.21515801
LTE,25.65044841,85.10308526
4G,25.45416939,85.13745704
4G,25.61614103,85.00539879
4G,25.71335059,85.14182875
3G,25.68281433,85.04916083
5G,25.63776368,85.25435755
3G,25.69731595,85.15364513
4G,25.57183393,85.09359318
4G,25.65344982,85.02230371
5G,25.57317299,85.17220171
LTE,25.64995771,85.21414656
4G,25.65380786,85.02911906
5G,25.55682088,85.09400297
5G,25.43658883,85.15972767
4G,25.6952833,85.23462035
5G,25.63145981,85.18547607
4G,25.41902621,85.09899149
5G,25.51596337,85.05275961
3G,25.51947043,85.2963161
3G,25.69374213,85.13935943
LTE,25.69831559,85.08630205
5G,25.5278374,84.97981796
3G,25.65952695,85.25572914
5G,25.51710307,85.20425703
4G,25.49042407,85.25300708
4G,25.69137173,85.11336846
4G,25.55962912,84.98355045
3G,25.53924849,85.25822206
3G,25.48305995,85.15938896
3G,25.70641609,85.1104203
3G,25.63854158,85.05276264
LTE,25.65933576,85.01642016
5G,25.56237537,85.2145795
5G,25.47277466,85.11172708
LTE,25.47165125,85.12808742
5G,25.48533099,85.00048077
4G,25.70904106,85.01828735
3G,25.48812244,85.10450682
3G,25.57638615,85.14642246
LTE,25.61209707,85.14516479
4G,25.56605295,85.23906069
3G,25.5623141,85.10406445
LTE,25.54114922,85.13498818
LTE,25.68864774,85.16131657
LTE,25.59378561,84.96321287
LTE,25.63109061,85.02379635
5G,25.69290375,85.17613781
4G,25.53423437,85.17396431
4G,25.50305697,85.17712945
5G,25.6169503,85.09129157
3G,25.6488728,85.07651957
3G,25.56275172,85.08936767
3G,25.71955004,85.18639928
LTE,25.51455373,85.00555778
3G,25.44964824,85.12983789
4G,25.68800541,85.27735903
3G,25.64520088,85.19051284
3G,25.69440101,85.16286024
4G,25.54830608,85.16526494
LTE,25.52144971,85.07022161
LTE,25.65726822,84.99795481
4G,25.51724294,85.05152799
4G,25.57083217,85.05804692
4G,25.46669584,85.14301863
3G,25.47938843,85.06025459
LTE,25.51969667,84.98431593
5G,25.70746314,85.00078345
3G,25.5841444,85.13321266
3G,25.72020879,85.11739466
4G,25.62792349,85.07094615
LTE,25.4933896,85.11248334
3G,25.56172382,85.11375848
LTE,25.47450865,85.04411277
5G,25.60814336,85.12268801
5G,25.71844259,85.02579349
5G,25.53550218,85.21816405
4G,25.52890359,85.03088878
5G,25.5566039,85.13115197
3G,25.54328519,85.24702126
3G,25.70515833,85.14379663
LTE,25.64387232,85.04076927
5G,25.6969842,85.03891558
3G,25.63596976,84.99446866
LTE,25.62176379,85.24083049
3G,25.46941788,85.06549582
4G,25.51581934,84.99335379
3G,25.7401647,85.0708348
5G,25.72186573,85.19877924
3G,25.74950744,85.17003867
4G,25.65324247,85.12592779
4G,25.77312315,85.13474966
3G,25.60312492,85.15409806
5G,25.59392799,84.96789627
3G,25.63024385,85.1700454
4G,25.73286166,85.19480079
5G,25.54679197,85.21537176
3G,25.75725468,85.08309427
LTE,25.54596315,84.97032803
3G,25.56367211,85.29884109
5G,25.63798183,85.26961916
5G,25.67166653,84.99900909
LTE,25.52639424,85.28346119
5G,25.66936966,85.11129619
5G,25.46852077,85.17889368
4G,25.66250978,85.04086566
4G,25.62720666,85.17108118
3G,25.49974495,85.03173242
LTE,25.63421034,85.31100992
4G,25.69231485,85.25210883
5G,25.67170313,85.02383176
LTE,25.54423494,85.23154962
3G,25.51610439,85.24539295
LTE,25.55997701,85.28337157
4G,25.74154745,85.12397116
4G,25.42577052,85.1724122
4G,25.70653862,85.22547169
3G,25.56212775,85.22537062
5G,25.69552239,85.01974929
5G,25.66858385,85.28644888
3G,25.55959154,85.25174328
LTE,25.61996631,85.27536585
5G,25.42481797,85.13165468
4G,25.48556351,85.13924306
4G,25.67982011,85.05096123
LTE,25.60826927,85.2561556
LTE,25.72756549,85.09400324
4G,25.56084103,85.19104586
4G,25.5266901,85.04688413
LTE,25.53817893,85.28015325
3G,25.58581183,84.98116547
LTE,25.61891933,85.29131236
4G,25.6647493,85.03403108
4G,25.46476508,85.11663919
3G,25.64977128,85.19709905
4G,25.74821166,85.16502235
3G,25.61375467,84.96263305
LTE,25.69175192,85.26522733
5G,25.64117243,85.14125394
3G,25.50979016,85.06336386
3G,25.57909738,85.01477848
5G,25.66489838,85.18035577
3G,25.57695704,85.09779436
5G,25.56645525,85.11451015
5G,25.47899515,85.08242186
3G,25.70469893,85.19309205
4G,25.52203884,85.02026791
4G,25.57879535,85.01174236
4G,25.76152947,85.14975372
3G,25.56006826,85.03907796
3G,25.70284226,85.17303667
3G,25.76855166,85.12951432
5G,25.59735643,85.09798307
5G,25.49363216,85.10950255
5G,25.41665964,85.16561667
5G,25.63426799,85.09459457
3G,25.7110324,85.22172278
3G,25.47924784,85.20170842
5G,25.50815528,85.24690184
5G,25.6179923,85.17179757
LTE,25.68250817,85.0276112
LTE,25.7186079,85.07313379
5G,25.43713724,85.12544409
4G,25.53383027,85.30465942
4G,25.73690803,85.03655264
3G,25.59777896,85.24423664
4G,25.74988794,85.06645386
4G,25.62974175,85.13583048
4G,25.65490864,85.29112642
3G,25.63128761,85.14868131
3G,25.4381643,85.11078672
5G,25.57259923,85.1136277
LTE,25.50865704,85.28576653
4G,25.50967597,85.29571082
LTE,25.42213127,85.18518274
5G,25.45771503,85.16446926
LTE,25.52793848,85.29045185
5G,25.55076058,85.12297695
3G,25.6794591,85.0193043
4G,25.68844811,85.28974708
5G,25.52111607,85.19416792
LTE,25.67257163,85.19755131
3G,25.56031282,84.99399807
4G,25.47188416,85.16965626
4G,25.75841737,85.13599388
3G,25.68293679,85.0240886
LTE,25.63780461,85.0853636
5G,25.67776575,85.06706454
LTE,25.66705709,85.04145341
LTE,25.65522854,85.29649548
5G,25.44035255,85.20479794
3G,25.68873297,85.13795159
LTE,25.74783304,85.1107129
LTE,25.52233835,85.13726817
5G,25.6648947,85.09942424
3G,25.60157561,85.19072264
LTE,25.58730791,85.19175311
LTE,25.73149321,85.23304883
3G,25.6544289,85.14154301
4G,25.55193831,85.07018183
4G,25.71840496,85.01004869
5G,25.66591684,85.25939658
LTE,25.64916005,85.0732856
5G,25.52236096,85.11607379
LTE,25.53122593,85.0205397
4G,25.51769399,85.06646049
LTE,25.60279717,85.09414913
4G,25.58475383,85.29983975
LTE,25.71043555,85.19764918
LTE,25.65457485,85.25761968
5G,25.41458526,85.13955943
4G,25.42182005,85.15134358
4G,25.74332836,85.17750171
5G,25.66383661,85.00270049
5G,25.60198092,85.19174608
LTE,25.48560795,85.06482468
LTE,25.51519718,85.20944212
4G,25.68128578,85.28773899
LTE,25.76721147,85.1741036
3G,25.45185598,85.05359265
3G,25.55967734,85.08213331
3G,25.68893467,85.03586294
4G,25.47515446,85.11069262
LTE,25.55533107,85.29058774
5G,25.57341492,85.2466211
LTE,25.5387202,85.03032771
5G,25.6718593,85.06278852
4G,25.70042397,85.15222633
4G,25.5627386,85.12718884
3G,25.75550934,85.12935868
LTE,25.76461453,85.10358253
3G,25.52075864,85.12303334
LTE,25.43900365,85.20044099
4G,25.70403247,85.15808412
5G,25.64616519,85.12250146
5G,25.55851769,85.02379856
3G,25.489184,85.105002
LTE,25.44096874,85.22511598
4G,25.7642469,85.13502065
3G,25.69183951,85.27212899
5G,25.69385631,85.16155253
3G,25.75274724,85.08700459
LTE,25.73445912,85.20406243
3G,25.72741631,85.10693044
3G,25.545128,85.02782712
3G,25.52693105,85.15885858
LTE,25.55858089,85.13875607
5G,25.60149433,85.10161103
4G,25.6946802,85.11456124
3G,25.62631234,85.06822594
5G,25.71212348,85.25362314
4G,25.53188674,85.26374955
LTE,25.6246661,85.24503557
4G,25.66783079,85.0762075
4G,25.58801794,85.02679669
LTE,25.58231237,84.95972607
4G,25.63614184,85.24290746
5G,25.43387012,85.08951134
3G,25.50822168,85.25112834
4G,25.62592355,85.23460661
5G,25.61564342,85.30726406
5G,25.66578117,85.27298576
4G,25.52208824,85.09727739
3G,25.42997597,85.16420606
LTE,25.64085266,85.02680928
4G,25.46179808,85.21366231
5G,25.59378573,85.25777536
4G,25.67633247,85.26474277
LTE,25.59702527,85.0578528
5G,25.54299073,84.98337558
3G,25.57528365,85.29261985
3G,25.45154,85.07650511
4G,25.67755287,85.0061819
LTE,25.58077966,85.05114819
4G,25.58364494,85.12704226
5G,25.73258924,85.05235998
LTE,25.45559712,85.21368257
3G,25.44017214,85.07482133
5G,25.57183615,84.97283866
3G,25.63323752,85.09839144
LTE,25.73824491,85.23703787
4G,25.6232971,84.99440751
LTE,25.54517963,85.12158474
5G,25.70386331,85.01170652
4G,25.61635839,85.20998323
LTE,25.67076867,85.19588085
LTE,25.58326217,85.13985605
3G,25.45662681,85.19886835
LTE,25.49790702,85.13751891
4G,25.59087774,85.18633352
3G,25.68079058,85.11218513
5G,25.48535081,85.24240353
LTE,25.73225004,85.07764964
3G,25.64415478,85.01933482
5G,25.53138069,85.16878896
4G,25.63558474,85.07581252
4G,25.6203906,84.97879165
4G,25.74674081,85.20548417
5G,25.67508634,85.25558253
LTE,25.4895843,85.10732661
LTE,25.75159356,85.15751459
LTE,25.60710356,85.13630723
5G,25.65540655,85.06326269
4G,25.61963208,85.09336051
5G,25.67344361,85.04655842
4G,25.66921379,85.01358103
4G,25.67569527,85.1974168
5G,25.54570092,85.03979126
5G,25.485227,85.14080206
3G,25.56694977,84.97130486
4G,25.52147969,85.05736797
LTE,25.65110055,85.04579776
3G,25.56508277,85.03972636
5G,25.43446309,85.18474479
5G,25.54113879,85.1040003
3G,25.54393516,84.97405803
5G,25.67393755,85.00251453
5G,25.48890214,85.23345959
5G,25.6078182,85.17926748
5G,25.63871844,85.1815139
5G,25.72653061,85.20597026
5G,25.67060657,85.19716622
4G,25.51223063,85.25037555
4G,25.69903687,85.18679658
3G,25.45904837,85.04702151
3G,25.43444415,85.10724263
5G,25.48605179,85.12976063
4G,25.62426016,85.29701497
5G,25.68003156,85.27089087
5G,25.45380211,85.07254343
3G,25.45724207,85.20144054
3G,25.459815,85.10424642
4G,25.4859668,85.09436104
4G,25.63115281,85.01909816
5G,25.50898145,85.01784669
4G,25.6418573,85.07128613
5G,25.49042051,85.23526554
5G,25.62973491,85.28438197
3G,25.69441689,85.00264988
5G,25.51029762,85.11018911
3G,25.54921806,85.20881324
4G,25.69913681,85.15034129
4G,25.56125891,85.25490132
5G,25.49843394,85.06255619
5G,25.50511918,85.25391653
5G,25.52915058,85.2009683
LTE,25.76058582,85.11473297
LTE,25.62094728,85.14119088
5G,25.55678094,85.07821696
4G,25.64587327,85.10983079
3G,25.47808495,85.1730501
3G,25.50768427,85.13614591
5G,25.64772172,85.11396689
LTE,25.6130743,85.03940492
3G,25.60615904,85.04564464
5G,25.710007,85.03396792
4G,25.55003996,85.04057144
LTE,25.53335583,85.01280187
3G,25.46688892,85.24525405
LTE,25.47777357,85.16843625
4G,25.6185052,85.25284428
5G,25.68219345,85.09638721
5G,25.72862777,85.11516833
3G,25.46681559,85.09406422
LTE,25.54697019,85.01808468
5G,25.59580943,85.06731326
5G,25.55223322,85.28201345
5G,25.71818145,85.0145551
4G,25.63251053,85.08864309
4G,25.65901992,85.08141257
5G,25.53027909,85.25517842
5G,25.69446913,85.06307827
LTE,25.71929265,85.22068161
3G,25.48566927,85.18275494
3G,25.50877505,85.0473869
5G,25.55241071,85.06174721
3G,25.57411551,85.07294904
4G,25.54798986,85.24049066
4G,25.61283287,85.31529925
4G,25.54599852,85.1273963
5G,25.7181323,85.20565502
4G,25.539525,85.00718959
LTE,25.62918514,85.07333292
5G,25.48665157,85.1997441
LTE,25.41661801,85.1300091
3G,25.67093819,85.12911292
LTE,25.57436766,85.07633548
4G,25.45780131,85.07065384
LTE,25.51441582,85.29841885
5G,25.45011226,85.24327266
LTE,25.60917464,85.00916687
3G,25.68462429,85.04833494
3G,25.67619711,85.17799563
4G,25.58292553,85.06391183
5G,25.56181291,85.13336055
LTE,25.53574349,85.29738044
3G,25.67870152,85.25988839
5G,25.58214139,85.26658711
5G,25.552312,85.20717269
LTE,25.44595511,85.07055399
3G,25.53485823,85.12981079
4G,25.42981874,85.07203119
LTE,25.63214386,85.28218417
LTE,25.52531344,85.11694438
3G,25.64898308,85.15193363
3G,25.44057236,85.17300432
5G,25.54138444,85.09186117
3G,25.59815113,85.2019965
LTE,25.49834483,85.19155604
4G,25.48630541,85.1990438
4G,25.71280959,85.25981342
4G,25.45468675,85.14810989
4G,25.61846697,85.21706783
LTE,25.41934208,85.14332453
3G,25.60236988,85.01595278
LTE,25.74453512,85.05516325
4G,25.49351012,85.03240365
4G,25.61393804,85.17389632
5G,25.66409655,85.0941686
LTE,25.74892036,85.15632175
LTE,25.4994515,85.17428957
LTE,25.69745255,85.17324052
4G,25.55133241,85.0711863
3G,25.58654634,84.98245778
5G,25.49197315,85.08666944
3G,25.55335516,85.23424292
4G,25.52696882,85.00491997
5G,25.68385397,85.18520132
3G,25.58342618,84.97659925
LTE,25.70979204,85.21134709
5G,25.63792323,85.09819399
LTE,25.67280786,85.24218973
3G,25.48524078,85.22209444
4G,25.59471452,85.2601418
LTE,25.44543469,85.21788279
3G,25.56490381,85.06991064
3G,25.75102171,85.06495401
3G,25.62101024,85.19256519
LTE,25.53709,85.05136952
5G,25.58344181,84.97429406
LTE,25.48759036,85.19831192
LTE,25.45562227,85.08936905
5G,25.51247744,85.27490655
5G,25.75686395,85.10340846
3G,25.57786972,85.11354494
4G,25.51604994,85.12636289
LTE,25.56292217,85.25124711
4G,25.56996152,85.14059487
5G,25.51390528,85.17129922
4G,25.7644856,85.08882584
5G,25.53659349,85.03163289
3G,25.64111729,85.2059926
LTE,25.5711512,85.14964488
4G,25.73484593,85.10490701
3G,25.66458168,85.0674745
4G,25.55530211,85.05166862
LTE,25.54404464,85.27408029
3G,25.66345781,85.14721054
LTE,25.43968539,85.05547035
3G,25.62976966,85.03991359
LTE,25.75824581,85.0831499
LTE,25.75223832,85.0993003
3G,25.62820863,85.15732932
LTE,25.72502419,85.19641018
5G,25.42988579,85.1957574
3G,25.4979286,85.01451391
3G,25.71823585,85.10665385
3G,25.76460958,85.15080021
LTE,25.51957,84.98612164
4G,25.74470559,85.10149295
5G,25.49178968,85.14521441
4G,25.69601222,85.12311809
LTE,25.45939871,85.17566599
LTE,25.54134154,85.2932913
5G,25.59710289,85.15458084
3G,25.66774894,85.00243424
LTE,25.46395507,85.17355306
4G,25.45296425,85.19068011
5G,25.70679319,85.19761379
5G,25.60823145,85.29466478
4G,25.71399475,85.24614559
3G,25.60591525,84.99762028
LTE,25.69360914,85.03560169
5G,25.70256428,85.18854158
4G,25.6618895,85.26398318
4G,25.74151843,85.14906713
5G,25.55112938,85.04410229
5G,25.43191922,85.20101799
LTE,25.59455607,85.28522445
LTE,25.51014335,85.15138795
4G,25.50671538,85.04385891
4G,25.72041728,85.13370547
3G,25.5140681,85.18574821
5G,25.49255536,84.99889166
3G,25.49596795,85.00510355
3G,25.55106902,85.11701577
5G,25.58882095,85.26968927
5G,25.58784755,84.96067457
LTE,25.45285367,85.07388919
3G,25.75164686,85.17249381
4G,25.63162233,85.05393782
5G,25.74578634,85.12088751
5G,25.54118939,85.03134793
5G,25.57949251,85.0426283
4G,25.61847563,85.13194702
3G,25.74213824,85.05497327
4G,25.71298968,85.20211689
3G,25.53927962,85.06976095
4G,25.75808899,85.15420426
3G,25.47233252,85.18074689
5G,25.55795841,85.290323
3G,25.50431903,85.05808639
4G,25.67801645,85.08132721
LTE,25.53250609,85.1889889
4G,25.53082533,85.0497227
5G,25.52325347,85.15008986
3G,25.67420445,85.23446636
4G,25.66721877,85.18379956
4G,25.61264925,85.30840768
4G,25.63556323,85.14786497
4G,25.63537606,85.07343479
LTE,25.75120038,85.07798942
4G,25.4387221,85.19340246
5G,25.52266735,84.97954716
4G,25.43051496,85.1820044
5G,25.57835137,85.13908429
3G,25.68640059,85.13490892
5G,25.45551429,85.11151072
3G,25.55309619,85.31198266
5G,25.5337678,85.30257731
LTE,25.72737052,85.1178784
LTE,25.52496444,85.19545452
5G,25.49436888,85.27149288
4G,25.51501457,85.10881291
4G,25.579997,85.11383524
3G,25.52568692,85.01622489
5G,25.61913819,84.97817582
3G,25.72120099,85.12792251
5G,25.49543524,85.24316661
LTE,25.61705273,85.27293881
LTE,25.70302018,85.19969735
3G,25.55011357,85.07888921
4G,25.70392332,85.08205463
5G,25.4629617,85.20075443
5G,25.58667399,85.12877853
4G,25.68859128,85.19139964
3G,25.55255217,85.31003022
3G,25.71319425,85.08934404
4G,25.66609048,85.00551772
4G,25.45122591,85.06408852
LTE,25.69910503,85.24366374
3G,25.48375229,85.2437793
LTE,25.70502982,85.22821417
LTE,25.55960786,85.13230295
5G,25.5442389,85.09161546
3G,25.52261008,85.19560071
5G,25.61845698,85.24689189
4G,25.59667391,85.00464452
LTE,25.45252444,85.16225068
4G,25.60525468,85.1230019
3G,25.59606327,85.28272464
LTE,25.76075133,85.16891019
LTE,25.51931923,85.11764364
4G,25.58369473,85.29890974
3G,25.63816879,85.01644455
5G,25.49315317,84.99634686
5G,25.62676369,85.01676904
3G,25.56737015,85.0377051
LTE,25.59411872,85.09676113
3G,25.45597678,85.16692429
LTE,25.58155329,84.99221678
5G,25.5419353,85.28564796
4G,25.56375111,85.18683945
3G,25.64585044,85.02997487
LTE,25.57153402,85.17702383
5G,25.58188825,85.01227523
3G,25.45719415,85.12037191
4G,25.60057445,85.06644013
4G,25.70754663,85.02989456
LTE,25.55802775,85.30137999
3G,25.6865145,85.1254093
3G,25.61181625,85.20045769
5G,25.60603458,85.1114759
4G,25.4909161,85.1360209
3G,25.47169065,85.1863304
LTE,25.60682138,84.97093075
3G,25.51795084,85.02488644
5G,25.57664402,84.96366497
LTE,25.46065281,85.10035591
4G,25.59582993,85.30224485
5G,25.68252531,85.09340115
3G,25.60044386,85.10595629
LTE,25.71685721,85.05972372
3G,25.61348331,85.1568704
4G,25.73556549,85.13849711
LTE,25.54128995,85.18261119
5G,25.56123264,85.21684538
4G,25.4345605,85.16260837
4G,25.57284127,85.24180796
5G,25.69011939,85.26994774
3G,25.62667626,85.09757148
LTE,25.56530753,85.03595153
LTE,25.57250966,85.30374012
3G,25.45737334,85.18864126
3G,25.47658966,85.09218521
LTE,25.45834721,85.05237097
5G,25.5393864,85.01565731
4G,25.71158402,85.07398444
3G,25.70519309,85.06916051
4G,25.47582416,85.01297978
5G,25.44327023,85.08979162
3G,25.45018562,85.12594762
4G,25.57078959,85.03147844
3G,25.52424271,85.26309287
4G,25.67760504,85.08755851
4G,25.61485625,85.24977844
4G,25.73371398,85.19352274
3G,25.46399629,85.06426475
3G,25.59020105,85.10082119
4G,25.64216461,85.10600307
5G,25.6025772,85.23729619
5G,25.54782346,85.0221111
3G,25.59325563,85.01086084
4G,25.5253536,85.20938952
5G,25.67000127,85.26220668
3G,25.50470097,85.23157558
5G,25.71406551,85.21402863
LTE,25.6149482,85.28448865
5G,25.75466824,85.20181905
5G,25.73126486,85.14855601
4G,25.68366798,85.14976094
LTE,25.59319434,85.13786215
5G,25.76062864,85.10137426
LTE,25.65106633,85.27901539
3G,25.58936878,85.07383824
5G,25.63881398,85.22125788
4G,25.44320664,85.23453796
5G,25.63641064,85.22257596
LTE,25.50307596,85.26405886
3G,25.52962648,85.29760423
5G,25.58611089,85.10738798
3G,25.67528261,85.22521031
5G,25.47500433,85.20347434
LTE,25.4537217,85.14029195
5G,25.64672291,85.09495464
LTE,25.70822018,85.01138882
5G,25.61643829,85.13585883
4G,25.67829507,85.11781312
5G,25.72583027,85.07994271
5G,25.49540903,85.19825621
4G,25.4936516,85.12088821
5G,25.60661536,85.03889993
5G,25.72524826,85.25741597
LTE,25.48456305,85.22178148
3G,25.73017124,85.05591818
4G,25.47128658,85.25046266
3G,25.539288,85.12567294
4G,25.58037606,85.18716698
5G,25.57729803,85.27804542
3G,25.48176788,85.18782733
4G,25.76129447,85.13158092
4G,25.44237754,85.09990224
5G,25.63998265,85.07741331
4G,25.47129194,85.08898309
LTE,25.55811869,85.04693155
LTE,25.73448031,85.11489397
3G,25.68606119,85.03782884
5G,25.56132787,85.26942158
3G,25.64639412,85.20193939
3G,25.640311,85.19295206
5G,25.6230049,85.13366619
4G,25.634579,85.18699573
4G,25.66644009,85.17499613
3G,25.6344776,85.1237972
3G,25.63365997,85.21922942
3G,25.76019631,85.10694819
LTE,25.49773172,85.17552964
4G,25.5815682,85.01428764
4G,25.52240822,85.1950051
LTE,25.50147426,85.01465837
4G,25.68832952,85.09684241
LTE,25.70324382,85.04331195
3G,25.51096745,85.19838542
5G,25.61938391,85.01501987
LTE,25.59591816,85.04979204
3G,25.53574216,85.26320521
4G,25.63881398,85.2048022
5G,25.6766438,85.2399906
LTE,25.70634386,85.1498237
3G,25.64866565,85.23784608
3G,25.72735918,85.20102711
4G,25.74322023,85.13353144
4G,25.44625943,85.05220181
4G,25.41729309,85.14309808
3G,25.68147427,85.00788701
5G,25.71101709,85.07876185
LTE,25.72198246,85.1493438
5G,25.63801416,85.27247919
LTE,25.63523905,85.2651246
4G,25.53968094,85.04291643
4G,25.48243272,85.08806896
5G,25.73762786,85.09715741
5G,25.49398472,85.04778236
LTE,25.45838528,85.1252191
LTE,25.56444615,85.1962565
4G,25.67139039,85.16053868
LTE,25.53279421,85.30508856
LTE,25.5408545,85.20124466
4G,25.47405902,85.06736919
5G,25.47380773,85.14845501
4G,25.66878209,85.26874625
3G,25.6559596,85.27425672
3G,25.53629641,85.10687991
4G,25.48962175,85.26421056
LTE,25.56606429,85.23366854
4G,25.69774178,85.27785163
LTE,25.46233755,85.15589913
5G,25.75397414,85.21010358
4G,25.4817811,85.04353029
5G,25.6346655,85.01957355
3G,25.62069635,85.25289074
LTE,25.67965652,85.27720306
LTE,25.44837746,85.17854677
4G,25.61007493,85.12716218
5G,25.55147647,85.25498593
3G,25.73446289,85.21243145
5G,25.48629786,85.13560098
LTE,25.49194631,85.15421413
3G,25.46578855,85.14037717
5G,25.54064596,85.07287177
5G,25.68772534,85.13850836
3G,25.54400777,85.07428299
3G,25.66196292,85.0534021
4G,25.63037657,84.99028277
LTE,25.70572851,85.23092025
4G,25.56380585,85.25246368
LTE,25.51216515,85.04979477
3G,25.50915853,85.03301038
5G,25.72754374,85.25522786
4G,25.66951795,85.22856181
4G,25.7612524,85.19266263
3G,25.65174536,85.05298134
3G,25.50585042,85.235429
5G,25.53623266,84.99943027
LTE,25.74050926,85.04304368
LTE,25.46682955,85.25191689
LTE,25.4458872,85.17677506
4G,25.52912718,85.26316139
3G,25.51802874,85.01102964
5G,25.55047535,85.05332254
3G,25.57578795,85.26768966
LTE,25.57760778,85.15622506
3G,25.57534596,85.13529743
5G,25.76157734,85.12279996
LTE,25.72885348,85.11593271
LTE,25.4958474,85.12321684
5G,25.63913462,85.04055888
5G,25.58223762,85.10846337
4G,25.50005784,85.20811232
3G,25.61180536,85.29349248
4G,25.4299268,85.17706033
LTE,25.63736048,85.09628284
LTE,25.60883022,85.17764121
LTE,25.54686619,85.19827277
4G,25.4597107,85.12608036
3G,25.71794948,85.02152759
3G,25.62848377,85.21709995
5G,25.55994166,84.99255962
5G,25.50653129,84.99211838
LTE,25.46876792,85.17612188
3G,25.72652649,85.02274578
5G,25.59391789,85.2329121
4G,25.53110673,85.00125613
4G,25.62763065,85.26516761
5G,25.43877616,85.17096932
3G,25.46889905,85.19077372
LTE,25.73276575,85.20372123
LTE,25.55533897,85.19595842
4G,25.64254272,85.17324881
LTE,25.67448465,85.06421206
5G,25.69132865,85.13890611
3G,25.63130751,85.19275688
LTE,25.52150901,85.21863961
4G,25.53723954,85.22541199
3G,25.45051988,85.19127688
3G,25.72042493,85.04645344
4G,25.7579457,85.07527228
3G,25.60189238,85.16891388
3G,25.60637714,85.16023931
LTE,25.69381857,85.27666389
LTE,25.58949074,84.99649287
4G,25.48428119,85.11291698
5G,25.72610179,85.07705713
3G,25.71253365,85.02905455
4G,25.6316055,85.27199897
4G,25.63024379,85.16159675
4G,25.54117635,85.11668772
5G,25.65156722,85.01843891
5G,25.53524867,85.27843391
4G,25.53889733,85.22409672
3G,25.41800108,85.13080234
3G,25.62438837,84.98770077
4G,25.48747318,85.04205202
5G,25.52268578,85.22098999
3G,25.60742064,85.04999509
5G,25.55793643,85.05426307
5G,25.6663848,85.2000392
3G,25.75856212,85.20146458
3G,25.43995747,85.13406173
LTE,25.53439418,85.298347
4G,25.74589847,85.10674677
3G,25.57638557,85.08698011
3G,25.55813565,84.99897715
4G,25.67859593,85.15449218
4G,25.77205922,85.12095491
4G,25.45623728,85.14394257
5G,25.4268434,85.08587364
4G,25.52156282,85.12508408
4G,25.5457221,85.18300058
5G,25.71278454,85.06717821
4G,25.50021511,84.98975715
5G,25.65899744,85.10822393
5G,25.65170725,85.23467074
3G,25.68383881,85.25092896
LTE,25.55786773,85.01248726
5G,25.54637392,84.96839751
5G,25.44186346,85.1215254
5G,25.72951454,85.06754889
5G,25.61448836,85.3125084
5G,25.44308318,85.18073347
5G,25.51817555,85.28325295
5G,25.70929321,85.10947617
4G,25.72339384,85.02073459
LTE,25.43894024,85.20545864
LTE,25.5582099,85.00850447
5G,25.60632491,85.06770461
4G,25.64891277,85.145423
LTE,25.54784644,85.24566287
LTE,25.4517136,85.1626524
4G,25.69430781,85.23582857
5G,25.68347267,85.14681585
3G,25.74518245,85.09732399
LTE,25.72854978,85.21724616
3G,25.60684754,85.06850659
LTE,25.61748838,84.96567472
LTE,25.60407019,85.12270581
4G,25.61857804,85.24443967
5G,25.7350838,85.18053192
4G,25.5344744,85.17709752
4G,25.65010046,85.08715912
4G,25.60222972,85.13066719
5G,25.51903776,85.2602664
4G,25.5402823,85.12334901
LTE,25.4829776,85.11199097
5G,25.68653123,85.17362981
5G,25.55002774,85.18446668
LTE,25.70552,85.17659639
LTE,25.69647938,85.07843326
5G,25.52438669,85.15082143
3G,25.6826243,85.15421424
5G,25.56492109,85.14306659
4G,25.62113496,85.10820835
3G,25.4717628,85.1598893
4G,25.66603788,85.0394861
5G,25.74313888,85.09010252
5G,25.48368731,85.18614076
5G,25.4453573,85.15975258
3G,25.72958567,85.06988167
3G,25.42303161,85.08265044
LTE,25.45766645,85.15211334
LTE,25.75448374,85.07988331
LTE,25.70888497,85.13055255
5G,25.72274846,85.15344557
4G,25.6244239,85.1422066
3G,25.48988334,85.00687809
5G,25.48600466,85.2402482
5G,25.56411963,85.0944835
5G,25.63236246,85.31106043
LTE,25.67889415,85.27197349
4G,25.57341025,85.22595151
4G,25.59825145,85.04439883
5G,25.64288654,85.2460893
4G,25.70378705,85.26951939
5G,25.49237978,85.08398729
3G,25.51746698,85.13628304
LTE,25.72334362,85.0368187
5G,25.69658012,85.10667614
LTE,25.5886073,85.25935813
4G,25.57307419,85.15441259
4G,25.55050037,85.27685422
5G,25.76454504,85.18064378
5G,25.49550284,85.1403542
5G,25.44507315,85.16826457
LTE,25.6278312,85.07360631
LTE,25.62884103,85.25524572
5G,25.5729718,85.11488626
LTE,25.73285934,85.03688022
3G,25.57733341,85.05316978
5G,25.46454431,85.12886801
5G,25.49909675,85.18219289
5G,25.57921454,85.1176864
5G,25.70740723,85.03993325
5G,25.48886661,85.05845972
5G,25.60098577,85.01931505
LTE,25.61781261,85.30731334
5G,25.68245568,85.16315231
LTE,25.50647596,85.26147081
4G,25.64867666,85.26789725
3G,25.60607499,85.14814901
4G,25.69337172,85.08233022
4G,25.59852649,85.19802484
LTE,25.59272882,85.17389528
4G,25.61002147,85.01787395
5G,25.5427131,85.06223451
3G,25.47622324,85.07570997
5G,25.56894755,85.31458304
3G,25.76871733,85.0997125
5G,25.68068608,85.04214074
LTE,25.68348684,85.22638543
4G,25.56294366,85.07948976
LTE,25.70286869,85.20279635
3G,25.66867644,85.12011779
4G,25.58466835,85.0508953
5G,25.7558386,85.14201161
5G,25.75797669,85.18179097
3G,25.56533801,85.0025913
LTE,25.72972053,85.14615778
5G,25.55368952,85.01028412
4G,25.5336626,85.02148887
5G,25.74465577,85.11622667
5G,25.62482914,85.14894578
5G,25.51104004,85.05023186
LTE,25.73362954,85.21416051
LTE,25.56039885,85.19397309
LTE,25.59948456,85.15146938
5G,25.62297357,85.15355569
5G,25.62930618,85.19668276
3G,25.67730582,85.21864829
5G,25.76471463,85.16354822
3G,25.46924131,85.08752133
3G,25.70866517,85.05100011
3G,25.69874133,85.2051428
4G,25.52259479,85.15395122
3G,25.45440779,85.22134748
LTE,25.53175382,85.29919861
3G,25.6582399,85.21589059
3G,25.49222555,85.19458196
3G,25.74797929,85.2149452
5G,25.64229854,85.17975945
LTE,25.4590967,85.21315531
4G,25.7620314,85.13708553
5G,25.6783248,85.28096405
4G,25.53482703,85.12175309
LTE,25.51890054,85.11344825
5G,25.60665931,85.18136808
3G,25.6980808,85.04270926
4G,25.57051694,85.3138202
LTE,25.66439674,85.08594302
3G,25.70416117,85.2022041
3G,25.4614061,85.24880911
4G,25.43384775,85.08518165
4G,25.69154046,85.06919932
3G,25.67947983,85.15289408
3G,25.53377303,85.14379084
4G,25.52339269,85.03376476
3G,25.46250836,85.17593102
5G,25.65810277,85.16250904
4G,25.72416127,85.02423095
LTE,25.44683963,85.0404604
3G,25.66666331,85.16579612
3G,25.54912203,85.11161401
4G,25.52461365,85.16180371
4G,25.68851143,85.21939383
5G,25.53225351,85.1102784
5G,25.55300412,85.25281284
LTE,25.44384723,85.06715513
4G,25.53010873,85.04885262
5G,25.63599252,85.09970513
3G,25.6329516,85.15736259
4G,25.48470287,85.19350502
3G,25.58769932,84.96319093
4G,25.63052855,85.1902024
3G,25.76575764,85.18986788
3G,25.63859423,85.26257421
5G,25.69973403,85.17256046
LTE,25.4395405,85.15216229
5G,25.59708091,85.1291487
3G,25.55170799,85.24841453
LTE,25.51397569,85.27012667
3G,25.55454065,85.26361925
4G,25.48437834,85.04574331
4G,25.7520111,85.20173605
4G,25.522208,85.11837654
5G,25.65582902,85.23754015
3G,25.43435825,85.20547035
5G,25.55512012,85.23387056
LTE,25.51796981,85.21532778
LTE,25.69858512,85.08601948
3G,25.61639651,85.27844215
5G,25.51665924,84.99464631
LTE,25.47506145,85.20094873
LTE,25.53310297,85.09874986
4G,25.64692015,84.96729671
LTE,25.62351918,85.14013648
5G,25.7025732,85.09362423
4G,25.56052075,85.09797764
3G,25.57313746,85.02907694
LTE,25.49662035,85.16065927
4G,25.59289932,85.27967577
3G,25.63462189,85.1688443
LTE,25.7262533,85.20087839
4G,25.51566183,85.14707707
3G,25.52808904,85.23282236
5G,25.55878452,85.30289164
LTE,25.49688574,85.10699272
3G,25.58106776,85.28973088
3G,25.49896778,85.12904505
4G,25.75060462,85.1360133
5G,25.51943349,85.07587844
4G,25.56795769,85.25995417
LTE,25.62133076,85.16823936
5G,25.55204189,85.00931733
3G,25.56989933,85.29378367
3G,25.512881,85.04603257
5G,25.60574794,85.20790134
LTE,25.63307505,85.24310319
3G,25.54416962,85.30241313
3G,25.55843443,85.10085325
5G,25.55244977,85.1975696
LTE,25.59930054,85.29406895
5G,25.42487483,85.08786467
5G,25.59016439,84.98803347
LTE,25.74678658,85.14863481
5G,25.4786464,85.16819589
3G,25.45899067,85.12979555
3G,25.4834007,85.01852164
4G,25.71516872,85.06481681
4G,25.60136404,84.96529258
4G,25.7357208,85.13945745
4G,25.59444829,85.06866986
5G,25.58528114,85.27382476
5G,25.7258069,85.17964196
3G,25.45836131,85.16847911
3G,25.43808513,85.08532867
4G,25.72160492,85.09810749
LTE,25.470318,85.13633499
5G,25.65626999,84.98515458
5G,25.66384078,85.06637031
3G,25.62619613,85.21602724
LTE,25.54086061,85.21733014
3G,25.45923032,85.05918555
LTE,25.55425485,84.98348722
LTE,25.47999136,85.27619071
5G,25.68881903,85.27168446
5G,25.76368944,85.17237558
3G,25.56504878,85.10290341
LTE,25.50591354,85.17680115
4G,25.6374095,85.11311371
LTE,25.50926117,85.01944891
5G,25.52094518,84.99518214
3G,25.70622769,85.26207549
5G,25.75278781,85.12792359
3G,25.4658705,85.05519814
LTE,25.76990474,85.14342787
5G,25.56433949,84.96246944
4G,25.64616051,85.2801976
3G,25.53429139,85.10050857
5G,25.6034749,85.29116987
LTE,25.60214148,85.25114733
4G,25.70428416,85.00467037
3G,25.58031994,85.19599431
3G,25.74122241,85.0885075
4G,25.71344985,85.13118269
LTE,25.62358582,85.15519059
4G,25.62255117,85.28739464
LTE,25.47730056,85.15540527
3G,25.48056068,85.11610996
5G,25.67824037,85.04082232
LTE,25.547745,84.96889888
LTE,25.60330625,85.17782888
4G,25.6679523,85.07038702
5G,25.61527068,85.15730582
LTE,25.58081796,85.10466693
3G,25.60679142,85.31426905
5G,25.63494589,85.2919495
4G,25.64984429,85.09175854
4G,25.49979028,85.07997568
LTE,25.65686289,85.01897884
LTE,25.65667303,85.04970563
3G,25.55727396,84.98286641
LTE,25.47072701,85.03786222
4G,25.690954,85.00912533
5G,25.63029403,85.21382145
LTE,25.65275459,85.30410837
4G,25.64015069,85.09038645
LTE,25.48086195,85.0884063
4G,25.61646099,85.10560505
LTE,25.64107533,85.11896217
5G,25.54097033,85.04560894
4G,25.46356363,85.15279836
4G,25.65845317,85.01327291
3G,25.6217912,84.97234657
3G,25.47579517,85.21322522
5G,25.60653348,85.145942
4G,25.57379237,85.1087062
4G,25.50529708,85.02967313
3G,25.51795676,85.1321585
5G,25.66599666,85.04960833
3G,25.55775652,85.29637869
3G,25.47433038,85.25117163
4G,25.47046531,85.13400709
3G,25.66273874,85.11981508
3G,25.75203292,85.1177596
4G,25.43625997,85.11443735
LTE,25.66023323,85.03797748
3G,25.57546369,85.0163492
5G,25.68156164,85.22151298
3G,25.66604441,85.19451885
5G,25.55512053,85.04946331
LTE,25.73481079,85.23303284
LTE,25.53911827,85.05141147
5G,25.51686926,85.23338029
LTE,25.61472312,85.19840742
4G,25.67497066,85.07298243
LTE,25.46275877,85.19247763
3G,25.59337931,84.97836273
LTE,25.56433914,85.3097141
LTE,25.67296959,85.02310229
3G,25.61689935,85.03837854
5G,25.59056809,85.03082097
LTE,25.51582335,85.28747144
LTE,25.67305558,85.16987002
5G,25.69525641,85.1527601
4G,25.59024006,85.17876058
5G,25.62809929,85.23743151
5G,25.65682167,85.06784617
LTE,25.58859277,85.28402191
5G,25.57740829,85.22075555
4G,25.65833154,85.06189443
3G,25.48532546,85.24579458
LTE,25.52590685,85.12296251
4G,25.59071042,85.06252568
4G,25.71325394,85.22617338
5G,25.47666484,85.05813739
LTE,25.46915514,85.18303751
3G,25.44053933,85.18386662
LTE,25.69400024,85.26086117
LTE,25.46932501,85.22114608
4G,25.62375785,85.17750323
3G,25.45278676,85.04670074
5G,25.60287931,85.27677248
4G,25.64398346,85.06596229
5G,25.73541006,85.08927071
5G,25.54731217,85.19607612
3G,25.64964761,85.13722335
5G,25.64659995,85.08164558
5G,25.53382793,85.28040784
5G,25.69628635,85.03981058
3G,25.58134411,84.97501067
5G,25.63002483,85.11257909
3G,25.61348411,85.09772014
3G,25.63594828,85.24870237
3G,25.62566605,85.08451881
5G,25.52682434,85.13144287
3G,25.51991745,85.13914984
5G,25.55820522,85.18017059
LTE,25.45336923,85.17233284
3G,25.55434662,85.07424972
LTE,25.53054995,85.19732158
3G,25.48436854,85.24694629
5G,25.60169251,85.04149102
4G,25.59601872,85.10643876
3G,25.44973404,85.20277664
LTE,25.45154682,85.05197077
4G,25.44735752,85.0928679
LTE,25.43734183,85.07616979
3G,25.58774468,85.17428266
3G,25.57247431,85.21874994
3G,25.66957075,85.04042085
3G,25.63350717,85.08302413
5G,25.53284941,85.08683648
5G,25.44577027,85.18118146
3G,25.7238768,85.16137987
LTE,25.61371001,85.07699548
4G,25.43874703,85.12555708
LTE,25.68497222,84.9897848
LTE,25.59971818,85.00622563
LTE,25.50029985,85.12097928
4G,25.66059695,84.97872769
LTE,25.60015217,85.07984344
4G,25.64194956,84.9945053
4G,25.57835151,84.97331834
4G,25.59070565,85.25233776
4G,25.47858044,85.19779347
LTE,25.64323531,85.14780116
5G,25.44783434,85.10149084
3G,25.63449464,85.24324398
3G,25.66271068,85.28167773
LTE,25.54998563,85.14146681
4G,25.54510217,85.23697402
LTE,25.58178766,85.09966792
5G,25.6271843,84.9868738
5G,25.49238599,85.22136043
5G,25.61806568,85.17795459
LTE,25.59109917,84.96556908
3G,25.51291861,85.1604916
3G,25.52623349,85.09372186
LTE,25.71126173,85.12877981
4G,25.46297494,85.2025292
4G,25.59132398,85.14402595
LTE,25.68331415,85.21229318
3G,25.48457865,85.17999958
3G,25.67228228,84.98747171
4G,25.66385385,85.14190771
LTE,25.76653516,85.10699779
4G,25.53846838,85.22235362
LTE,25.65151144,85.21896185
4G,25.61340353,85.07478504
LTE,25.69340264,85.03117598
LTE,25.51031702,84.9885342
4G,25.49985369,85.23673869
3G,25.67370961,84.99176015
5G,25.45445227,85.08576214
4G,25.51972063,85.1375677
3G,25.52786755,85.1624203
LTE,25.46222154,85.06829343
5G,25.70883148,85.10405632
4G,25.49736928,85.14917688
3G,25.56312581,85.03320742
LTE,25.6166133,85.00450361
5G,25.69062126,85.23960298
3G,25.67885907,85.20909197
LTE,25.61364519,85.25299694
LTE,25.6330736,85.09799126
LTE,25.48322428,85.11038913
LTE,25.53987412,85.18845079
3G,25.54242297,85.18514352
4G,25.54388833,85.25519468
LTE,25.51486742,85.23464746
LTE,25.66689188,85.11115897
5G,25.56022454,85.29634281
LTE,25.55768227,85.0365742
4G,25.58153247,85.2793219
3G,25.51797931,85.13663607
LTE,25.56154882,85.17954354
4G,25.74359211,85.22859081
5G,25.66223506,85.21297617
3G,25.62198381,85.02741745
5G,25.52376234,85.28921527
LTE,25.63194333,85.14642482
LTE,25.57121027,85.27219543
4G,25.50696815,85.07194567
4G,25.683627,85.05227423
LTE,25.75393639,85.15637667
5G,25.46992988,85.26222985
4G,25.54437994,85.29361018
LTE,25.4388046,85.20402249
LTE,25.42149674,85.12930115
3G,25.61318434,85.21140828
5G,25.58752662,85.29708853
5G,25.5495785,85.09418861
3G,25.73323071,85.16853453
3G,25.51359227,85.28517714
4G,25.52002411,85.09023638
5G,25.53177219,85.02699532
4G,25.56320195,85.07367864
LTE,25.53461906,85.21203371
4G,25.63271858,85.07063327
3G,25.57098344,85.25062301
5G,25.59795304,85.28374176
LTE,25.58770392,85.1821202
LTE,25.51660072,85.16168754
4G,25.57173812,85.05169956
LTE,25.55194917,85.01517168
4G,25.48286729,85.26899545
4G,25.54673605,85.19335926
4G,25.60676472,85.16155439
5G,25.72537072,85.07925208
LTE,25.52672086,85.10275144
3G,25.60920449,85.24670877
3G,25.55952515,85.02932047
5G,25.54834915,85.17669299
5G,25.73597842,85.21841
3G,25.48992893,85.2625544
LTE,25.5628066,85.09548586
5G,25.43222296,85.06957778
5G,25.44307769,85.20973943
3G,25.73229883,85.20184082
5G,25.67640193,85.16934283
4G,25.62659071,85.28251851
4G,25.75208038,85.11490751
3G,25.54666656,85.29286661
4G,25.57238524,85.22038659
3G,25.51212004,85.26130905
4G,25.5009175,85.01916979
3G,25.66168577,85.14686412
4G,25.59872224,85.00796121
LTE,25.73366958,85.03415623
5G,25.54685191,84.97937262
3G,25.63257613,85.11533837
4G,25.63145908,85.2878232
LTE,25.7215313,85.26109596
5G,25.52079987,85.1692924
4G,25.52415674,85.27787991
4G,25.47630317,85.07809594
3G,25.56171535,85.05977937
4G,25.51512723,85.18066145
5G,25.68155313,85.25957721
3G,25.45038584,85.19630717
4G,25.52929669,85.10841909
5G,25.61411801,85.00410204
LTE,25.77073872,85.138217
5G,25.76533745,85.11278642
LTE,25.57841796,85.09143549
4G,25.70716743,85.00109612
4G,25.56246746,84.96125907
5G,25.6815761,84.99617138
4G,25.66787323,85.02668453
LTE,25.56558306,85.15720559
LTE,25.44346769,85.18343897
4G,25.51037886,85.24414139
4G,25.52313674,85.16005171
4G,25.50077746,85.23271772
4G,25.48446671,85.00398263
4G,25.5772111,85.09958603
LTE,25.60902113,85.27618875
5G,25.68960533,85.12227098
LTE,25.66764822,85.04963623
3G,25.67823828,85.01873363
4G,25.74939364,85.15134404
5G,25.67485311,85.25790389
5G,25.52432671,85.22898837
3G,25.61369974,85.24085554
5G,25.52563581,85.13097322
4G,25.73654538,85.11237424
3G,25.44982511,85.15009808
LTE,25.64989782,85.1547765
4G,25.70277588,85.16639094
4G,25.63214128,85.26101126
5G,25.57046484,85.05322044
4G,25.64950637,85.15118728
3G,25.65387572,85.14345997
3G,25.5868639,84.98440491
3G,25.56783563,85.0969789
5G,25.68265806,85.18270471
LTE,25.53425643,85.0289296
5G,25.4931718,84.98997605
LTE,25.63036829,85.2484724
3G,25.74632553,85.06450554
3G,25.5039948,85.09734948
5G,25.68721171,84.98444
5G,25.65647365,85.00916834
5G,25.45282347,85.17863523
3G,25.6367025,85.21214871
5G,25.5193939,85.22551422
5G,25.44048794,85.07443059
LTE,25.7172537,85.20642194
4G,25.56346623,84.97859752
5G,25.58615508,85.28557717
4G,25.73302254,85.06811893
3G,25.63266031,85.00890289
LTE,25.6065487,85.23806306
3G,25.66984026,85.13172014
3G,25.67836224,85.18538548
4G,25.58244738,85.04699162
LTE,25.73623365,85.1097631
4G,25.50496053,85.04448762
5G,25.60135576,85.28178994
3G,25.6184921,85.02396862
4G,25.42619905,85.11338941
LTE,25.66252254,85.08125485
LTE,25.42860221,85.09446894
LTE,25.73735603,85.23152188
LTE,25.65307029,85.1627409
LTE,25.4888402,85.0751607
5G,25.58273983,85.09285128
4G,25.6921139,85.13983685
4G,25.62706876,85.06049092
4G,25.67670754,85.12419175
4G,25.62827842,85.01789483
3G,25.69942764,85.10905383
5G,25.64308166,85.26062269
5G,25.61231044,85.15237209
5G,25.48088432,85.24446195
5G,25.62161856,85.09637402
5G,25.59546343,85.14100377
LTE,25.5218315,85.18086242
5G,25.56507208,85.1306449
4G,25.42987716,85.14741822
5G,25.69520615,85.14316442
3G,25.75184428,85.05750396
4G,25.54860943,85.20676725
3G,25.6044287,85.01646027
3G,25.71683436,85.15192957
3G,25.60055795,84.99551957
5G,25.55082166,85.18623673
4G,25.73961581,85.20990993
4G,25.50635017,85.27043862
5G,25.60315828,85.10502351
LTE,25.69192776,85.06362077
4G,25.50831477,85.09648702
3G,25.72464692,85.11494753
5G,25.71062843,85.1882535
5G,25.44911307,85.21973838
4G,25.56733261,85.24428702
5G,25.55351025,85.23977951
5G,25.61121601,85.30357097
4G,25.46163177,85.14150608
LTE,25.47918386,85.05847045
LTE,25.71240459,85.02842487
3G,25.52612545,85.09112214
LTE,25.61954526,85.31234481
LTE,25.68038706,85.15266009
LTE,25.7397493,85.2018906
4G,25.77012895,85.15917413
3G,25.56021398,85.172993
3G,25.60689572,85.06452179
LTE,25.65987097,85.03114643
5G,25.7136071,85.18178303
4G,25.72346305,85.26154958
5G,25.68232398,85.00741367
5G,25.65790865,85.12463813
5G,25.67028812,85.28913866
5G,25.46171678,85.25006448
LTE,25.4508097,85.12633182
4G,25.47886267,85.234593
5G,25.60876602,85.30555158
LTE,25.70455602,85.07949263
5G,25.73840745,85.16100587
3G,25.48607409,85.14191113
5G,25.42378352,85.12675287
5G,25.77172433,85.12352855
LTE,25.59376776,85.18029746
4G,25.44605073,85.05569926
4G,25.71099385,85.1829113
LTE,25.70465981,85.09229531
4G,25.58458627,85.25029158
5G,25.72060521,85.14822517
5G,25.47078676,85.02670902
4G,25.43518214,85.1645998
3G,25.70883683,85.11435734
3G,25.52801904,85.26619609
5G,25.65769247,85.25328447
3G,25.753959,85.05658369
LTE,25.5461596,84.97322234
5G,25.53181042,85.14229819
3G,25.58834003,85.04073923
5G,25.69440559,85.27853444
LTE,25.5380253,85.19617008
3G,25.57307869,84.99484359
LTE,25.68973,85.04998287
LTE,25.76854248,85.12638661
3G,25.73481092,85.2225825
LTE,25.63761438,85.29537982
LTE,25.43747079,85.10011111
5G,25.55066181,85.20487188
LTE,25.51837701,84.99964453
5G,25.49081022,85.08226433
LTE,25.73788894,85.0673687
3G,25.49048546,85.19629978
5G,25.4975092,85.12392162
5G,25.68808918,85.25349893
4G,25.50082928,85.21204728
5G,25.64201664,85.10861036
5G,25.56157788,85.03640305
LTE,25.44979921,85.16483017
LTE,25.54054546,85.29391316
LTE,25.45540516,85.04975981
5G,25.44573894,85.09795728
4G,25.66572006,85.0536593
LTE,25.53302869,85.13232837
3G,25.76708368,85.12830903
3G,25.70807224,85.17279776
LTE,25.640671,85.02170769
LTE,25.63718407,85.01056283
LTE,25.65932728,85.07344793
5G,25.52418235,85.07256893
LTE,25.45644145,85.18861139
4G,25.73304688,85.03213012
5G,25.48635313,85.13496778
5G,25.47057308,85.16472426
3G,25.6840672,85.11669267
5G,25.62931823,84.96165689
4G,25.65537224,85.01072191
LTE,25.44331315,85.22733434
LTE,25.5938853,85.19559828
LTE,25.63001317,85.17278608
5G,25.67568912,85.13405502
LTE,25.73488117,85.19586371
4G,25.63238946,85.09394069
LTE,25.59277271,85.08121115
LTE,25.73864061,85.09288918
5G,25.5783512,85.1979303
4G,25.51558612,85.1992906
3G,25.69007091,84.99727845
4G,25.60847052,85.28545169
5G,25.68000756,85.2564933
3G,25.51036817,85.04084392
5G,25.67772701,85.07373221
4G,25.60747715,85.08616205
LTE,25.5780357,85.03470095
5G,25.6299503,84.97917193
5G,25.62392228,85.30278731
5G,25.46001084,85.12805916
LTE,25.63807226,85.11848161
LTE,25.71247403,85.11438906
4G,25.52295547,85.17381228
4G,25.62817241,85.15117509
4G,25.52140322,84.9997154
4G,25.56980161,84.96691734
4G,25.541525,85.00076218
4G,25.61420384,84.95948739
5G,25.56413713,85.1895974
4G,25.45244753,85.06932408
5G,25.62032354,85.12863409
LTE,25.71091632,85.19002352
3G,25.52486479,85.02013734
LTE,25.53421929,84.97903081
3G,25.61474213,85.14077389
3G,25.63303712,84.97788992
5G,25.56923372,85.29342091
5G,25.67899301,85.12105355
4G,25.61131217,85.03546415
LTE,25.6530414,85.17392105
LTE,25.47089962,85.13384383
LTE,25.42260891,85.10255351
3G,25.69793032,85.23450351
LTE,25.74133309,85.20872175
5G,25.72159392,85.24760626
5G,25.51459925,85.21480513
LTE,25.63521818,85.06044188
3G,25.68432076,85.13903884
4G,25.617701,85.11404546
5G,25.42259219,85.16543539
5G,25.47775593,85.1149293
3G,25.71306259,85.24035939
LTE,25.74735714,85.19938841
LTE,25.53185484,85.11295907
5G,25.49258347,85.08850287
LTE,25.64912997,85.17119381
4G,25.58201912,85.1775233
5G,25.67038445,85.07748034
LTE,25.56615278,85.02782188
LTE,25.76073664,85.14418408
LTE,25.57127896,85.26628951
5G,25.67321333,84.99557071
3G,25.61750415,85.07372371
LTE,25.58255645,84.96980964
LTE,25.61230814,85.0455592
LTE,25.69237683,85.23002803
4G,25.57165617,85.28277827
3G,25.50098289,85.28536769
3G,25.60946356,85.13830382
3G,25.46183614,85.23616393
5G,25.65385752,85.03995198
LTE,25.74394207,85.17633247
3G,25.63433632,85.19129373
LTE,25.56535602,85.17454791
LTE,25.69355963,85.00450247
3G,25.55696497,85.06514115
5G,25.75389798,85.13988316
5G,25.59385844,85.07354501
LTE,25.72334419,85.17549023
5G,25.55641844,85.15791892
3G,25.6692287,85.22096639
LTE,25.68955511,85.13924421
5G,25.66158498,85.22061485
4G,25.65500702,85.07050244
LTE,25.46767067,85.11476182
LTE,25.64577212,85.23814107
5G,25.66890038,85.12863233
LTE,25.60609422,85.24906847
4G,25.69779285,85.14477133
LTE,25.54097371,85.01231513
3G,25.75396762,85.21589331
LTE,25.71081613,85.14146352
3G,25.59181104,85.11196404
3G,25.68397007,85.19259687
3G,25.70601522,85.06454828
5G,25.65559056,85.0058338
3G,25.59373042,85.11340722
LTE,25.54989853,85.06282475
LTE,25.43974502,85.07049648
3G,25.63610829,85.29998
4G,25.54211667,84.99270208
5G,25.50651472,85.11680335
5G,25.54999259,84.99531074
LTE,25.63297086,85.16072598
4G,25.69502768,85.20525599
4G,25.64639735,85.03531812
5G,25.53243533,85.15646797
5G,25.53088827,85.13716745
3G,25.51499611,84.98718375
3G,25.52934112,85.04628365
LTE,25.43880254,85.17693257
5G,25.75144881,85.1420091
5G,25.69239223,85.11466928
4G,25.64324531,85.22547841
3G,25.4395572,85.15783541
4G,25.46916598,85.05387794
4G,25.57680692,85.11345854
3G,25.59340118,85.29534398
LTE,25.6689099,85.27612409
4G,25.69667098,85.13488626
4G,25.61000495,84.96302964
4G,25.68518369,85.15306055
3G,25.54854407,85.28219084
LTE,25.53482971,85.3008676
4G,25.48874407,85.28135642
3G,25.57860252,85.30530111
5G,25.52625597,85.01545476
4G,25.57757518,85.09080084
3G,25.61232083,85.18087281
5G,25.73178765,85.23715728
3G,25.61339024,85.17417476
5G,25.67033452,85.07893364
3G,25.54427246,85.19359581
4G,25.71409766,85.02734594
4G,25.59722959,85.19118791
4G,25.66366857,85.1424452
LTE,25.6470057,85.2202066
5G,25.62085597,85.21696475
4G,25.62314235,85.08064665
5G,25.5521307,85.01357944
5G,25.74439102,85.11261467
LTE,25.59561487,85.07186116
LTE,25.52221197,85.06213351
5G,25.51897847,85.1557661
5G,25.43921215,85.14025061
4G,25.56356722,85.22178863
5G,25.57618843,85.16699513
4G,25.58449888,85.2486795
LTE,25.76408057,85.08562839
5G,25.72780463,85.12769733
4G,25.59930104,85.28361068
5G,25.64416166,85.12161569
5G,25.42245773,85.15883448
5G,25.5976765,85.2948002
3G,25.4713817,85.02349511
5G,25.53349137,85.20644487
4G,25.65858039,85.10426063
5G,25.44886147,85.06851037
LTE,25.53330884,85.30417079
LTE,25.65395163,85.01984095
4G,25.60091707,85.11925873
4G,25.51350224,85.00372908
5G,25.74859907,85.16134611
5G,25.72078255,85.07378215
4G,25.65883904,85.27594681
5G,25.59571228,85.06365812
5G,25.63719001,85.10972211
4G,25.72244896,85.15409334
4G,25.57098775,84.98353561
4G,25.60183543,84.97054697
3G,25.49904275,85.2101737
3G,25.60760081,85.28558392
3G,25.71087193,85.05643113
3G,25.66561739,85.29527102
4G,25.56327343,85.00881885
3G,25.59938599,85.05296869
5G,25.74081989,85.20665956
LTE,25.6358251,85.18577474
3G,25.7088587,85.23894522
5G,25.45884829,85.2445503
3G,25.58783258,84.97668287
5G,25.68612211,85.15780154
4G,25.6762477,85.27733893
5G,25.73126896,85.04879667
LTE,25.73567273,85.0876924
5G,25.58768317,85.27930836
LTE,25.56518483,85.25512258
5G,25.5380576,85.15622086
LTE,25.63170529,85.15549023
LTE,25.68749701,85.00021709
4G,25.56107054,85.3121489
LTE,25.5123003,85.05422469
LTE,25.44956504,85.18093402
5G,25.49132158,85.02176691
3G,25.7288568,85.23706798
4G,25.68914819,85.01455186
3G,25.74579742,85.19611795
LTE,25.477727,85.06531377
3G,25.67088908,85.28118141
LTE,25.70176112,85.19190087
5G,25.5837389,85.26312997
3G,25.5298606,85.21785257
4G,25.53957564,85.04517859
4G,25.60004929,85.06501835
4G,25.50197011,85.25576387
LTE,25.62149906,85.11659053
5G,25.72366886,85.05619932
3G,25.4830937,85.18345609
4G,25.74349459,85.06099125
3G,25.45180006,85.14089993
4G,25.48293967,85.11979057
3G,25.63738707,85.08545274
5G,25.4560265,85.07714738
3G,25.50578517,85.14177256
3G,25.61483497,85.05852757
5G,25.51449568,85.11254157
4G,25.55421832,85.24715172
4G,25.59271754,85.11712712
LTE,25.54558009,85.20271879
LTE,25.52037049,85.13051465
LTE,25.54676798,85.17161372
4G,25.62337616,84.97389847
4G,25.58496463,85.09447728
3G,25.48481862,85.10833138
3G,25.48118693,85.09769483
LTE,25.50784416,85.25007117
3G,25.64692643,85.07848003
LTE,25.74749273,85.1527027
4G,25.50010152,85.27563529
LTE,25.58590091,85.18765804
5G,25.52382643,85.27277078
3G,25.5349517,85.15996786
5G,25.65136872,85.18670116
5G,25.49550311,85.00918747
4G,25.61879323,85.21448651
4G,25.75268061,85.21670188
5G,25.71444685,85.22300051
5G,25.45929512,85.0613444
5G,25.6084043,85.27143773
LTE,25.69011801,85.06827789
4G,25.47674923,85.10508332
3G,25.60480415,85.22157337
3G,25.53107292,85.0064617
4G,25.69637357,85.21686816
5G,25.52552082,85.17476606
5G,25.59915089,85.27932443
LTE,25.60975912,85.08973956
5G,25.718081,85.21796332
LTE,25.49423234,85.13721905
LTE,25.67287051,85.16009526
5G,25.57118127,84.99397202
LTE,25.49137959,85.1302083
LTE,25.64713858,85.15910364
5G,25.65389439,85.05322443
4G,25.62064081,85.11163412
5G,25.53661127,85.09053668
LTE,25.61572785,85.31273982
3G,25.45213591,85.08287064
LTE,25.44517832,85.20560395
5G,25.52562651,85.05064917
5G,25.47234636,85.05405845
LTE,25.56351555,85.03234075
5G,25.55691112,85.17314838
LTE,25.58734135,85.03154999
5G,25.4219385,85.14147225
4G,25.57932914,85.22325445
5G,25.67943727,85.22035516
LTE,25.62391934,85.24693882
4G,25.67922811,85.196944
4G,25.70157975,85.25657506
4G,25.65939819,85.26556461
3G,25.51724052,85.24519511
LTE,25.65698166,85.17598672
LTE,25.63206445,85.12617149
3G,25.61809217,85.09255982
3G,25.66322692,85.25727948
4G,25.56229058,85.25388439
3G,25.68640281,85.03739198
4G,25.56514462,85.17892149
4G,25.4629501,85.09027219
LTE,25.58568091,85.26605585
5G,25.45755305,85.16473695
3G,25.52979847,85.07163639
3G,25.52119811,85.00688895
LTE,25.59632197,84.99361158
3G,25.5657401,85.17073059
5G,25.75319255,85.10198729
3G,25.58095241,85.03743685
LTE,25.447768,85.0352024
3G,25.58306847,85.20303167
5G,25.50630113,85.06436534
LTE,25.70076328,85.05599548
3G,25.7443865,85.22217009
5G,25.51174234,85.25439801
4G,25.49099965,85.26843101
5G,25.54104004,85.09567708
LTE,25.54068038,85.20267887
4G,25.48861461,85.22793724
4G,25.7297115,85.15528152
4G,25.64542621,85.08093612
3G,25.7591827,85.15056299
4G,25.66988605,85.05688851
LTE,25.52586091,85.25569756
5G,25.70202012,85.04582718
3G,25.58452823,85.24779213
4G,25.47885403,85.15432218
3G,25.55966499,85.11982305
5G,25.6231492,85.02891278
3G,25.50245951,85.23245171
LTE,25.61227397,85.23016419
LTE,25.70690728,85.02675053
4G,25.64189592,85.25070643
5G,25.5618251,85.22166289
5G,25.45081636,85.17094084
LTE,25.54362001,85.22602971
5G,25.55659248,85.15814611
3G,25.687393,85.11343452
5G,25.51932645,85.00465928
LTE,25.64639076,84.99151053
4G,25.43762173,85.13427878
5G,25.61391735,85.17899265
4G,25.55098016,85.27782005
4G,25.62110847,84.99372211
5G,25.61351664,85.21847224
3G,25.45696667,85.03078427
LTE,25.46495568,85.14921769
4G,25.75039634,85.13271135
3G,25.6482829,85.26106441
5G,25.57511333,85.24091297
5G,25.53471603,85.1810112
4G,25.60677042,85.08255167
5G,25.64386393,85.04553212
3G,25.4754894,85.19311677
LTE,25.70138744,85.02736182
4G,25.66523427,85.29151634
LTE,25.64416519,85.25543039
5G,25.4901461,85.07193246
LTE,25.53909528,85.30577483
4G,25.734942,85.10530875
LTE,25.46302242,85.0850389
5G,25.41550098,85.15458227
5G,25.56323786,85.03533484
5G,25.62523303,85.20239869
LTE,25.65112909,84.99638082
4G,25.59920602,85.20235503
3G,25.45600154,85.23500723
4G,25.73852715,85.1145978
3G,25.67699556,85.28504308
3G,25.53378249,85.12127698
5G,25.57338563,85.19323546
3G,25.6510474,85.2744746
4G,25.56727728,85.0640904
3G,25.6680474,85.06111421
5G,25.61523263,85.30580091
3G,25.5644395,85.28197369
LTE,25.66318047,85.2334481
LTE,25.53210162,85.17488922
3G,25.60789701,85.25825167
5G,25.48650663,85.04818262
4G,25.63257434,85.19015124
4G,25.63088687,85.26340259
LTE,25.64506002,85.24471604
5G,25.76296958,85.09661072
4G,25.71113243,85.16864704
4G,25.68225088,85.0413643
LTE,25.7254697,85.21024521
LTE,25.6112119,85.04688131
4G,25.48868959,85.00115373
LTE,25.50824305,85.11941329
LTE,25.59104552,85.2508097
4G,25.70151755,85.27672141
5G,25.58838302,85.16047728
LTE,25.66358307,85.04475319
5G,25.64268668,85.13494544
3G,25.67239458,85.05464277
5G,25.540962,84.98261258
LTE,25.5881544,85.27982171
3G,25.73773715,85.08741988
3G,25.48890075,85.1852952
5G,25.64142738,85.03251482
4G,25.72709734,85.07226655
5G,25.48742129,85.27006458
LTE,25.65463577,85.29241302
LTE,25.52878118,85.21284682
5G,25.56006763,85.16010344
4G,25.6528899,85.11861457
3G,25.46709175,85.2223254
LTE,25.70896528,85.21192027
5G,25.4833398,85.01450669
3G,25.52654731,85.28930666
5G,25.56503638,84.98491754
3G,25.47873131,85.06177413
5G,25.58993243,85.22960674
4G,25.58330684,85.28159856
LTE,25.63917561,85.00293431
LTE,25.66431511,85.29093734
4G,25.56548545,85.30461569
4G,25.55795034,85.18464213
5G,25.59048887,84.96129204
LTE,25.47320097,85.04307752
4G,25.56938188,84.96721985
4G,25.49831689,85.24948449
5G,25.70994371,85.20738849
5G,25.66615784,85.18609025
5G,25.67582084,85.06495218
3G,25.6890619,85.03642922
5G,25.68723579,85.19891961
LTE,25.65792785,85.27657411
5G,25.56342172,85.0803159
4G,25.62570915,85.30770336
4G,25.54676229,85.07336536
3G,25.63936975,85.0077036
3G,25.52843701,85.1222977
5G,25.44664816,85.07987335
3G,25.4512827,85.09558783
3G,25.48731317,85.02159799
3G,25.75494701,85.21362551
5G,25.50171786,85.10010066
4G,25.46399526,85.20166534
3G,25.65557883,85.15770533
3G,25.48527865,85.1798199
4G,25.49087411,85.02543078
LTE,25.72999237,85.21888566
4G,25.67962077,85.07865889
LTE,25.70226705,85.02493379
4G,25.6691821,85.14969937
4G,25.60215564,85.22309384
3G,25.47233541,85.04728513
5G,25.59405083,85.04246515
4G,25.41461453,85.13169678
4G,25.44726181,85.15729641
4G,25.53569168,85.22432311
4G,25.4717138,85.14707631
5G,25.50831648,85.14927932
5G,25.7513367,85.09361097
4G,25.74785501,85.17937201
3G,25.68883803,85.22964793
LTE,25.64243704,85.00122903
4G,25.52032617,85.1481375
4G,25.53999364,85.17733966
5G,25.59285305,85.1881405
4G,25.70723826,85.17903494
3G,25.60142504,85.12312974
3G,25.52503893,85.17540103
4G,25.5018075,85.00904745
5G,25.62607856,85.03172011
5G,25.68613567,85.22600405
5G,25.63355924,85.17796485
LTE,25.70358001,85.24048911
3G,25.6959395,85.27322228
5G,25.47371176,85.0236022
5G,25.5852354,85.21989393
3G,25.54862546,85.03810141
4G,25.59352524,85.31051605
5G,25.57915917,85.07501044
LTE,25.64823978,85.00521198
3G,25.52002313,85.07826634
4G,25.57795233,85.03925261
4G,25.62174735,85.17338617
5G,25.49705069,85.12537678
4G,25.57714144,85.11481838
3G,25.68749897,85.22487044
4G,25.55450381,85.05663579
5G,25.51884096,85.07238744
LTE,25.58782364,85.02670643
5G,25.45256896,85.05582445
LTE,25.53917626,85.11556371
3G,25.53823585,85.21085116
LTE,25.47092684,85.09031896
4G,25.44729169,85.2030733
LTE,25.48179243,85.05240617
4G,25.72736483,85.23135648
LTE,25.4732565,85.1563754
3G,25.7494236,85.10167844
4G,25.62427134,85.03687155
3G,25.41683479,85.11855692
LTE,25.64064431,85.24901525
3G,25.52137628,85.07726522
4G,25.74546737,85.22889067
5G,25.7594517,85.19697203
LTE,25.60243415,84.96278947
5G,25.44447238,85.19011659
4G,25.74996107,85.21155998
LTE,25.71305481,85.00928523
5G,25.61016607,85.29562348
LTE,25.42987213,85.13965657
4G,25.7459163,85.06259368
5G,25.52356268,85.18865278
LTE,25.47177385,85.17555817
4G,25.46053254,85.20004339
3G,25.59002202,85.2377535
LTE,25.53504711,85.01718164
4G,25.53042552,85.30391914
LTE,25.66698097,85.22736642
LTE,25.63371248,85.2969266
4G,25.59662514,85.01723052
3G,25.5563316,85.09725843
4G,25.55859216,85.04100986
LTE,25.52881978,85.29414078
LTE,25.45893676,85.20055379
3G,25.7356912,85.07688236
LTE,25.65874376,85.13130471
LTE,25.60388538,85.12980609
5G,25.49475804,85.04140186
5G,25.65177595,85.03583841
LTE,25.43478541,85.1012638
3G,25.53860893,85.17320172
LTE,25.6577545,84.973177
3G,25.53469729,85.21039823
3G,25.76311869,85.17987275
LTE,25.69824616,85.19504525
LTE,25.67122593,85.2967907
3G,25.58573894,85.01774877
LTE,25.5771718,85.25653286
3G,25.56422915,84.97030045
5G,25.59117644,85.14773308
4G,25.48107336,85.09463797
3G,25.4164496,85.12619558
3G,25.51938407,85.17620918
LTE,25.67163377,84.98634336
4G,25.66396514,85.05793075
3G,25.63156448,85.03311728
3G,25.48776894,84.99570943
4G,25.42627763,85.07705908
3G,25.59561186,85.31405562
5G,25.59085866,84.98629132
3G,25.50307697,85.20837816
4G,25.51598803,85.01555362
5G,25.72709808,85.10516653
LTE,25.64039346,85.2280298
5G,25.65837814,84.97381975
5G,25.59672105,85.27072296
5G,25.65622882,85.11315052
3G,25.61165848,85.13814908
4G,25.75654834,85.13266632
3G,25.55258403,85.29749663
3G,25.50700373,85.13751511
LTE,25.52050037,85.03022869
LTE,25.69015164,85.02121991
LTE,25.61129521,84.96567614
4G,25.65013656,84.99122154
LTE,25.45955647,85.17804921
4G,25.70254419,85.12642801
4G,25.61480658,85.19682837
5G,25.56852747,85.23406153
4G,25.55532644,85.24166721
LTE,25.52172074,85.17231853
5G,25.5371045,85.15055789
3G,25.60744529,85.17275538
5G,25.62059852,85.3033248
4G,25.61330696,85.21407108
3G,25.75563721,85.20127036
3G,25.42255184,85.09054569
LTE,25.53152276,85.23646548
4G,25.57498779,85.1776171
3G,25.51867857,85.2462161
LTE,25.49931853,85.18352264
5G,25.64977671,85.15882042
LTE,25.42509212,85.11343582
LTE,25.56229955,85.28694567
5G,25.53356011,85.13219497
5G,25.7160104,85.20196547
4G,25.59483468,84.99829637
5G,25.67035157,85.0387835
4G,25.48760374,85.0492739
5G,25.74489626,85.04395312
4G,25.41806127,85.16576471
5G,25.60783236,85.02601722
5G,25.71998777,85.14901309
3G,25.70739353,85.07531335
5G,25.45550617,85.1082916
3G,25.47596266,85.25539262
LTE,25.59707626,85.21210604
5G,25.61362854,85.21517527
3G,25.6510058,85.03098814
LTE,25.49574482,85.08118969
5G,25.63605744,85.02416665
4G,25.7183563,85.2304212
5G,25.54113599,85.233549
LTE,25.50913159,85.09116057
LTE,25.52654032,85.05632964
3G,25.57543442,85.14630169
4G,25.68466555,84.98291877
5G,25.59805778,85.11581425
LTE,25.49509788,85.05801879
3G,25.6501656,85.2552228
4G,25.63111647,85.15197117
5G,25.7423691,85.09118767
4G,25.63500323,85.27864923
LTE,25.53634184,85.05069737
4G,25.57347305,85.05890241
4G,25.42062931,85.1544609
3G,25.67408187,85.04027544
4G,25.58393225,85.21927401
4G,25.74531243,85.20100428
3G,25.50378642,85.12768447
5G,25.70899584,85.23632087
3G,25.71580267,85.06680492
5G,25.61243893,85.29559293
3G,25.67503493,85.19777231
5G,25.52064256,85.10116469
LTE,25.52792464,85.27792711
LTE,25.62673795,85.24154055
5G,25.69575863,85.25133253
LTE,25.708341,85.06471237
5G,25.42922018,85.17555797
5G,25.57777693,85.01668005
3G,25.44985225,85.21309726
4G,25.58495115,85.30751167
3G,25.64243523,85.06507438
5G,25.74852652,85.21903507
4G,25.63197509,84.98592293
5G,25.61468504,85.04213559
5G,25.64340416,85.23543847
4G,25.68151741,85.10834423
3G,25.58618829,85.06133062
LTE,25.45866549,85.08509103
5G,25.54780332,85.07325602
3G,25.49209118,85.0399027
3G,25.58479312,85.27016818
3G,25.43540973,85.16871579
3G,25.41873177,85.11533213
4G,25.75346427,85.2026606
LTE,25.57618383,85.24285274
4G,25.67621287,85.15063874
5G,25.46905603,85.20328947
5G,25.61465929,85.06482255
4G,25.66737164,85.11908412
4G,25.48385892,85.21704215
4G,25.73674458,85.19611986
4G,25.55898702,85.03725186
5G,25.48670598,85.15401997
5G,25.64384063,85.2441285
5G,25.72167058,85.25532512
LTE,25.6853336,85.11495425
5G,25.65836068,85.21693359
4G,25.65951301,85.14650063
5G,25.52966544,85.11047682
LTE,25.55964039,85.15681583
LTE,25.63522224,84.99341542
LTE,25.62572796,85.16821701
3G,25.61572915,85.10526172
5G,25.67556619,85.126253
LTE,25.53580592,85.16798516
4G,25.58679524,85.29867572
LTE,25.67784388,84.99183863
LTE,25.41528766,85.14824538
5G,25.70662808,85.06265474
4G,25.55953165,85.29641873
5G,25.48564761,85.17416841
5G,25.65245974,85.07517853
5G,25.6386756,85.19316064
5G,25.56584247,85.22203306
5G,25.70996686,85.02550549
5G,25.48442741,85.03655966
5G,25.59771597,84.96754286
3G,25.74575025,85.18357248
LTE,25.63195007,85.13310124
3G,25.64509819,85.2451805
LTE,25.60363083,85.30902997
5G,25.55959629,85.25869324
LTE,25.52978695,85.00792465
5G,25.47334431,85.02080861
4G,25.53896176,84.96895497
3G,25.65689793,85.21073407
5G,25.51441709,85.07250687
4G,25.44763343,85.15034915
5G,25.6938519,85.05543115
3G,25.61644918,84.98888587
5G,25.66573026,85.09652059
LTE,25.69943855,85.05738987
3G,25.58407676,85.08545776
LTE,25.73411181,85.11895134
LTE,25.51900954,85.12759669
3G,25.5749144,85.20194633
3G,25.52984266,85.07211606
LTE,25.59152192,85.00130739
5G,25.44337705,85.18293953
LTE,25.71196901,85.06885871
3G,25.43012225,85.15872188
4G,25.63630811,84.99674638
5G,25.52658275,85.11732847
LTE,25.58875221,85.11162045
3G,25.53807349,85.26235486
3G,25.56068558,85.1491382
3G,25.75206796,85.18205453
5G,25.61199815,85.11191102
5G,25.73175177,85.10342125
3G,25.44883689,85.12661426
LTE,25.54481235,85.29711648
4G,25.49607436,85.20400566
3G,25.61714813,85.18882567
5G,25.70246453,85.1535953
5G,25.63594606,85.07776862
3G,25.52637801,85.00620079
5G,25.49801803,85.09189915
4G,25.69298552,85.0714003
LTE,25.55107931,84.99388995
LTE,25.67910229,84.99715179
3G,25.49563592,85.06986634
LTE,25.711358,85.01653122
3G,25.6222127,85.14057229
LTE,25.60438036,85.06112763
5G,25.47841654,85.21463823
LTE,25.46406695,85.07165528
3G,25.54839259,84.98164493
5G,25.52466451,84.97903971
4G,25.59148107,85.24321938
5G,25.49720886,85.2663351
3G,25.63149489,85.22686029
LTE,25.69796196,85.05493783
3G,25.7618844,85.12519371
LTE,25.47526977,85.09686332
4G,25.53311889,85.03788051
LTE,25.42339462,85.08811961
5G,25.47790629,85.17232341
4G,25.5839016,85.18058103
4G,25.54202234,85.23904239
3G,25.75920103,85.17023641
5G,25.61427041,85.31175898
4G,25.54543908,85.08563898
LTE,25.52957793,85.24992675
LTE,25.51328442,84.99132457
4G,25.61726098,85.11864501
5G,25.53416526,85.17181478
4G,25.69206721,85.10216405
LTE,25.69134268,85.02342389
LTE,25.60649336,85.16083072
5G,25.53369761,85.25330334
4G,25.58122775,85.20505676
3G,25.59642292,85.22692803
5G,25.60931943,84.99264637
4G,25.75364567,85.21103677
3G,25.54048962,85.00050582
5G,25.49262674,85.06911881
3G,25.53349136,85.30035758
4G,25.47190257,85.22815704
3G,25.53679877,85.02853696
LTE,25.5844041,85.28701911
5G,25.4917229,84.99807422
4G,25.61578457,85.27976001
4G,25.65795615,85.23504265
3G,25.44933873,85.07458511
5G,25.73080532,85.16097063
4G,25.69356155,85.25170527
5G,25.51421209,85.1366359
5G,25.58558965,84.95997499
4G,25.71220118,85.0429816
5G,25.46370816,85.11966403
3G,25.51253217,85.23127455
3G,25.64454156,85.03333869
3G,25.50172627,85.13574665
LTE,25.66374605,85.12380594
5G,25.51183263,85.21830076
4G,25.51866792,85.2295707
4G,25.63258516,85.28810396
3G,25.51536003,85.21956708
LTE,25.59147417,84.97548496
3G,25.42335453,85.16852568
4G,25.58248733,85.309617
LTE,25.49858495,85.07926738
4G,25.61589444,85.10385159
3G,25.47817855,85.14580226
3G,25.51494703,85.21791082
3G,25.64921492,85.05918121
3G,25.64648819,85.1488853
5G,25.42854523,85.09049195
4G,25.60168456,85.2820747
3G,25.51653804,85.19257175
LTE,25.53596126,84.98429953
LTE,25.64956095,85.26737161
LTE,25.43306656,85.18599581
3G,25.55533207,85.15882056
5G,25.45417188,85.13802753
5G,25.58274419,84.97951231
5G,25.43291052,85.16858073
3G,25.70565267,85.22875729
3G,25.53685718,85.08031995
3G,25.73085527,85.03998891
5G,25.59199688,84.96557172
5G,25.64043959,85.14322552
4G,25.48289089,85.08571079
LTE,25.57138728,85.29780547
5G,25.66406399,85.14360057
LTE,25.53515663,85.0039962
4G,25.64843019,85.2178404
3G,25.47483996,85.26043179
3G,25.61770357,85.26090401
4G,25.61583238,85.21639226
4G,25.68146392,85.24155277
5G,25.46613719,85.19859766
5G,25.61003279,85.00492828
3G,25.47390151,85.04091196
3G,25.45615801,85.24855151
3G,25.6645661,85.06188421
LTE,25.5233686,85.01744782
4G,25.65720586,84.98043313
5G,25.66915602,85.07947049
LTE,25.63505857,85.07350915
LTE,25.44933613,85.18176886
4G,25.46592341,85.25865447
LTE,25.71917908,85.16461076
LTE,25.50778894,85.16100595
LTE,25.7412602,85.2383113
4G,25.64151906,85.12010226
3G,25.48229054,85.14135033
3G,25.61227254,85.313492
5G,25.74956366,85.15089613
3G,25.72909421,85.1859203
4G,25.48751969,85.2765511
5G,25.62441415,85.29749785
3G,25.56924921,84.98777276
5G,25.55043901,85.18915195
LTE,25.43750749,85.1918473
4G,25.58365118,85.23823417
5G,25.66689927,85.1428641
LTE,25.64898361,85.06858375
4G,25.60552962,84.96532875
3G,25.66548167,85.04176953
3G,25.55027468,85.02413719
3G,25.69141907,84.99778642
3G,25.56733156,85.0805383
3G,25.57857327,85.15775839
5G,25.51644741,84.99415005
3G,25.63009206,85.13407517
LTE,25.68029959,85.09666113
LTE,25.46190378,85.048207
5G,25.55606714,85.13084639
5G,25.69367878,85.07368404
3G,25.48497062,85.00221183
4G,25.56459815,85.06980887
LTE,25.46147482,85.17966577
3G,25.5027914,85.19424074
3G,25.48343155,85.02242752
LTE,25.50571795,85.02513833
3G,25.58702896,85.16554173
5G,25.55323186,85.1739077
3G,25.50559866,85.14186753
4G,25.6411112,84.96834129
4G,25.64567408,85.07316314
3G,25.4864968,85.02911052
5G,25.52706828,85.07402792
3G,25.68792423,85.15266064
4G,25.48560346,85.10486846
5G,25.56570412,85.17718474
3G,25.66654468,85.06015351
4G,25.55259104,85.02446605
LTE,25.72765288,85.17577761
3G,25.49701453,85.03627776
5G,25.48522932,85.19254428
LTE,25.53054184,85.20766922
5G,25.55157567,85.24798952
4G,25.58657991,85.07778278
5G,25.62400088,85.01465513
3G,25.60083631,85.12567428
LTE,25.49038884,85.07468861
4G,25.66747628,85.1311781
3G,25.72230471,85.01432038
LTE,25.71221108,85.12076831
LTE,25.70995306,85.20416624
4G,25.4857845,85.17937418
LTE,25.67363113,85.28778741
3G,25.47603293,85.15919937
LTE,25.52455572,85.11981905
5G,25.48009091,85.21031758
5G,25.42562287,85.11958841
LTE,25.57723757,85.30582815
5G,25.54759835,85.09563396
3G,25.50747477,85.10720715
LTE,25.7529665,85.06284521
4G,25.57581346,84.97623414
5G,25.57470021,85.29131234
5G,25.52480658,85.26610159
3G,25.71542667,85.03222201
5G,25.54735431,85.29805841
5G,25.63665558,85.27654443
5G,25.72275179,85.23486452
5G,25.58586739,85.1960731
LTE,25.6551248,85.14676073
4G,25.47123091,85.14634466
5G,25.61882376,85.23496401
5G,25.47883975,85.21736244
5G,25.75627678,85.21227316
4G,25.65330253,85.22173997
LTE,25.5578854,85.00206969
LTE,25.76524183,85.08424727
LTE,25.55040686,85.22718047
3G,25.56226848,84.9831013
LTE,25.63415658,85.07786567
LTE,25.44545534,85.10045688
5G,25.50291993,85.14577415
5G,25.70958828,85.24429673
LTE,25.72702154,85.04616728
LTE,25.50618577,85.0766937
3G,25.60498848,85.31163324
3G,25.72853975,85.02365649
3G,25.45556482,85.03907328
4G,25.55873682,85.19712597
LTE,25.64650149,85.30793353
5G,25.49919937,85.1668625
3G,25.57231355,85.27179635
5G,25.62712951,85.04776007
LTE,25.53215561,84.98318784
3G,25.49906676,84.99838033
4G,25.76344233,85.15912415
4G,25.66758763,85.04727817
3G,25.56445212,85.26969257
LTE,25.46893555,85.04116384
4G,25.50496631,84.98282845
4G,25.68772497,85.25130662
LTE,25.50544589,84.98852644
3G,25.6719532,85.00874989
4G,25.60869096,84.96512635
LTE,25.51997929,85.0309703
3G,25.63561282,85.20124285
LTE,25.53152724,85.09552021
5G,25.44534452,85.22613324
5G,25.63379487,85.14419305
LTE,25.44991942,85.06627348
5G,25.51714141,85.12263919
4G,25.67750272,85.25861078
4G,25.66368552,84.9912119
5G,25.56727504,85.00923575
3G,25.53101839,85.24117552
LTE,25.48954804,85.25575221
5G,25.6593476,85.05097233
4G,25.51940533,85.02645561
LTE,25.61630243,85.12183224
3G,25.74344126,85.10761754
LTE,25.47550525,85.06214198
3G,25.51557087,84.99883537
LTE,25.63076344,85.01879139
5G,25.47636074,85.04820577
LTE,25.55335343,85.06075477
3G,25.6151307,85.18036893
5G,25.64849096,85.16051671
4G,25.4869857,84.99495542
5G,25.67071126,85.1756577
4G,25.69462665,85.18429748
4G,25.70567516,85.13734494
3G,25.6000278,85.191733
3G,25.49748529,85.23315645
3G,25.66470789,84.98138882
LTE,25.61192781,84.97721946
5G,25.50374315,85.03132428
4G,25.72899571,85.22621115
3G,25.60742725,84.99176555
5G,25.56852795,85.23994463
5G,25.68054048,85.13264338
5G,25.7146954,85.1764052
3G,25.50456968,85.1315812
5G,25.66022426,84.97369128
4G,25.70672671,85.14310463
4G,25.62684757,85.26450426
LTE,25.46431837,85.12969291
5G,25.61917977,85.09964071
3G,25.74669947,85.16943032
3G,25.65429085,85.01071247
4G,25.61509955,84.96917844
5G,25.53383843,85.0799073
4G,25.54833753,85.25453134
3G,25.63330242,85.106862
4G,25.67825798,85.02687152
5G,25.71778494,85.2471248
3G,25.64170315,85.23909573
4G,25.63901083,85.07704745
5G,25.52131792,84.99447491
4G,25.68426874,85.01140006
4G,25.59510249,85.26814525
4G,25.65866221,85.04053064
4G,25.68268683,85.19762
4G,25.52833764,85.27289205
4G,25.5662407,85.00491378
3G,25.46422332,85.09376308
LTE,25.74574016,85.09873975
4G,25.50330306,85.1264057
LTE,25.47009206,85.09883426
LTE,25.52894194,85.01267321
3G,25.52552572,85.23574311
4G,25.75484622,85.13146117
5G,25.54499186,85.05789663
5G,25.62576485,85.18058377
4G,25.48469565,85.02442827
4G,25.73156851,85.02251146
4G,25.74694013,85.10027331
3G,25.67489868,85.07809901
3G,25.62013306,85.19509276
3G,25.68479504,85.0891954
5G,25.61755556,84.97253888
5G,25.56289011,85.17573414
5G,25.54207673,85.25728235
5G,25.7467608,85.23193013
5G,25.69673433,85.24058831
5G,25.5090905,85.14928864
4G,25.58040032,84.98808835
LTE,25.70085565,85.16670238
4G,25.64497564,85.24528415
3G,25.60680285,85.01212425
5G,25.59061927,85.25830545
4G,25.54296643,85.0538314
4G,25.59623597,85.02197653
LTE,25.53223561,85.03511245
4G,25.55398325,85.14778175
3G,25.68190375,85.07268077
4G,25.64361516,85.19052768
3G,25.43871419,85.22678657
4G,25.68585426,85.00875213
LTE,25.65668286,85.27757072
4G,25.48418585,85.18059157
5G,25.76487887,85.08307268
5G,25.72214035,85.25758704
LTE,25.47185008,85.01882787
3G,25.60061903,85.19758601
3G,25.55327726,85.06290322
3G,25.70373017,85.03496409
5G,25.4245566,85.16160931
LTE,25.49221769,85.21076608
3G,25.61507867,84.96152931
LTE,25.58782515,85.24467041
4G,25.65013335,85.03735742
5G,25.73958074,85.07478172
4G,25.48894246,84.9995398
LTE,25.58304663,85.00310265
4G,25.43307375,85.09387828
5G,25.5726308,85.15521384
5G,25.50955999,85.13789549
4G,25.51528542,85.04340525
4G,25.51153484,85.27817845
3G,25.73503638,85.19833443
5G,25.64675599,85.08953134
LTE,25.51322354,85.18019341
3G,25.58248971,85.065404
4G,25.70071356,85.0089585
5G,25.57707528,85.17535982
LTE,25.53607271,85.29908328
5G,25.42073481,85.11785481
5G,25.53374246,85.09505524
4G,25.69225509,85.24883355
4G,25.64447527,85.28296996
4G,25.66447547,85.10954396
4G,25.49304227,85.07725011
4G,25.52735455,85.11542874
LTE,25.59023582,85.03743558
4G,25.60249251,84.99038094
4G,25.63942973,85.07609173
5G,25.70009289,85.12353227
3G,25.55711287,85.12652135
4G,25.63202344,85.2973305
5G,25.65385845,85.30617707
LTE,25.61002156,85.05188442
LTE,25.49599859,85.06435682
3G,25.65496162,85.26064203
LTE,25.42482649,85.08251171
LTE,25.49991079,85.13135958
3G,25.6141455,85.01549257
3G,25.75602031,85.12513073
4G,25.68908096,85.26775285
3G,25.59380664,85.10725446
LTE,25.65613001,85.00988873
LTE,25.53402264,85.01175427
4G,25.42546054,85.1497245
5G,25.57575998,85.24067981
LTE,25.59597072,85.21563248
LTE,25.6042656,85.10690058
4G,25.55867307,85.18831831
4G,25.64706141,85.14036662
LTE,25.76518786,85.14623101
4G,25.47950248,85.23459891
4G,25.68117275,85.2696522
5G,25.66081762,85.05038961
5G,25.42511009,85.15183103
3G,25.57155263,85.0913928
4G,25.68710725,85.22614394
3G,25.54182286,85.05942182
5G,25.64371831,85.25777758
5G,25.57738687,85.04480582
5G,25.6439143,85.26285134
LTE,25.49027009,85.01490609
LTE,25.65974928,85.06285583
LTE,25.63636102,85.21091506
5G,25.72425709,85.07568436
4G,25.52892859,85.1662128
4G,25.72994616,85.08681079
3G,25.53120749,85.23425502
LTE,25.58965749,85.29974797
LTE,25.6984149,85.0018984
5G,25.53333776,84.99658357
LTE,25.62281627,85.18792869
4G,25.57422849,85.31027902
4G,25.64435914,85.09135707
LTE,25.66228351,85.26782805
LTE,25.71955499,85.24877171
3G,25.74134521,85.14443694
LTE,25.6785062,85.25026275
3G,25.69270306,85.22590022
5G,25.69401853,85.14218627
5G,25.6107421,85.09137304
4G,25.64440805,85.11567171
LTE,25.6837644,85.18703529
LTE,25.6717166,84.99960191
4G,25.7601309,85.18679149
5G,25.47159207,85.03290424
LTE,25.57044585,85.03447439
3G,25.46230524,85.13223704
LTE,25.7343793,85.18958136
LTE,25.65943996,85.04477904
4G,25.6446432,85.02751411
LTE,25.58965761,85.05163798
4G,25.64351086,85.23971233
3G,25.55283193,85.30566364
4G,25.69487855,85.1907692
4G,25.63033046,84.9982114
4G,25.65123094,85.28917523
LTE,25.53787463,85.24884818
3G,25.66110808,85.22532561
3G,25.55770824,85.16599414
4G,25.59940442,84.95901517
4G,25.48692814,85.17898732
3G,25.52400742,85.269919
3G,25.49509333,85.01445695
LTE,25.64121918,85.15048436
5G,25.48856811,85.20807555
3G,25.60888017,84.97619509
4G,25.62486548,85.03507235
3G,25.68897516,85.19599326
LTE,25.63078269,85.30517689
LTE,25.48986717,85.19703904
5G,25.76601081,85.15059363
5G,25.59244876,85.30353155
4G,25.59964803,85.29644591
5G,25.46156862,85.19187669
5G,25.73724003,85.0665142
LTE,25.58337717,85.09348684
4G,25.67351341,85.02583737
LTE,25.62766966,85.08081609
3G,25.68368306,85.14123734
3G,25.70886996,85.02643285
3G,25.55470796,85.13626312
5G,25.52806535,85.26753194
3G,25.64554805,85.06437264
LTE,25.6947742,85.18850252
LTE,25.52941612,85.04865618
5G,25.50123626,85.14895536
LTE,25.71665294,85.1330857
5G,25.65801904,85.1278994
3G,25.46025771,85.24255289
LTE,25.69699538,85.15428349
3G,25.55707039,85.1438359
5G,25.54009832,85.03187349
LTE,25.54189664,85.23099955
5G,25.47507137,85.07326981
LTE,25.46058879,85.05886423
3G,25.67790647,85.19107801
5G,25.49924706,85.13982399
5G,25.61870444,85.14598809
LTE,25.51766512,85.03621125
4G,25.65003665,85.16201118
4G,25.67469136,85.00562194
LTE,25.52774046,85.11170651
5G,25.60003442,85.20642546
3G,25.51710962,85.01256483
LTE,25.67787626,85.24090811
LTE,25.55368477,85.09022633
3G,25.62027772,85.26886208
LTE,25.5123371,85.18667282
4G,25.70164885,85.19690433
5G,25.63153549,85.22757332
LTE,25.59684117,84.96451616
LTE,25.49191095,85.10181982
4G,25.54612628,85.251133
4G,25.5277131,85.14283083
3G,25.46780815,85.24730342
4G,25.62980278,85.29060963
LTE,25.64153682,85.04827498
LTE,25.59189344,85.27736265
LTE,25.55762641,85.0184889
4G,25.56304572,85.2773628
3G,25.61385643,85.0950735
LTE,25.51893892,85.29776525
4G,25.74079868,85.18317036
4G,25.66835074,85.26995775
3G,25.53441541,85.25021342
5G,25.60118727,85.28829013
3G,25.54740507,85.20905173
3G,25.5752593,85.15416372
4G,25.71832928,85.16412864
5G,25.49285095,85.27628649
3G,25.6538839,85.20100683
3G,25.69173376,85.17943909
3G,25.45973244,85.12966494
LTE,25.50550576,85.04238531
5G,25.69540912,85.14368541
LTE,25.63151205,85.10194868
3G,25.68071708,85.16763422
3G,25.66012803,84.99471926
4G,25.56139933,85.0834625
5G,25.66969436,85.18637939
LTE,25.69645908,85.15715683
3G,25.63386603,85.07328276
5G,25.54309924,85.1573725
4G,25.48657978,85.134414
LTE,25.64054325,85.27778803
LTE,25.45935611,85.14073007
LTE,25.62444238,85.09174419
LTE,25.48184969,85.07290428
LTE,25.50511519,85.05854449
3G,25.46291054,85.25069122
4G,25.46228819,85.23099411
3G,25.54988619,84.97246618
4G,25.57557179,85.02411946
5G,25.51588674,85.20968112
LTE,25.6191765,85.04373186
4G,25.61293834,85.28098291
4G,25.68738021,85.27922566
3G,25.51959571,85.05309996
3G,25.70483715,85.21270966
4G,25.60892384,85.15277392
3G,25.52599136,85.26552411
3G,25.43597263,85.14489643
4G,25.46850132,85.07066048
3G,25.69771169,85.14003065
4G,25.59650533,84.99557047
3G,25.51551688,85.12164058
4G,25.74370238,85.18410991
5G,25.55245765,85.13536122
LTE,25.52877342,85.10011837
4G,25.49693684,85.20557328
LTE,25.5597935,85.17723132
3G,25.68560298,85.01158753
3G,25.6668299,85.27388436
4G,25.75289504,85.11282026
4G,25.62166288,85.05354658
5G,25.46410373,85.25197634
LTE,25.56045057,85.14132201
3G,25.6429105,84.96479455
5G,25.42953669,85.14772952
5G,25.52320109,85.03346633
5G,25.63673016,85.28976636
LTE,25.54976245,84.96931679
4G,25.52500136,85.15198122
4G,25.49156614,85.12279502
5G,25.44758145,85.13507413
4G,25.67111433,85.29327799
5G,25.56963884,85.20889961
4G,25.51333715,85.10853628
5G,25.63215674,85.11964047
5G,25.61183696,85.23079357
5G,25.60952715,85.29865243
LTE,25.71993087,85.06797662
LTE,25.63234387,85.13799178
5G,25.75699081,85.09511557
LTE,25.5128488,85.23127872
5G,25.64393182,85.18996775
5G,25.75616671,85.13092022
LTE,25.45108639,85.08339336
LTE,25.472987,85.23924556
3G,25.76694788,85.09906182
4G,25.65729196,85.25537116
LTE,25.59798398,85.045717
4G,25.46900986,85.18725632
5G,25.68545754,84.9992379
LTE,25.70916638,85.18433236
4G,25.58883105,85.21799009
3G,25.43518189,85.17024635
5G,25.74818935,85.20659288
4G,25.56946577,85.03514716
4G,25.61715068,85.22404168
5G,25.50484057,85.2358735
4G,25.64463479,85.04714427
LTE,25.64548024,85.01501754
3G,25.5321486,85.21596552
4G,25.64665996,85.01567682
LTE,25.67753639,85.26342121
5G,25.59089702,85.01520948
4G,25.43619345,85.09556219
5G,25.66640863,85.08731375
3G,25.52463888,84.98740633
4G,25.50088686,85.19191331
5G,25.45674856,85.09108253
4G,25.63983623,85.21753657
3G,25.58611241,85.08837333
5G,25.63822634,85.08787666
3G,25.50445394,85.22396044
LTE,25.46365638,85.11617796
5G,25.59809774,85.11932084
LTE,25.59461823,84.9919475
3G,25.58935158,85.15875094
4G,25.6922688,85.23189805
3G,25.55004309,85.12229187
5G,25.45428228,85.10334301
4G,25.53163362,85.29214722
5G,25.67388774,84.99866335
4G,25.61679585,85.12195104
5G,25.48609347,85.12789368
4G,25.55702882,85.20823567
4G,25.68758138,85.01955223
LTE,25.48476101,85.05139174
LTE,25.52683491,85.26162101
LTE,25.42423346,85.14528137
5G,25.64921845,85.20072685
5G,25.5568845,85.09008193
4G,25.73216652,85.03392396
3G,25.59973786,85.1605792
3G,25.50645603,85.24838651
4G,25.4519579,85.10168448
5G,25.60045381,85.29003696
4G,25.74177588,85.17611897
3G,25.70076239,85.00707713
4G,25.66471959,84.98815457
3G,25.726163,85.23288035
3G,25.5066364,85.29022357
4G,25.62793565,85.26746474
3G,25.58289081,85.30165814
5G,25.44038855,85.21343874
LTE,25.65106525,85.06011602
4G,25.57627342,85.09355814
5G,25.51072115,85.12638005
3G,25.5573304,85.08678611
LTE,25.74287181,85.15357476
5G,25.63499929,85.08117496
4G,25.62204042,85.09390291
5G,25.70535103,85.15339928
3G,25.7005844,84.99940236
5G,25.55169551,85.30041751
3G,25.60530459,85.30037879
LTE,25.70407959,85.10171699
3G,25.53097907,85.0551122
5G,25.4544785,85.24829706
LTE,25.51592211,84.99822193
LTE,25.73212104,85.02344811
4G,25.72591345,85.19576856
5G,25.63426372,85.26883773
5G,25.41972556,85.13604703
LTE,25.6172112,85.21210301
5G,25.61774765,85.05085093
LTE,25.61101214,85.24832351
4G,25.68559906,85.19878456
LTE,25.68914903,85.12576527
3G,25.54837155,85.23975017
4G,25.51467539,85.07073073
5G,25.63032494,85.14736638
4G,25.56253512,85.27676219
5G,25.60305896,85.3152871
5G,25.53727153,85.1564523
LTE,25.45721456,85.09402412
LTE,25.47018693,85.17620124
LTE,25.6849831,85.16829037
5G,25.76367728,85.15696246
5G,25.54305622,84.98465681
LTE,25.48475483,85.17081722
3G,25.57335563,85.2850939
4G,25.77278124,85.13299168
LTE,25.72564593,85.21843825
LTE,25.73581504,85.21414703
3G,25.45737078,85.02458209
4G,25.58085341,85.28473265
3G,25.59180936,85.14126994
5G,25.68480446,85.12213283
3G,25.7096253,85.03244155
4G,25.6203014,85.07224369
LTE,25.64571678,85.13928248
5G,25.42778727,85.18805935
5G,25.69068086,85.1023329
LTE,25.71880688,85.18319989
LTE,25.60006887,85.12486982
LTE,25.48112156,85.17030592
4G,25.49969353,85.25605993
LTE,25.70149944,85.108777
5G,25.65486324,85.13257371
LTE,25.60842827,84.99520342
5G,25.54105184,85.14468625
5G,25.46591333,85.16345682
LTE,25.6096575,85.24213756
5G,25.6862303,85.05544546
3G,25.6824216,84.98758781
LTE,25.6816081,85.16241537
3G,25.50152482,85.25313024
5G,25.47425469,85.16644048
4G,25.44786118,85.20656697
LTE,25.55122422,85.19043469
3G,25.4753185,85.06681007
LTE,25.76935405,85.13200033
LTE,25.55804407,84.99684431
4G,25.48130635,85.15841559
LTE,25.44672731,85.20422667
3G,25.53729643,84.99387289
5G,25.64583506,85.14358948
5G,25.61129131,85.17834288
LTE,25.54883208,85.08709335
3G,25.71874657,85.03324608
5G,25.48844923,85.06229876
LTE,25.67698869,85.02487236
3G,25.68370154,85.1942688
LTE,25.58928898,85.07121261
4G,25.5112524,85.05974779
3G,25.58661397,85.02899715
LTE,25.45005397,85.15134449
3G,25.53171331,85.03602286
LTE,25.43370038,85.16001491
4G,25.56162791,85.14116238
LTE,25.57414131,85.08118467
4G,25.60296701,85.24014631
4G,25.51015923,85.02639451
4G,25.60029748,85.10312093
LTE,25.62288497,85.06383854
3G,25.49097176,85.25878717
5G,25.60570514,84.9709774
3G,25.69770713,85.02348773
4G,25.69554933,85.04614193
5G,25.66124045,85.21458009
5G,25.54097616,85.24555782
LTE,25.55661811,85.29749314
LTE,25.4789879,85.27405607
3G,25.50790931,85.02091211
LTE,25.47420591,85.03775158
5G,25.57466504,85.1644215
5G,25.62736601,85.26351713
3G,25.5199102,85.00994438
5G,25.49522098,85.13049329
3G,25.67788267,85.25892095
5G,25.61964784,85.16713453
LTE,25.52342835,85.2539134
LTE,25.51267437,85.28643697
5G,25.66425976,85.09373563
4G,25.52365482,85.17119851
4G,25.58584719,85.09472106
4G,25.64958006,85.17455218
5G,25.69324883,85.20044978
3G,25.63034117,85.14934613
LTE,25.66171389,85.13510072
4G,25.67287842,85.26465661
LTE,25.55624547,85.06515404
3G,25.58132078,85.13434476
5G,25.58350034,85.05624934
LTE,25.53556445,85.08734275
4G,25.60442516,85.00223465
3G,25.62766044,85.14462734
3G,25.6519837,85.24379738
3G,25.63314705,84.99637549
5G,25.44904096,85.11100136
4G,25.60127755,85.31454298
5G,25.64934108,85.01010751
LTE,25.70033662,85.19203366
5G,25.71773742,85.13268083
LTE,25.58457336,85.15518112
4G,25.45484733,85.24179672
4G,25.51478496,85.14346046
3G,25.55885,84.99355315
LTE,25.64056167,85.15231401
5G,25.65668867,84.9935564
5G,25.51464916,85.26980747
LTE,25.59852015,85.24507283
5G,25.64143689,85.09488322
4G,25.49938051,85.22019016
5G,25.66334412,85.17602362
LTE,25.46841498,85.14239271
4G,25.64183629,85.06525743
LTE,25.60600524,85.14290201
3G,25.6249731,85.04184599
5G,25.63372152,85.19752979
LTE,25.73441761,85.16239737
3G,25.64727549,85.05928489
3G,25.57713472,85.12352067
5G,25.7187046,85.25332136
4G,25.60563115,85.17109968
LTE,25.59123942,85.20653696
LTE,25.43341426,85.07289566
3G,25.69892353,85.18476981
LTE,25.58586318,84.98260338
3G,25.42951751,85.15428677
3G,25.57071584,84.98623785
LTE,25.59387314,85.29554671
5G,25.55151001,85.12694437
4G,25.50927655,85.09474777
4G,25.74506383,85.08137774
LTE,25.71405521,85.08234475
4G,25.55319477,85.15185319
3G,25.73436027,85.05885561
3G,25.66829089,85.07206817
4G,25.66195134,85.02860342
5G,25.54909101,85.24575036
4G,25.50529387,85.01837903
3G,25.71355006,85.11955718
4G,25.64710213,85.15250462
3G,25.75870436,85.16799212
LTE,25.55935426,84.98978449
5G,25.52785709,85.20213614
3G,25.47718523,85.15247527
3G,25.73828104,85.06861004
LTE,25.55354389,85.14174512
LTE,25.75610679,85.14863233
LTE,25.58923393,85.0982533
LTE,25.51482465,85.08329952
LTE,25.63569321,85.18481709
LTE,25.52913959,85.29294437
4G,25.65543859,85.27259702
4G,25.51351489,85.22690099
5G,25.51611895,85.21255203
3G,25.53009453,85.0294074
LTE,25.60243768,85.04338586
LTE,25.70181572,85.12464329
5G,25.74315733,85.20925933
LTE,25.52871567,85.06403726
LTE,25.5034682,85.02066744
3G,25.68694944,85.11593461
LTE,25.46737469,85.20218915
3G,25.51818921,85.25465417
LTE,25.51378038,85.04114244
3G,25.70738904,85.12982172
LTE,25.51489917,85.17487235
4G,25.43740338,85.15111741
3G,25.47644198,85.01158653
4G,25.71936169,85.03486005
3G,25.54675302,84.99089843
3G,25.53608078,85.10197732
5G,25.61845766,85.14251537
LTE,25.60779943,84.96998698
LTE,25.74088402,85.15034565
3G,25.71697931,85.26470508
4G,25.48481426,85.16695181
5G,25.55195198,85.094987
5G,25.50644111,85.00955881
5G,25.42579846,85.08203582
4G,25.57222703,85.21629429
LTE,25.58717385,85.05696644
4G,25.59757866,85.12103922
5G,25.62349947,85.04189797
LTE,25.7090844,85.16642259
4G,25.56708504,85.04779523
LTE,25.49201825,85.13327771
4G,25.65109917,84.97901887
LTE,25.53451346,85.08266905
3G,25.65057343,85.02572414
LTE,25.59091384,85.22315104
4G,25.556957,85.12618398
LTE,25.68529694,85.15002243
3G,25.51290364,85.26549173
3G,25.71179176,85.01219522
3G,25.47802976,85.13291024
LTE,25.60534227,85.13917123
LTE,25.55221251,85.23448705
4G,25.57454334,85.07997169
5G,25.75847885,85.10483666
5G,25.63754977,85.10925508
4G,25.45609412,85.04960745
3G,25.47359542,85.00604841
5G,25.69581734,85.08697086
4G,25.66084922,85.03101313
3G,25.51632008,85.03846812
5G,25.60915852,85.12920428
5G,25.7047478,85.14502604
4G,25.50191275,85.2891567
4G,25.69024952,85.09464486
3G,25.50141375,85.04910772
LTE,25.62242309,85.1425777
5G,25.48906696,85.14429949
LTE,25.51201399,85.04777832
3G,25.5200351,84.98979886
5G,25.73551791,85.0981112
5G,25.56840586,85.20066677
4G,25.61836865,85.02631269
4G,25.59270879,85.19383338
4G,25.62078798,85.24249873
LTE,25.49480464,85.03492504
LTE,25.52734221,84.98664314
5G,25.55845807,84.97260439
3G,25.63853006,85.27046406
3G,25.56204945,84.97055928
LTE,25.50792108,85.00486893
5G,25.59588797,85.30155752
4G,25.69358432,85.02120832
4G,25.50956137,84.97916114
5G,25.43835155,85.07872519
5G,25.60443058,84.98340177
3G,25.63793465,85.10345585
4G,25.69906252,85.11222942
4G,25.71334639,85.04574883
3G,25.76678486,85.11380935
4G,25.72234471,85.15877971
4G,25.44627843,85.16184393
4G,25.69003023,85.26342211
3G,25.69384371,85.12459317
3G,25.51549342,85.0027271
4G,25.70523929,85.05027851
4G,25.41595872,85.15748028
LTE,25.55210742,85.07339833
4G,25.72058838,85.03110622
3G,25.50074809,85.2571587
5G,25.62611498,85.04836066
4G,25.53919125,85.20874864
3G,25.62096088,84.97843062
3G,25.63869422,85.06669451
5G,25.483157,85.22598666
3G,25.61335104,85.01908096
LTE,25.72297527,85.17872568
4G,25.56804656,85.0821899
LTE,25.59068568,85.11529303
LTE,25.69055475,85.2486433
LTE,25.72304264,85.19827199
4G,25.45305691,85.03622406
3G,25.58163546,85.1062816
4G,25.67602838,85.01139839
3G,25.66590065,85.0280907
LTE,25.50807881,85.23994556
5G,25.74436322,85.0589853
3G,25.53508416,85.14318019
4G,25.70386948,85.25135571
3G,25.51719406,85.18486939
LTE,25.45208137,85.03966776
5G,25.5304789,85.1786962
3G,25.61855649,85.11405052
3G,25.74392364,85.06690182
4G,25.55775339,85.20717497
4G,25.75777395,85.18721097
5G,25.63986855,85.03419987
5G,25.68655245,85.03630978
3G,25.60147905,85.04135196
4G,25.55595979,85.06299572
LTE,25.47169527,85.18212445
LTE,25.51166244,85.27044614
3G,25.65696711,85.16312265
4G,25.53473719,85.09892627
5G,25.66734122,84.98449155
LTE,25.68608115,85.07567522
5G,25.50835938,84.98249564
5G,25.60043893,85.09848752
LTE,25.4208614,85.1606657
4G,25.548246,85.10428454
3G,25.53842,85.15020942
LTE,25.70180276,85.10003059
4G,25.53058164,85.14104536
3G,25.61256476,84.98980048
4G,25.52881301,85.29599435
3G,25.46626445,85.17399816
LTE,25.62233797,85.19412991
5G,25.57015719,85.15569101
4G,25.58540573,85.18664217
5G,25.71785964,85.12095141
5G,25.62031842,85.06153638
5G,25.76865498,85.14852514
3G,25.53914908,85.03906986
LTE,25.47425807,85.10917724
3G,25.62338945,85.22170609
3G,25.70340005,85.0004054
LTE,25.54046373,85.1975757
3G,25.54207321,85.10313793
LTE,25.69533468,85.00142065
3G,25.42566546,85.1975899
3G,25.5764966,85.16888696
3G,25.64425278,85.0393877
3G,25.74593639,85.10125398
4G,25.65737754,85.22944204
4G,25.59804227,85.06347161
4G,25.75630914,85.16819276
3G,25.55349581,85.11197211
5G,25.52769968,85.0993272
LTE,25.56969313,85.22448365
LTE,25.67121472,85.04410684
5G,25.57492354,85.01459772
3G,25.46465747,85.01929275
5G,25.61806167,85.2690316
4G,25.54790003,85.2084005
5G,25.50915324,84.99352838
3G,25.44666411,85.17300636
4G,25.58710497,85.15468276
4G,25.60648265,85.30415232
3G,25.65170198,85.23083456
3G,25.576414,84.97123408
LTE,25.66120215,85.16288071
5G,25.58638039,84.96262254
LTE,25.55508269,84.99033209
3G,25.54315654,85.27728316
5G,25.64061752,85.17892865
5G,25.59377391,85.20451307
4G,25.44772592,85.12187236
LTE,25.47529175,85.22141292
4G,25.75476443,85.20871109
3G,25.67182188,85.10060075
5G,25.55216779,85.15138156
4G,25.66821749,85.29767622
5G,25.45860385,85.21930998
5G,25.6930504,84.99822342
4G,25.62829703,85.00908244
3G,25.71118202,85.23804361
5G,25.69452021,85.04198082
3G,25.49053241,85.21043107
3G,25.61074229,85.2434728
LTE,25.46999688,85.00908331
5G,25.54219967,85.262133
5G,25.58675492,85.00846773
4G,25.51990095,85.10821965
5G,25.58443713,85.09640588
5G,25.72798961,85.05237696
LTE,25.59087291,85.06788978
3G,25.44032782,85.11146134
4G,25.6832139,85.13119479
LTE,25.66453472,85.24743684
4G,25.70328079,85.08248613
4G,25.6976268,85.22003109
LTE,25.67775494,85.26106099
3G,25.54488749,84.9899019
LTE,25.48966688,85.15341429
4G,25.73120529,85.07483589
5G,25.42713048,85.10669772
4G,25.46114905,85.01870227
5G,25.50962399,85.19634563
4G,25.43165659,85.17855041
LTE,25.52334807,85.21596715
3G,25.72198114,85.15596691
4G,25.52056482,84.98233621
3G,25.7063677,85.24124504
3G,25.66372114,85.02252076
5G,25.60565335,84.95999796
3G,25.72597124,85.24951046
5G,25.54151129,85.02408648
5G,25.65499179,85.00491928
3G,25.55037775,85.25103859
LTE,25.52537085,84.97858567
4G,25.6407259,85.03480982
5G,25.57109734,85.04841247
4G,25.59200387,84.99054461
3G,25.60114217,85.28179244
4G,25.73250601,85.0336696
5G,25.44586717,85.2270064
5G,25.72182873,85.14906686
3G,25.46929186,85.24040913
5G,25.69688293,85.16491766
4G,25.60106514,85.16462153
LTE,25.46896006,85.02988142
4G,25.69796374,85.27245444
LTE,25.6420997,85.26623012
3G,25.49543104,85.1388157
4G,25.64768433,84.97819929
4G,25.53210745,84.99645857
LTE,25.46237969,85.24562186
5G,25.46187207,85.16895717
4G,25.69825938,85.01736645
LTE,25.50572584,85.08372581
3G,25.61458052,85.18240199
LTE,25.57092175,85.12633553
LTE,25.45123689,85.13330113
LTE,25.63650482,85.19662225
4G,25.64710291,85.25674335
5G,25.53482142,85.16149548
4G,25.50707832,85.19007421
LTE,25.70284221,85.23617494
3G,25.6438272,85.22120379
4G,25.56638617,85.01698055
LTE,25.62876371,85.28806555
3G,25.5731086,85.23675763
LTE,25.584764,85.27340508
3G,25.61539251,84.97081186
3G,25.54887487,84.97438564
LTE,25.48315684,85.00865981
3G,25.57427103,84.99918155
LTE,25.62854523,85.04071407
5G,25.73754059,85.09934805
4G,25.64095759,85.05394323
3G,25.52302641,85.26745598
4G,25.41692997,85.11407683
4G,25.6287741,85.25701893
3G,25.57279245,84.99051784
5G,25.57569913,85.06586702
3G,25.53072609,85.15726386
4G,25.74688059,85.07028909
5G,25.75686394,85.19286936
LTE,25.46180831,85.24429061
4G,25.55867916,85.11558184
3G,25.62316076,85.18662591
5G,25.68242097,85.18855914
3G,25.46610783,85.15097106
5G,25.61760484,85.03905318
5G,25.74392386,85.16921546
4G,25.68126287,85.23457603
5G,25.53415038,85.18215135
LTE,25.62571572,84.98662425
3G,25.59690582,85.05615689
5G,25.53154468,85.18197193
LTE,25.58084299,85.11419807
4G,25.7613907,85.19574955
5G,25.65182353,85.15667463
4G,25.73453811,85.04304565
4G,25.72897043,85.11807439
3G,25.66804791,85.14053091
4G,25.59057868,85.03807503
4G,25.55669099,85.24031678
3G,25.42617846,85.17071878
5G,25.6855769,85.21354363
5G,25.45806133,85.03788869
3G,25.45040847,85.06175022
LTE,25.56312023,85.01430021
LTE,25.51900413,85.12285813
3G,25.7370979,85.22877233
3G,25.68317924,85.09558187
4G,25.70455201,85.13356413
LTE,25.7494681,85.21585177
3G,25.71878657,85.2404335
LTE,25.46439046,85.14232789
4G,25.69176905,85.14734253
5G,25.7151746,85.11428718
LTE,25.57189286,85.19854406
LTE,25.54293944,85.30646907
LTE,25.49696025,85.1474011
3G,25.64795898,85.02582773
LTE,25.61950594,84.99449464
4G,25.50285297,85.14348693
5G,25.44002253,85.11222957
LTE,25.53862339,85.14582716
3G,25.64051993,85.11587808
5G,25.71796159,85.17406552
5G,25.51529944,85.14660297
3G,25.48512431,85.22024481
5G,25.61389931,85.01975342
4G,25.66791895,85.18056731
LTE,25.64288815,85.21792888
LTE,25.76060068,85.18892481
4G,25.57611662,85.16153817
LTE,25.73663131,85.09403865
5G,25.70201502,85.03284475
LTE,25.53295318,85.10030059
LTE,25.71161761,85.01968529
5G,25.68380452,85.06970583
3G,25.6035969,85.01070618
LTE,25.74718566,85.11946895
5G,25.60777116,85.03812424
LTE,25.65068632,84.99020043
LTE,25.64409067,85.30439651
5G,25.54037034,85.08237675
5G,25.50210139,85.1372486
4G,25.58237666,85.27413979
3G,25.57337818,85.12260821
5G,25.4828318,85.05691743
3G,25.48166789,85.11878451
4G,25.72525936,85.24752818
4G,25.51272597,85.09357598
4G,25.52566765,85.08982694
3G,25.65060005,85.20037133
LTE,25.56336504,85.20750594
3G,25.67395837,85.04923402
5G,25.41611718,85.12177063
LTE,25.67132004,85.29518059
LTE,25.59477424,85.16370963
4G,25.68730846,85.20103989
4G,25.59665966,85.11611029
LTE,25.46425348,85.09457957
3G,25.59180773,85.05532191
3G,25.69206497,85.00055763
4G,25.4753195,85.24234837
4G,25.4414271,85.05279148
LTE,25.63061006,85.05881453
LTE,25.58550799,85.16960179
LTE,25.53667112,85.05587349
3G,25.75505316,85.13467033
4G,25.5649854,85.04659079
LTE,25.75129098,85.18700821
3G,25.61494739,85.30498026
4G,25.72616159,85.11387646
4G,25.61868058,85.16394809
LTE,25.66992954,85.12981815
LTE,25.73841912,85.13892286
3G,25.59684364,85.14169765
5G,25.70164767,85.00049739
LTE,25.55822741,85.03535048
4G,25.6844524,85.03620438
5G,25.45127199,85.0557447
4G,25.55644055,85.22523525
5G,25.62518317,85.22284416
4G,25.60173849,85.21574982
LTE,25.59217186,85.02049878
3G,25.50011295,85.03846064
LTE,25.76598546,85.14850901
4G,25.69128892,85.15824826
3G,25.71830711,85.23328141
3G,25.67395294,85.23405539
4G,25.64336026,85.2224659
5G,25.68756977,85.2663073
5G,25.57306968,85.04038075
5G,25.42849931,85.12765755
5G,25.47513021,85.26121578
4G,25.60613176,85.2816853
5G,25.43917478,85.08937613
5G,25.70258828,85.21542573
LTE,25.75086271,85.21110541
LTE,25.54861531,85.30155413
5G,25.60754819,85.31530547
3G,25.69979888,85.03663922
3G,25.4967115,85.09123925
3G,25.6631714,85.24506517
LTE,25.64007874,85.11129403
LTE,25.71835798,85.09061112
LTE,25.66896594,85.06745796
4G,25.59505384,85.31483289
5G,25.68937734,84.9862394
3G,25.70179451,85.27940135
3G,25.54159987,85.02702582
3G,25.70152062,85.0613719
3G,25.57353402,85.11105056
3G,25.47920736,85.0491173
4G,25.49251679,85.00446312
LTE,25.55452911,85.19056135
LTE,25.48914435,85.19394782
5G,25.46151324,85.05624452
LTE,25.48853074,85.16813617
4G,25.62675625,85.14520751
3G,25.56985929,85.26847941
3G,25.59000047,84.96341188
3G,25.71400485,85.02487881
5G,25.69083489,85.15228568
LTE,25.7179568,85.26148628
5G,25.50895756,85.04061435
5G,25.59368113,85.11020778
4G,25.65031336,85.04249007
3G,25.5086958,85.1599907
4G,25.73701767,85.19477465
4G,25.51940383,85.06579835
LTE,25.58570352,85.03525392
4G,25.4487181,85.23343566
5G,25.48039417,85.17879903
3G,25.42243799,85.18672845
5G,25.51796956,85.05901816
5G,25.75749038,85.16608035
3G,25.58168994,85.19645621
3G,25.68573009,85.18441607
4G,25.56619993,85.09596361
5G,25.58957387,84.96495076
LTE,25.63217409,85.00590045
5G,25.5923325,85.1737285
5G,25.67920442,85.16710407
LTE,25.59834834,85.19282719
LTE,25.52628056,85.12060537
5G,25.71129864,85.16558486
3G,25.69500638,85.14763964
3G,25.62459884,85.06014583
LTE,25.44622084,85.06169012
LTE,25.4276835,85.07600793
3G,25.4736701,85.02037854
5G,25.76395781,85.10259408
3G,25.61756487,85.18738491
4G,25.51601375,85.0069266
LTE,25.52774478,85.22551646
5G,25.52380325,85.29099861
5G,25.51936304,85.25203684
5G,25.55531358,85.09708282
LTE,25.67624171,85.06646405
3G,25.72620118,85.06467501
5G,25.50449247,85.11952017
3G,25.70800333,85.12598104
LTE,25.56303851,85.17353217
3G,25.6654994,85.13247127
3G,25.55082041,85.14560302
5G,25.61038098,85.04255453
5G,25.55433193,85.07153832
5G,25.69226968,85.27911826
LTE,25.60729633,84.98272331
4G,25.59976958,85.15132846
4G,25.55716851,85.10773427
LTE,25.72296326,85.21418004
LTE,25.55717025,84.99164076
5G,25.73657389,85.19975344
4G,25.5900059,84.96784928
3G,25.66066447,85.28955421
LTE,25.63374899,85.21958863
5G,25.49609051,85.25782869
LTE,25.45210217,85.18000656
3G,25.4486498,85.23844129
5G,25.68733727,84.99198343
LTE,25.63347267,85.26123131
5G,25.68741771,85.09316603
LTE,25.60487721,85.26305745
5G,25.49108468,85.14253878
LTE,25.48568148,85.2622214
LTE,25.51959484,85.02309347
5G,25.70647217,85.11348112
5G,25.73377237,85.04515232
3G,25.56179084,85.08635938
3G,25.53153304,85.02340475
LTE,25.52023278,85.05167507
3G,25.54099024,85.0470812
4G,25.43880237,85.11838258
3G,25.54292697,84.97637806
3G,25.67540926,85.20223013
4G,25.66856856,85.18000223
4G,25.50461142,85.05396071
5G,25.64592067,85.23981551
LTE,25.45328715,85.09754375
5G,25.5428296,85.22100977
4G,25.5394963,85.09469835
5G,25.72401096,85.22069069
4G,25.44489506,85.22255524
3G,25.63281491,84.98230165
5G,25.65037518,85.03274959
LTE,25.73736305,85.18027252
4G,25.45561659,85.22992375
LTE,25.57288346,85.03287911
5G,25.65320303,85.26964157
5G,25.57842135,85.07423497
5G,25.73243487,85.20929068
LTE,25.45833059,85.22448054
3G,25.68489222,85.11205611
3G,25.60755161,85.04063133
5G,25.59244319,85.30083007
3G,25.46590531,85.2401788
3G,25.4916067,85.02532333
3G,25.45053297,85.05139369
LTE,25.44496636,85.20179339
LTE,25.66954588,85.16626781
4G,25.53722964,85.12405649
3G,25.57044832,85.10307739
3G,25.7558913,85.18078291
4G,25.46282559,85.22691997
LTE,25.53734666,85.28582206
4G,25.54758236,85.18192709
5G,25.68386962,85.08456079
5G,25.65411353,85.16892107
3G,25.64723046,85.04337416
LTE,25.7331063,85.08071319
4G,25.49173656,85.1257522
LTE,25.57319873,85.27088642
LTE,25.73348316,85.16096719
5G,25.65079429,85.16254545
LTE,25.53000759,85.03568473
LTE,25.57927273,85.27130653
4G,25.65753338,84.99077787
5G,25.72428577,85.0485766
3G,25.58889699,85.11095883
5G,25.43378031,85.06430401
4G,25.60149306,85.16418737
4G,25.67985241,85.04848767
5G,25.61015097,85.05360041
3G,25.59044267,85.06285087
3G,25.71260826,85.25682529
LTE,25.74373042,85.19684727
5G,25.58689711,85.19231984
5G,25.51398445,85.21624097
LTE,25.43922454,85.20388663
LTE,25.75681461,85.15077187
3G,25.69097911,85.13804496
5G,25.70412117,85.17297289
3G,25.74221193,85.14146987
LTE,25.53001869,84.98123297
3G,25.67037883,85.19973343
3G,25.63489132,85.161595
4G,25.55126966,85.05601556
4G,25.65660311,85.17602818
LTE,25.44177222,85.19060909
4G,25.44554794,85.16708001
5G,25.62170438,85.23568619
3G,25.64974008,85.00197047
5G,25.6960951,85.00855622
3G,25.44688572,85.16268744
3G,25.68269671,85.08628001
LTE,25.6084008,85.00201017
LTE,25.58438097,85.11077953
LTE,25.72158151,85.17332538
4G,25.69266409,85.27244646
4G,25.68848941,85.00424317
LTE,25.71459353,85.2396825
5G,25.7525561,85.06851187
3G,25.57051737,85.10101426
4G,25.49649632,85.22344279
4G,25.56843289,85.01246711
LTE,25.6205731,85.27527415
5G,25.67519384,85.21201621
5G,25.73962647,85.10754792
3G,25.5796005,84.95975171
3G,25.68433518,85.26606547
LTE,25.52434625,85.06211503
4G,25.51615869,85.2994271
3G,25.46460617,85.05573807
4G,25.61611019,85.07868268
3G,25.55275426,85.15791383
4G,25.71657235,85.23166725
LTE,25.53083382,85.17308931
LTE,25.73160679,85.10865182
LTE,25.6846529,85.04809671
4G,25.5374912,85.17831342
LTE,25.60607435,85.21301376
3G,25.72580135,85.25516957
LTE,25.53306867,85.07987047
3G,25.48156365,85.10129403
3G,25.62341961,85.12169135
3G,25.62367649,85.1628286
5G,25.42884075,85.10788296
LTE,25.49977009,85.0865654
3G,25.67681753,85.15506134
LTE,25.43670128,85.05707372
LTE,25.53443775,85.27835977
5G,25.70071115,85.14564386
5G,25.66021131,84.99191149
4G,25.41943983,85.15633059
3G,25.57650235,85.19891087
LTE,25.5647137,85.1587869
5G,25.74893506,85.22678492
LTE,25.62188763,85.02623016
LTE,25.49090171,85.09478184
5G,25.53359935,85.23001441
4G,25.62528072,85.15669709
5G,25.69529733,85.10511971
5G,25.49419922,85.16130071
4G,25.47767825,85.20896398
3G,25.48547105,85.17478768
5G,25.72714209,85.2016573
LTE,25.47589722,85.05198199
4G,25.59658082,85.04879039
4G,25.59783434,85.13659318
3G,25.5942534,85.03651892
3G,25.63815101,85.00101248
5G,25.53037943,85.04601974
5G,25.5772917,84.96004655
5G,25.60916758,85.05851828
4G,25.51147021,85.06528349
4G,25.64784075,85.27319288
3G,25.59025926,84.96190626
LTE,25.46634009,85.104414
3G,25.50690901,85.27782348
4G,25.64885132,85.06762109
LTE,25.43418816,85.15644739
LTE,25.5774322,85.16348491
LTE,25.46752588,85.19242148
3G,25.48677711,85.00331926
5G,25.5379114,85.07016528
LTE,25.53427127,85.07889589
3G,25.52384679,85.10574866
3G,25.60714533,85.175687
3G,25.45498242,85.18012787
4G,25.47038366,85.06901801
5G,25.66040528,85.05644708
4G,25.60310507,84.97908536
4G,25.5954539,85.01184029
5G,25.54836868,85.19688248
4G,25.56252249,85.28664062
3G,25.59245311,84.98585146
LTE,25.67207182,85.07283103
5G,25.45289251,85.24273503
5G,25.46146498,85.08242764
4G,25.53877786,85.14055248
LTE,25.45136013,85.06713122
LTE,25.72511601,85.14610692
5G,25.7194846,85.15602823
3G,25.51273303,85.00658058
4G,25.68061004,84.98712086
4G,25.51013377,85.07869756
LTE,25.46566946,85.14825587
5G,25.41720418,85.11273236
4G,25.61764186,85.03295171
LTE,25.57888573,84.99472484
5G,25.55072552,85.248251
LTE,25.60627359,85.02029467
5G,25.62560678,85.24512741
5G,25.76162491,85.19112236
4G,25.76957374,85.15790582
LTE,25.58129561,85.04326644
3G,25.7098316,85.14691994
LTE,25.57223156,85.01576716
LTE,25.46302036,85.12652526
LTE,25.55710786,85.18746751
LTE,25.6760761,85.06703013
LTE,25.52484439,85.01386047
4G,25.53577274,85.03591802
LTE,25.61358407,85.22218185
5G,25.49689108,85.22971611
LTE,25.59706618,85.14556464
4G,25.44298259,85.20290948
LTE,25.73647026,85.08264264
4G,25.56880304,84.98873149
4G,25.59506098,84.97047708
3G,25.59630648,85.12984311
5G,25.58398849,85.14187592
5G,25.4605787,85.17462766
LTE,25.66706309,85.20381852
3G,25.68195129,85.10652185
LTE,25.66314996,85.24330368
4G,25.76098075,85.07101645
3G,25.67131785,85.01831762
3G,25.52201079,85.12393601
4G,25.51714909,85.29440303
LTE,25.48934596,85.05530249
3G,25.49673389,85.16701874
5G,25.49509675,85.18798649
3G,25.52841347,85.00023867
LTE,25.49359714,85.25024911
4G,25.73971847,85.20295519
4G,25.49569511,85.17929432
5G,25.45814789,85.20356974
4G,25.72541995,85.13418731
LTE,25.59453987,85.16333083
3G,25.46917331,85.24636795
5G,25.5202382,85.06992583
LTE,25.55585858,85.05710793
4G,25.71596392,85.04802494
3G,25.7123779,85.21479047
LTE,25.54905276,85.2799662
3G,25.5737403,85.1835826
3G,25.65025539,85.02669618
4G,25.65806224,85.00465483
5G,25.51183494,85.02427149
LTE,25.69689058,85.2486112
5G,25.74813863,85.20818216
3G,25.58501729,85.11301324
LTE,25.4644337,85.14422074
4G,25.4843751,85.24314718
4G,25.54232335,85.01840599
3G,25.60368806,84.98818126
4G,25.590192,85.29576777
5G,25.72696534,85.1443338
4G,25.69336761,85.00666801
LTE,25.65130079,85.12380086
3G,25.72963328,85.02030219
4G,25.68560345,85.06666077
3G,25.60465289,85.12925066
3G,25.62648139,84.98778026
3G,25.70654527,85.09269342
4G,25.60826085,84.97074124
4G,25.5731802,85.02721398
4G,25.64771138,85.16824577
5G,25.69451566,85.06755748
5G,25.65011261,85.28041696
3G,25.47137966,85.16636091
5G,25.58196096,85.11608663
4G,25.45142034,85.15005828
4G,25.64351597,85.20499886
LTE,25.60802987,85.28867429
5G,25.48082097,85.23261258
LTE,25.60499131,85.26661092
5G,25.45742871,85.14301169
3G,25.45346576,85.21150925
LTE,25.67954978,85.03660597
4G,25.55386793,85.09760918
4G,25.71287039,85.02403005
LTE,25.68408147,85.13153608
3G,25.45162367,85.18954624
4G,25.6923155,85.03256071
LTE,25.55571746,84.99303742
LTE,25.61879516,85.18709242
3G,25.60118587,85.23280832
5G,25.62283268,85.01052521
3G,25.50882841,85.25578709
5G,25.6105429,85.29321925
3G,25.72138551,85.01292462
3G,25.53284201,85.1588453
5G,25.53850935,85.07194956
4G,25.5795381,85.2137342
4G,25.60135529,85.034031
LTE,25.66858843,85.17556805
5G,25.52614611,85.13303537
4G,25.76222125,85.15586559
4G,25.64898521,85.16211293
3G,25.61847287,85.24686962
LTE,25.67822205,85.24648588
3G,25.58967327,85.04697375
LTE,25.76231151,85.12795419
3G,25.66931512,85.20712257
4G,25.44192168,85.06453271
5G,25.71347927,85.15379899
4G,25.65100457,85.07315492
LTE,25.68391213,85.06608916
3G,25.61762221,85.15069165
LTE,25.63734108,85.15557913
4G,25.62681097,85.13682276
3G,25.66698314,84.97962777
5G,25.73982962,85.11524215
4G,25.75739754,85.06455725
5G,25.47806304,85.08620397
4G,25.46372217,85.24212889
LTE,25.52674039,85.01411607
5G,25.61476534,85.29874576
LTE,25.70528209,85.2516809
3G,25.69551591,85.26030031
3G,25.46845854,85.15696205
5G,25.49437438,85.09436125
3G,25.4892252,85.04139215
3G,25.60252529,85.22090553
4G,25.54636242,85.27845856
4G,25.54330643,85.100621
4G,25.48950414,85.05032878
3G,25.51513475,85.23057325
3G,25.69500651,85.18607903
4G,25.59671275,85.27029251
LTE,25.47377291,85.14628883
5G,25.59637756,85.07665186
LTE,25.54132235,85.11662135
4G,25.42403177,85.14490902
5G,25.7354732,85.15840137
4G,25.50726535,85.04426608
3G,25.59181038,85.22388952
3G,25.51984266,85.03857628
4G,25.45633208,85.18472531
5G,25.45143078,85.22636447
5G,25.44336643,85.09901694
4G,25.5404229,85.30850635
LTE,25.54506788,85.22944952
3G,25.51321488,84.99175604
4G,25.57548753,84.99017787
4G,25.66423078,85.26674214
4G,25.52948529,85.26606629
LTE,25.56538356,85.15390768
LTE,25.54815772,85.2195202
3G,25.49602628,85.14877017
4G,25.63120607,85.27057803
5G,25.50946864,85.06470461
3G,25.51960868,85.08546012
5G,25.69257232,85.10691338
4G,25.56372717,85.2918877
LTE,25.53442985,85.00994936
4G,25.51181046,84.97833271
4G,25.61402325,85.13901061
4G,25.69880436,85.12597165
5G,25.53327682,85.23973643
5G,25.67387924,85.22099495
LTE,25.58522177,85.08028965
5G,25.7601532,85.19311136
3G,25.62412937,85.28707455
4G,25.649333,85.20568052
LTE,25.66758829,85.07819992
3G,25.63104507,84.96502623
5G,25.44246445,85.14284295
4G,25.66924378,85.15511379
4G,25.58873698,85.02349194
3G,25.49289402,85.2386955
LTE,25.70828822,85.04699088
4G,25.48552145,85.23967131
4G,25.62163204,85.04420043
5G,25.53189581,85.00081934
5G,25.51122496,85.07346264
5G,25.60128921,85.13745108
4G,25.66883988,85.24827322
5G,25.52007582,85.27861257
LTE,25.590779,85.22392311
3G,25.68868805,85.07122117
3G,25.59098899,85.07409932
3G,25.51194547,85.01302332
5G,25.5001361,85.18504078
3G,25.50863076,85.16282773
3G,25.65218054,85.17974124
5G,25.57385486,84.96405199
LTE,25.52870048,85.2812743
3G,25.58128735,85.03155198
3G,25.57501469,85.2545415
3G,25.43303151,85.13502538
4G,25.5038828,85.20269265
3G,25.55543129,85.29621799
LTE,25.57194613,85.13114916
LTE,25.71734462,85.21037168
LTE,25.51365172,85.25957506
LTE,25.53489717,85.29779651
4G,25.53838321,85.04510322
4G,25.63558485,85.12341425
4G,25.58741693,85.00337877
3G,25.50406082,85.17282888
3G,25.53316813,84.9891942
LTE,25.56738951,85.02923092
5G,25.7472955,85.10923238
3G,25.54162188,85.01495374
4G,25.57302945,85.22523677
5G,25.4577584,85.17914524
5G,25.68100533,85.0205867
3G,25.5623358,84.9692643
3G,25.66572444,85.26466188
3G,25.68268786,85.05387291
4G,25.73419743,85.17846157
4G,25.60458901,85.29509643
4G,25.58763465,85.06830354
LTE,25.62641713,85.23464491
LTE,25.60341091,85.31241637
LTE,25.67332039,85.17651534
LTE,25.62041619,85.01792748
5G,25.60587553,85.14868075
4G,25.44980939,85.21542696
LTE,25.6577948,85.03862582
4G,25.72661917,85.23081292
LTE,25.63926179,84.97736113
5G,25.54553067,84.98507687
3G,25.72456943,85.02247311
4G,25.66383354,85.082805
LTE,25.60643428,85.05535398
5G,25.50797501,85.22797348
LTE,25.52806962,84.98940029
3G,25.57558428,85.09949236
3G,25.58538909,85.17360734
LTE,25.70943242,85.14809306
LTE,25.73790953,85.03694446
3G,25.63711742,85.22701288
4G,25.48810675,85.21499003
5G,25.71050809,85.1202391
3G,25.47697224,85.18142583
5G,25.49696134,85.00584369
4G,25.74098528,85.10936669
LTE,25.55011661,85.00660773
LTE,25.59278775,84.9948298
LTE,25.73628555,85.17257244
4G,25.69735327,85.06229049
LTE,25.7323314,85.03220455
5G,25.57778325,84.9837258
LTE,25.65894285,85.08672266
5G,25.6579784,85.08864896
LTE,25.43900528,85.22638944
3G,25.55877983,85.08086809
3G,25.63635236,85.28215449
4G,25.48501902,85.04860139
5G,25.63560823,85.02302273
4G,25.67041614,85.01136843
3G,25.67898936,85.25968051
5G,25.65451583,84.98590486
3G,25.73008229,85.16121404
3G,25.67325931,85.19369695
3G,25.54594188,85.01734879
5G,25.74352121,85.06970205
5G,25.62954583,85.18352414
3G,25.72144685,85.16046518
3G,25.48044541,85.00711247
5G,25.47835862,85.05075719
LTE,25.58773669,85.20119546
3G,25.62438746,85.20130336
LTE,25.46347242,85.23765415
5G,25.59761636,85.08685716
3G,25.71045996,85.06201684
4G,25.64368892,84.96874744
LTE,25.5153984,85.22923921
5G,25.58839203,85.27730649
3G,25.66377656,85.1596276
3G,25.59693479,84.96612129
LTE,25.67397792,85.12870686
3G,25.55420606,85.30924974
3G,25.72973407,85.21125592
LTE,25.69943201,85.10707632
3G,25.67039464,85.02378963
LTE,25.51540241,85.22956356
LTE,25.63420164,85.17194757
5G,25.7222078,85.08889734
5G,25.62071224,85.00275659
LTE,25.72791239,85.22718389
5G,25.61108018,85.10104501
5G,25.56252312,85.16803822
3G,25.67150032,85.27977499
LTE,25.49144089,85.10668483
5G,25.59538303,85.25559846
LTE,25.63601716,85.3018283
4G,25.65327757,85.29487509
5G,25.50698247,85.11280376
LTE,25.53194942,85.05204178
4G,25.51382317,85.22147492
3G,25.72095118,85.13926002
4G,25.66368088,85.17334544
LTE,25.59385597,85.05755851
LTE,25.55805186,85.1175273
5G,25.75699115,85.13504865
5G,25.63547426,85.11540429
4G,25.56914994,85.03117616
4G,25.65516906,85.21087513
5G,25.53616541,85.0009576
5G,25.64119033,85.06994464
4G,25.70950289,85.23546796
4G,25.76298969,85.17567042
5G,25.53484083,85.15444207
3G,25.71048567,85.26771211
5G,25.49518392,85.03034797
3G,25.75269407,85.15543919
5G,25.4558159,85.22881897
5G,25.68764665,85.14393256
5G,25.49635709,85.03693891
5G,25.50298002,85.24981805
3G,25.53071565,85.27379038
5G,25.60640833,84.99180824
LTE,25.71782956,85.20783136
4G,25.54641509,85.27697579
3G,25.61707666,84.97052541
4G,25.50368204,85.15949677
5G,25.56486597,85.02062324
4G,25.48578848,85.04926179
5G,25.55563801,85.01423606
5G,25.60964183,85.26842004
LTE,25.49709199,84.99319901
5G,25.71196392,85.23402474
4G,25.74022338,85.13389891
LTE,25.62004576,85.25085475
4G,25.69372223,84.99341655
5G,25.4684898,85.22664613
4G,25.49905199,85.05986992
LTE,25.53217755,85.28253742
3G,25.66902335,85.15063802
3G,25.75196625,85.21349167
4G,25.70571214,85.21733895
LTE,25.45061776,85.10531364
LTE,25.55867415,85.01507709
3G,25.59229145,85.17351826
LTE,25.68676443,85.10102457
5G,25.57034791,85.02301841
3G,25.54140134,85.11676658
5G,25.48139246,85.25937774
4G,25.57934053,85.26434214
LTE,25.57753805,85.05197375
5G,25.60245099,85.03302864
5G,25.45601455,85.18401116
5G,25.55399344,85.0986749
3G,25.70024377,85.16672273
3G,25.52933463,85.07363619
5G,25.68182616,85.09785538
LTE,25.45828923,85.15090406
5G,25.51201177,85.26869103
5G,25.44821422,85.20488055
4G,25.71878614,85.20119927
5G,25.61066143,85.02142336
LTE,25.45115299,85.07994833
LTE,25.49805921,85.28833627
4G,25.69308779,85.17717439
LTE,25.75011177,85.05177474
LTE,25.4652829,85.1853056
5G,25.5556165,85.06574293
4G,25.69987265,85.09846932
3G,25.60503358,84.98467312
5G,25.57597901,85.01931849
3G,25.68722338,85.14863621
4G,25.64312272,85.18805807
5G,25.54456179,85.25707422
3G,25.5769767,85.27992975
3G,25.75250278,85.09623206
4G,25.64172957,85.0253309
4G,25.61134233,85.10201385
5G,25.75687212,85.20655773
5G,25.56899609,84.96234786
3G,25.48974906,85.19850473
4G,25.57917552,84.97052186
3G,25.56210997,85.14754802
3G,25.66020858,84.99407566
LTE,25.57439246,85.08872693
4G,25.50939115,85.13716177
4G,25.62459985,85.29436356
5G,25.69785816,85.22960488
3G,25.63813746,85.05371975
LTE,25.75752418,85.12278323
5G,25.64446461,85.20833089
3G,25.71131136,85.1379883
4G,25.54181048,85.25020826
5G,25.44547709,85.1323892
LTE,25.68548722,85.24487447
4G,25.5475265,85.10827689
LTE,25.64419177,85.00860158
4G,25.65010017,85.28573556
4G,25.70878944,85.00605545
3G,25.73418019,85.15412068
3G,25.72634283,85.14919283
5G,25.51396241,85.14082726
LTE,25.73231063,85.22454464
4G,25.75057325,85.06588302
4G,25.75885818,85.12047025
5G,25.57935336,85.21410138
4G,25.63017674,84.99885111
3G,25.5943669,85.06935012
3G,25.54707664,85.20067189
4G,25.57277812,85.20245241
4G,25.56043628,85.11327879
4G,25.57227323,85.13331971
3G,25.63344244,85.00910241
4G,25.7022158,85.11787098
5G,25.72312675,85.07761275
5G,25.64304525,85.14498163
LTE,25.46042283,85.19312105
3G,25.70117144,85.06157354
LTE,25.6542871,85.15105007
5G,25.52190169,85.07614741
5G,25.55422542,85.07504427
3G,25.62941936,85.08229545
4G,25.53090689,85.13777191
4G,25.61400391,85.18351872
LTE,25.70568724,85.17095671
3G,25.64294659,85.28115969
4G,25.62802935,85.23327096
3G,25.5783795,85.02521352
LTE,25.59754844,84.99466014
LTE,25.58323916,84.98029878
4G,25.6089572,84.99243193
LTE,25.56230757,85.2197471
3G,25.67213794,85.20904466
3G,25.5978824,85.09162485
4G,25.72550421,85.01845722
LTE,25.53469693,85.1443682
3G,25.50564934,85.16603196
5G,25.56227495,85.22756414
4G,25.72584088,85.05157672
5G,25.55101466,85.29210598
4G,25.59037367,85.10914841
3G,25.57322405,85.04575958
LTE,25.57494909,85.10717506
5G,25.54565723,85.16612808
4G,25.72124612,85.01552939
4G,25.70670034,85.21440443
4G,25.66637279,85.26615489
5G,25.56560888,84.98066515
3G,25.52097311,85.11085126
4G,25.43613608,85.18750412
3G,25.50545316,85.18871818
4G,25.65197302,85.16412847
LTE,25.57944469,85.09383635
LTE,25.62902552,85.20905753
3G,25.64335409,85.17131467
5G,25.71304935,85.11144209
5G,25.72508146,85.08096605
3G,25.48452396,85.20116502
5G,25.63191395,85.01579133
5G,25.58079348,85.09426354
3G,25.73703548,85.0836454
3G,25.4340544,85.07197589
LTE,25.63714068,85.08588649
3G,25.67417298,85.14899176
5G,25.68356364,85.04713608
LTE,25.52848459,85.1022324
3G,25.43842661,85.14872336
4G,25.55770515,85.30193365
LTE,25.61123676,85.03195034
3G,25.62873558,85.0992234
LTE,25.75410882,85.13618232
LTE,25.64409226,85.27353873
4G,25.56973108,85.1079932
3G,25.73292283,85.13360615
5G,25.60066245,85.1381417
4G,25.55000061,85.2340984
4G,25.70841619,85.00809108
5G,25.6026276,85.22687889
4G,25.65466639,85.21048984
4G,25.51749838,85.06473043
LTE,25.44708186,85.03525777
LTE,25.64581796,85.27411114
5G,25.69540604,85.20426125
4G,25.53147801,85.20029414
4G,25.58937282,85.22861661
4G,25.62796123,85.18156418
LTE,25.64982621,85.11011999
LTE,25.48184925,85.03471741
5G,25.58007843,84.97668828
5G,25.74411255,85.22339526
LTE,25.54564971,85.22808638
3G,25.57516607,85.3086357
3G,25.55831226,85.19705065
3G,25.50741294,85.05534402
3G,25.70040456,85.07979446
4G,25.42892617,85.0986033
4G,25.6742244,85.19963031
4G,25.63627446,85.30536594
LTE,25.45026312,85.16179384
LTE,25.61829659,85.21877995
3G,25.7507094,85.05219915
LTE,25.70930619,85.01015323
LTE,25.64397908,85.05575594
LTE,25.72054465,85.11741247
4G,25.63701925,85.14731555
LTE,25.65869789,85.27145084
3G,25.61339115,85.31366725
5G,25.59907699,85.04401336
5G,25.76637487,85.16051533
3G,25.74489986,85.08490613
5G,25.48281952,85.26529131
4G,25.56381532,85.11017816
5G,25.67509782,85.13316008
4G,25.62918521,85.07040226
5G,25.6283084,85.09736291
LTE,25.56515946,85.13738006
3G,25.65029723,85.07435438
3G,25.42545959,85.12693259
LTE,25.63675483,85.26297235
4G,25.6860939,85.17507224
5G,25.43372552,85.12443063
LTE,25.52643931,85.13827593
3G,25.69663111,85.15882049
3G,25.665522,85.06617314
3G,25.67042409,85.18610699
4G,25.53401206,85.18161393
5G,25.48108028,85.10885935
5G,25.65568592,85.02223607
LTE,25.64125478,85.19103624
3G,25.54591189,84.9681207
3G,25.73576323,85.19562867
4G,25.61924714,85.0419726
5G,25.54696256,85.26521304
4G,25.52375041,85.11727534
4G,25.7322059,85.11347093
LTE,25.65448109,85.04100599
5G,25.63613397,85.24735394
4G,25.45960246,85.25181102
LTE,25.61847159,85.24329407
LTE,25.4652996,85.15400997
5G,25.46112051,85.11659507
LTE,25.57889894,85.02013162
4G,25.51188506,85.13848667
5G,25.52265664,85.28731116
3G,25.73318745,85.20862967
3G,25.70911266,85.01327807
4G,25.57363261,85.07057112
4G,25.64977135,85.27683757
4G,25.67715869,85.03368466
4G,25.75910715,85.08529842
4G,25.65203838,85.08912155
5G,25.51196668,85.19042934
5G,25.4401474,85.17316507
3G,25.63321362,84.99042707
3G,25.42289797,85.093588
LTE,25.56572918,85.09450202
LTE,25.65788832,85.0366693
5G,25.66224649,85.2245764
5G,25.72791049,85.02674739
4G,25.69566691,85.22795869
LTE,25.52352998,85.17546876
4G,25.5983516,85.12666394
4G,25.69650492,85.19005976
5G,25.43405173,85.19528082
4G,25.5899167,85.27586235
5G,25.51049113,85.22248292
3G,25.70188746,85.07722354
LTE,25.71258784,85.05331548
5G,25.46522052,85.08739204
5G,25.57641214,85.19669977
LTE,25.43489792,85.05625587
5G,25.51149151,85.20361629
LTE,25.4502256,85.15669491
5G,25.75330592,85.20831573
LTE,25.51965361,85.25557744
4G,25.4623406,85.21208935
4G,25.49935713,85.25770709
LTE,25.57881647,85.30460392
5G,25.70888207,85.03170975
4G,25.56278981,84.99835425
3G,25.53543922,85.01687912
LTE,25.56722332,85.29303936
3G,25.66776674,85.1777558
4G,25.71335693,85.23597191
5G,25.5373301,85.25467014
LTE,25.60508798,85.23343007
LTE,25.50185297,85.00334026
3G,25.60936019,85.2843526
4G,25.47490325,85.22280839
LTE,25.72499168,85.16175327
LTE,25.61017601,85.03825176
LTE,25.67669447,85.18241376
5G,25.63495199,85.10401348
3G,25.57928395,85.07312561
5G,25.65666586,85.06520684
3G,25.47473515,85.02668175
4G,25.73140706,85.07631415
3G,25.50820575,85.04452352
5G,25.56729764,85.18506077
3G,25.65116667,85.23908554
4G,25.54456629,84.98527818
LTE,25.58032103,85.09992661
5G,25.54960674,85.11676488
3G,25.44887704,85.08921688
LTE,25.63536133,85.18905105
LTE,25.47241674,85.04655376
LTE,25.46042501,85.25076369
LTE,25.67959379,85.13862348
LTE,25.53048588,85.18581642
3G,25.53186413,84.9901506
5G,25.47345321,85.03889455
LTE,25.6674225,85.1672288
5G,25.52250939,85.08600199
5G,25.54665689,85.22999109
3G,25.4657341,85.16346522
4G,25.63181994,84.97141203
4G,25.55177247,85.31035036
4G,25.6673633,85.07519924
LTE,25.69726252,84.99513104
3G,25.75409066,85.05768699
5G,25.60651909,85.16157014
3G,25.57484457,85.22878364
LTE,25.74821093,85.16251707
4G,25.49646623,85.15493164
5G,25.45033134,85.12897919
4G,25.59464165,85.23370753
LTE,25.51641734,85.0632242
4G,25.71017032,85.20830158
LTE,25.51499591,85.0470227
3G,25.6376556,85.08162809
4G,25.6506838,85.01614062
4G,25.67648007,85.27038727
5G,25.61309017,84.96981719
5G,25.51470973,85.2823169
5G,25.55578234,84.99870385
3G,25.72915045,85.09869121
5G,25.57046777,85.19043904
LTE,25.68762783,85.12641788
LTE,25.72561022,85.08551534
4G,25.50699524,85.18820848
5G,25.76800991,85.14400594
4G,25.47297727,85.00886643
5G,25.58133782,85.19215361
5G,25.58541672,85.14344395
4G,25.69577554,85.11590359
4G,25.57852229,84.96920574
4G,25.73343639,85.20244604
3G,25.45255407,85.219649
4G,25.72670775,85.18817672
4G,25.59624269,85.3022145
3G,25.53524469,85.24245578
LTE,25.61735329,85.00785204
5G,25.71816259,85.16484639
5G,25.48288821,85.03653378
3G,25.57797222,85.18288748
5G,25.71180749,85.08733156
4G,25.48988688,85.19337511
LTE,25.53704934,84.97286298
3G,25.77151448,85.14204055
4G,25.55804328,85.31260493
3G,25.71593101,85.13255214
3G,25.70356074,85.17718316
4G,25.56563321,85.03024336
4G,25.73347144,85.13650674
3G,25.57243237,85.21468023
4G,25.5079858,85.2084259
5G,25.59876037,85.10628233
3G,25.64101744,84.97007032
4G,25.6236606,85.18768587
4G,25.6070548,85.23831548
4G,25.51394581,85.03756811
LTE,25.68929868,85.01693965
3G,25.60335691,85.15384871
5G,25.73890459,85.04778202
5G,25.47801465,85.142227
3G,25.53639294,85.04262513
LTE,25.50676932,85.01237145
LTE,25.54897908,85.29562332
3G,25.44167747,85.19656489
5G,25.73088623,85.08521753
LTE,25.59429426,85.15181553
3G,25.71304867,85.26610435
3G,25.50104936,85.0381775
3G,25.60844118,85.11164059
5G,25.55167415,85.1396855
4G,25.65424993,85.11216394
LTE,25.7293754,85.07655489
3G,25.47039619,85.04326268
4G,25.5432712,85.22475287
3G,25.52659777,85.2524837
4G,25.65563531,85.26781248
4G,25.75697465,85.15078175
4G,25.47217602,85.01392605
3G,25.63575677,85.09963895
4G,25.64950581,85.02090024
5G,25.61807653,85.15912363
3G,25.45952932,85.13320075
LTE,25.59585947,85.05775803
4G,25.49450959,85.01863318
4G,25.7569949,85.10268879
3G,25.54488402,85.10295299
4G,25.45976814,85.23873199
3G,25.73566204,85.14778129
LTE,25.66580019,85.01918514
4G,25.52750057,85.22213063
4G,25.46018819,85.12528463
4G,25.68169981,85.20030995
4G,25.47716923,85.15851893
4G,25.56408611,85.23535122
LTE,25.56138308,85.27062464
3G,25.73780849,85.21835015
4G,25.65334237,85.16660274
3G,25.58950643,84.96805383
LTE,25.66405903,85.0973951
3G,25.55500819,85.2493899
5G,25.61352391,85.15084107
3G,25.63225186,85.27341102
LTE,25.75099401,85.0677367
5G,25.48681193,85.16864336
LTE,25.74641134,85.05976819
LTE,25.44890213,85.1232517
4G,25.71803751,85.20139455
LTE,25.61869663,84.96774531
3G,25.62471651,85.29326237
3G,25.54457724,85.20815058
3G,25.70702422,85.21932202
4G,25.72604377,85.14772113
4G,25.57282804,85.05225093
LTE,25.47785924,85.24977282
3G,25.47226398,85.09382117
3G,25.72942485,85.24107217
3G,25.65378111,85.26614937
3G,25.63094124,85.04066946
5G,25.48003671,85.01679239
LTE,25.68932965,85.2247839
LTE,25.47800442,85.14777014
4G,25.58653574,84.99953847
5G,25.55305218,84.98578895
3G,25.42437507,85.13767293
LTE,25.73183558,85.15263439
4G,25.55129593,85.23967952
3G,25.52737527,85.17020091
3G,25.43811108,85.16639353
5G,25.66012975,85.2731364
3G,25.69402653,85.18440439
3G,25.64069155,85.2619422
5G,25.52759294,85.15638556
LTE,25.68546284,84.99454183
5G,25.53526071,85.18433333
4G,25.47059212,85.0779421
5G,25.53471219,85.10473685
5G,25.60111104,85.25062161
LTE,25.71855842,85.13133904
3G,25.64946612,85.08003
5G,25.5300275,85.06909283
4G,25.67985506,85.18496154
5G,25.49318966,85.03543699
5G,25.62788889,85.22834529
3G,25.70929752,85.12581391
4G,25.47700733,85.23964675
3G,25.51873838,85.06586071
5G,25.61947535,85.28109597
4G,25.48550246,85.17687501
5G,25.75333531,85.07973399
5G,25.75834871,85.13894372
4G,25.57993357,85.19552405
5G,25.64557154,85.03644435
4G,25.4508829,85.16577317
5G,25.63992204,85.13651737
3G,25.58765348,85.24038807
LTE,25.54290822,85.26827402
4G,25.50325709,85.01883733
LTE,25.55291974,85.15888741
4G,25.61406854,85.01619491
4G,25.56303503,85.01320132
5G,25.65935042,85.14001941
3G,25.46953717,85.16733785
LTE,25.62762315,85.04317065
5G,25.63114013,85.10677231
4G,25.68928878,85.26051363
LTE,25.71658326,85.02190382
5G,25.72849274,85.23168204
LTE,25.49242162,85.18858744
5G,25.61120494,85.29651916
5G,25.5632007,85.19193255
3G,25.44254569,85.1408392
5G,25.50896834,85.12301337
5G,25.64023996,85.30503924
5G,25.60467198,85.00283454
3G,25.52833592,85.04537583
5G,25.63284573,85.18266614
3G,25.76040339,85.14297856
4G,25.48330203,85.26515648
LTE,25.74860829,85.0756026
5G,25.5472914,85.06006656
3G,25.61701735,85.24415282
LTE,25.48798233,85.14965791
3G,25.5306007,85.06096323
4G,25.63650017,85.00868463
5G,25.55777275,85.14659843
4G,25.56188675,85.11809396
4G,25.49327701,85.01060891
5G,25.76425209,85.18029727
3G,25.49314119,85.20709103
LTE,25.62481863,85.04380773
4G,25.44541305,85.08559642
3G,25.62782613,85.17152785
4G,25.5545414,85.08875607
LTE,25.54199957,85.29619468
5G,25.54221676,85.17931932
4G,25.64813235,85.15029428
LTE,25.63324479,85.03291526
4G,25.72256195,85.20362365
5G,25.6548199,85.21165836
LTE,25.44019106,85.21515655
4G,25.72387291,85.11867419
4G,25.62216765,84.96174251
LTE,25.64096067,85.06482638
3G,25.68587645,85.25794787
3G,25.58775558,85.29186195
5G,25.61966123,85.09329311
LTE,25.55159393,85.18963757
LTE,25.49018362,85.15568373
LTE,25.67875499,85.00376933
LTE,25.75206134,85.10962092
3G,25.4794124,85.16712181
5G,25.73627766,85.13178433
4G,25.4548295,85.05478198
5G,25.61881647,85.21107625
3G,25.54768513,85.05722748
LTE,25.48430869,84.99811869
4G,25.55372513,85.03410966
5G,25.45906322,85.17955121
5G,25.63494096,84.99131129
LTE,25.61129837,85.14968979
4G,25.44778644,85.11717464
5G,25.45224079,85.1332862
LTE,25.44599236,85.14433844
4G,25.72523446,85.24234452
LTE,25.61603479,85.30832252
5G,25.61075488,85.28207002
3G,25.5826712,85.29728413
3G,25.65302828,85.28694037
LTE,25.42654196,85.08557513
4G,25.56223422,85.28596744
5G,25.48402195,85.20676968
LTE,25.66692816,85.21006242
LTE,25.76889761,85.17603228
3G,25.65976167,85.2440629
LTE,25.49435197,85.2078563
3G,25.56220345,85.28789061
3G,25.44860478,85.24212228
3G,25.52404369,85.17076689
5G,25.72036996,85.20767467
3G,25.64673113,85.0095707
4G,25.6791222,85.25937768
3G,25.68261802,85.20601137
5G,25.60008965,85.01169459
4G,25.68076648,85.17503496
3G,25.75772348,85.14092673
LTE,25.64820348,85.03909975
3G,25.63711378,84.97059625
LTE,25.70336901,85.23601886
4G,25.57077951,85.00281175
5G,25.53121364,85.06192626
LTE,25.66542709,85.02542008
LTE,25.73366296,85.1353581
3G,25.67637011,85.01431118
LTE,25.45638526,85.12547024
4G,25.45550982,85.23775631
4G,25.71416793,85.1404578
LTE,25.69024362,85.06598745
4G,25.63491777,85.07380142
LTE,25.53333254,85.02404846
3G,25.6226129,85.02932334
LTE,25.59302084,85.12797791
5G,25.74654457,85.08381363
5G,25.61378031,85.04062246
LTE,25.74779856,85.10994732
3G,25.51389899,85.29236092
LTE,25.66456355,85.22248133
5G,25.54132788,85.19529668
LTE,25.6810532,85.25292271
LTE,25.60331207,84.96020954
4G,25.56311072,85.05128273
4G,25.49845257,85.26075813
3G,25.50309097,85.01925068
LTE,25.49828591,85.12143593
4G,25.59047919,84.98210895
3G,25.57136815,85.19322143
3G,25.75121397,85.15375894
LTE,25.53789074,85.05785207
4G,25.61486769,85.1199629
3G,25.45202121,85.11114585
5G,25.58401701,85.02674034
4G,25.52231779,85.18831674
LTE,25.68748427,85.01147562
5G,25.72730757,85.19214937
3G,25.7299539,85.08404856
5G,25.66713504,85.05547828
LTE,25.72334767,85.02934638
LTE,25.47168229,85.21348693
LTE,25.64891666,85.02129743
4G,25.56495595,85.18115279
3G,25.61150571,85.02596155
LTE,25.59979829,85.15394099
5G,25.59988716,85.19423996
3G,25.4309198,85.13994866
3G,25.73458173,85.09801977
LTE,25.66590984,84.99794162
LTE,25.58400661,84.97912588
5G,25.54173101,85.12358455
3G,25.4794886,85.12219921
3G,25.61477334,85.18330278
LTE,25.77049569,85.15992614
5G,25.62718591,85.0087587
3G,25.67482191,85.07399956
5G,25.71640856,85.00605607
LTE,25.49401392,85.11866461
LTE,25.61690861,85.16333817
4G,25.49930976,85.28817985
5G,25.58507567,85.02785545
3G,25.50348095,85.24169231
3G,25.58104943,84.99190709
LTE,25.4999989,85.28138645
3G,25.69569126,85.21967007
5G,25.46176049,85.06353371
5G,25.5201737,85.11816705
5G,25.67482456,85.27040509
4G,25.65178893,85.24350754
LTE,25.6419876,85.11852729
LTE,25.6936664,85.11987013
5G,25.6868417,85.12684118
4G,25.54738573,85.29782551
3G,25.67169508,85.15104415
LTE,25.50979229,85.19069221
LTE,25.42989825,85.12565019
3G,25.65863288,85.09378081
4G,25.63956985,85.16971473
4G,25.58809353,85.30485737
3G,25.69021508,85.00169351
5G,25.72176472,85.0746533
5G,25.72159985,85.25809802
4G,25.55839766,85.12773772
LTE,25.65892549,85.10133386
3G,25.6916711,85.11640254
5G,25.54537236,85.26275064
5G,25.49979222,85.28865966
LTE,25.43243258,85.20950651
4G,25.61260513,84.96972037
3G,25.54090499,85.21695025
3G,25.56179246,85.22946246
4G,25.5623911,85.09442905
LTE,25.52496738,85.17869262
4G,25.68333562,85.26070762
3G,25.60615829,85.23359694
4G,25.47259281,85.02751198
LTE,25.69597584,85.14351036
4G,25.56005046,85.01082104
4G,25.51311975,85.29553719
5G,25.6656092,85.03887091
5G,25.57020884,85.2500099
LTE,25.56011123,85.15443069
3G,25.6410811,85.16444936
3G,25.72313477,85.205437
LTE,25.63607658,84.96512049
3G,25.69684109,85.06134405
5G,25.4548942,85.04707603
LTE,25.63939727,85.25787709
3G,25.65924655,85.23597229
LTE,25.48033098,85.23514618
3G,25.50835116,85.02189822
3G,25.67695675,85.27267963
3G,25.52126544,85.1937908
LTE,25.7138368,85.20800652
4G,25.47520249,85.25960463
4G,25.49104758,85.0990746
4G,25.65501179,85.22240138
5G,25.47609789,85.26203021
4G,25.70595759,85.24342919
LTE,25.51351664,85.18778917
5G,25.49465053,85.0567932
3G,25.49315845,85.256999
LTE,25.64625066,85.02956257
3G,25.71236701,85.10945412
3G,25.52460934,85.22933211
3G,25.74165079,85.07850533
3G,25.65393788,84.97605707
LTE,25.63982411,84.97401568
4G,25.5114128,85.23883867
4G,25.63987257,84.97359365
5G,25.57054251,85.08377275
4G,25.55071043,85.0879224
5G,25.73462584,85.17994377
LTE,25.43900545,85.20121469
3G,25.49207557,85.25662966
5G,25.56557692,85.10492128
4G,25.72379473,85.07668568
LTE,25.6488987,85.08503799
3G,25.55029808,85.13358582
3G,25.54577056,85.09549029
LTE,25.50831373,85.11204715
3G,25.62302458,84.99550228
3G,25.67384782,85.25301222
LTE,25.61177169,85.20043341
5G,25.59777981,85.30267048
5G,25.51184675,85.0699083
5G,25.68059081,85.17790104
4G,25.67891571,85.27855954
LTE,25.64202282,85.19174477
4G,25.61707437,85.08560498
LTE,25.54218315,85.16978629
3G,25.70363376,85.10553848
3G,25.57492856,85.15649589
4G,25.6255141,84.98367886
4G,25.52014898,85.23110831
LTE,25.5956452,85.09755211
3G,25.50885557,85.15414984
LTE,25.68568574,85.28018463
4G,25.55219712,85.05778084
5G,25.58351774,85.08853841
3G,25.5862164,85.00647408
LTE,25.69879294,85.21268805
4G,25.62038667,85.092797
4G,25.48938338,84.99178764
LTE,25.43559161,85.13271928
LTE,25.43602168,85.11948703
5G,25.6339657,85.28115063
4G,25.68468687,85.17578383
4G,25.46977329,85.22119564
5G,25.57929836,85.0218258
LTE,25.50424968,85.05729193
LTE,25.72291424,85.24088279
3G,25.55265549,85.12022957
3G,25.66013666,85.22313092
5G,25.62896243,84.97528376
LTE,25.54410158,85.26692614
LTE,25.57080869,85.09884478
LTE,25.50952165,85.06657018
5G,25.5960248,85.29914756
4G,25.57860429,85.20907017
4G,25.47964532,85.21259369
4G,25.56868973,84.96323504
4G,25.71578578,85.22067336
3G,25.47385157,85.03433075
4G,25.65743694,85.01385351
3G,25.72988719,85.25025937
4G,25.47439833,85.05995367
3G,25.49151524,85.04584046
LTE,25.59434925,85.08431796
3G,25.4407116,85.0790079
LTE,25.5500221,85.2135852
3G,25.73286906,85.23852968
LTE,25.63398667,85.2857292
LTE,25.6186142,85.2076587
LTE,25.57418364,85.02904116
4G,25.56336227,85.26911404
LTE,25.49181815,84.99786032
4G,25.60539826,85.17547123
4G,25.50844865,85.21234219
4G,25.6066642,85.16208465
4G,25.53686863,85.07258274
4G,25.53839659,85.29604999
5G,25.72615938,85.07010423
4G,25.5819863,85.10579288
4G,25.70481441,85.09140246
3G,25.66037673,85.28383924
LTE,25.62259811,85.29315009
LTE,25.58023071,85.13898332
4G,25.60283007,85.01571815
4G,25.64589118,85.1622024
4G,25.4585406,85.1427245
5G,25.51816559,85.21059792
LTE,25.43073467,85.11143411
4G,25.45979436,85.25369799
LTE,25.70428179,85.27678945
LTE,25.70926486,85.19245341
4G,25.63852035,85.24506583
5G,25.72468123,85.13353876
3G,25.49015253,85.10996245
LTE,25.68028523,85.16640941
LTE,25.72573176,85.1748108
LTE,25.5511674,85.06377741
5G,25.49153981,85.14502931
3G,25.46707687,85.12341898
LTE,25.76717168,85.18256141
3G,25.47162518,85.16112417
5G,25.53510819,85.24097366
3G,25.5775728,85.24112541
LTE,25.54107618,85.28992981
5G,25.71292286,85.26396493
4G,25.63621724,85.21479779
3G,25.68146562,85.16764165
LTE,25.51319971,85.04326675
LTE,25.66784507,85.13546336
5G,25.5694601,85.25951938
5G,25.66685569,84.9741897
5G,25.67270594,85.03834494
LTE,25.70813755,85.14847308
3G,25.65869951,85.27281926
5G,25.59231035,85.01611458
3G,25.64494152,85.25258717
3G,25.46989827,85.0821296
3G,25.54715242,85.10803845
3G,25.55860362,85.03510685
LTE,25.48244725,85.25205322
5G,25.55486672,85.04123935
4G,25.75464242,85.15794236
3G,25.45050309,85.1046758
3G,25.60153375,85.23767463
3G,25.58134106,85.09819982
5G,25.56510972,85.14001425
4G,25.71565043,85.04980565
3G,25.55397301,84.9722396
4G,25.41979268,85.15849936
5G,25.55412886,85.23585354
LTE,25.64277762,84.99991141
4G,25.67036278,85.09954243
4G,25.61856238,85.03671762
4G,25.55494436,85.18988327
5G,25.5764651,85.19594542
5G,25.51786132,85.04473289
5G,25.55622344,85.07616538
4G,25.63338875,85.25451797
5G,25.55321293,85.16473178
LTE,25.58641226,85.30014388
5G,25.59780452,85.21591799
4G,25.52065981,85.05072316
5G,25.58521496,84.96346398
5G,25.58908813,85.28876206
4G,25.71350418,85.02618039
LTE,25.59832309,85.02082433
5G,25.65872108,85.00441606
5G,25.58084539,84.97393803
3G,25.61573077,85.01233147
5G,25.59354228,85.18816973
5G,25.58449884,85.22997302
3G,25.46620472,85.08599576
4G,25.43777444,85.14963751
LTE,25.74130443,85.03725268
4G,25.57068926,85.16347411
LTE,25.74196889,85.22200326
3G,25.4688884,85.10407302
LTE,25.73159466,85.24977619
4G,25.4485648,85.14849838
5G,25.64262526,85.12230104
LTE,25.60082902,85.24966594
LTE,25.67258945,85.09737946
5G,25.61105582,85.13847964
LTE,25.47907486,85.18000736
LTE,25.60563673,85.11477215
3G,25.74582706,85.10871071
LTE,25.60019163,85.19995334
LTE,25.769672,85.16352076
4G,25.55509716,85.05051232
4G,25.50432558,85.25958472
5G,25.62510447,85.24846971
4G,25.49978237,85.0112517
4G,25.66288112,85.09658847
4G,25.62100048,84.98270854
5G,25.64858687,85.26178312
LTE,25.69940688,85.19542138
3G,25.56503003,85.19978363
5G,25.489846,85.01370478
4G,25.57911089,85.17967287
5G,25.57682232,85.04954384
4G,25.53856014,85.25183756
4G,25.53199576,85.14230566
5G,25.58573118,85.20318088
5G,25.53963977,85.08332336
4G,25.66718055,85.11314901
5G,25.49447597,85.2150125
5G,25.58936648,85.24588918
LTE,25.55608126,85.20307554
5G,25.51505879,85.19072663
4G,25.46181801,85.21231359
4G,25.77123585,85.13394205
3G,25.46091891,85.2133039
3G,25.69594853,85.22753846
4G,25.59069053,85.02519129
LTE,25.6019872,85.16011856
5G,25.46314971,85.12399808
3G,25.65802318,85.24967637
4G,25.55017677,84.98343664
4G,25.50031766,85.15057914
5G,25.4599008,85.25310453
LTE,25.68440512,85.01706244
4G,25.44471664,85.11866336
4G,25.59447107,85.29500114
3G,25.59263777,85.07200731
5G,25.45582359,85.09039075
LTE,25.70203932,85.17706379
3G,25.47754449,85.00859694
3G,25.63750021,85.16829248
5G,25.71951597,85.17989446
5G,25.51087738,84.98450863
5G,25.46260072,85.12806615
4G,25.69221117,85.18057025
3G,25.61977261,85.05577227
3G,25.55164722,85.21102416
5G,25.5264908,85.02916056
LTE,25.53194991,85.30319337
4G,25.54563866,85.15024871
3G,25.74395486,85.048383
LTE,25.60203882,85.10069773
LTE,25.46040255,85.06424856
5G,25.50434985,85.07873005
4G,25.43924915,85.11444162
LTE,25.61859234,85.22515289
3G,25.43066683,85.1396485
4G,25.6102791,85.0349013
LTE,25.6911015,85.12051751
3G,25.49920691,85.0187911
LTE,25.45777357,85.23898725
4G,25.5877373,85.00973797
LTE,25.49403107,85.01543564
3G,25.62385797,84.98140082
5G,25.54223011,85.22479182
5G,25.72421993,85.2199844
4G,25.67804829,85.17804248
LTE,25.59503412,85.18855728
4G,25.69859422,85.25984513
3G,25.50197498,85.23438558
4G,25.71808507,85.25676732
3G,25.66191654,85.08481505
5G,25.54403836,84.99169425
4G,25.54138466,85.06561058
4G,25.49278957,85.07799154
5G,25.66526767,85.13186592
LTE,25.7135464,85.09175736
5G,25.48406578,85.25441921
5G,25.66345697,85.15756667
4G,25.50043467,85.24373025
5G,25.60586118,85.08604882
3G,25.46947036,85.03643766
4G,25.54350169,85.28158672
5G,25.52382099,85.00887206
4G,25.5751501,85.12386584
LTE,25.49595174,85.27696617
LTE,25.71093229,85.08953105
5G,25.74090403,85.08758716
3G,25.52292861,85.10667199
5G,25.62821206,85.11185288
4G,25.64829524,85.20838575
5G,25.70878209,85.12262645
5G,25.75326895,85.19692629
3G,25.71708254,85.04991675
LTE,25.59492867,85.28496657
5G,25.72210819,85.09394708
3G,25.44235957,85.17262511
3G,25.5006188,85.18395695
3G,25.55597355,85.05591051
5G,25.52655769,85.10589809
4G,25.57561693,84.99495856
3G,25.48463808,85.11877662
5G,25.70598879,85.11330322
5G,25.55195947,85.07810161
4G,25.46726616,85.04170842
LTE,25.58065887,85.31586208
LTE,25.70434528,85.09953419
3G,25.5847331,85.13983672
5G,25.59564473,85.21878737
LTE,25.67476264,85.02366755
5G,25.69754296,85.16510974
LTE,25.51466417,85.06970989
4G,25.52157925,85.20585382
3G,25.57811848,85.30233653
5G,25.58015912,85.15552993
4G,25.77265045,85.15593985
LTE,25.45882292,85.09844853
LTE,25.72247103,85.14978494
4G,25.5913987,85.30820467
4G,25.55013374,85.15008829
LTE,25.71294027,85.18591953
5G,25.59519063,85.28635628
5G,25.55362429,85.10329389
4G,25.56345942,85.28750427
4G,25.57591253,85.09528254
LTE,25.69036871,85.11233181
4G,25.49989544,85.09656088
4G,25.69510829,85.27357925
5G,25.75957081,85.16329299
3G,25.61252235,85.20515552
3G,25.52540856,85.19560953
LTE,25.6965839,85.1341362
4G,25.62705864,85.29611058
LTE,25.59946079,85.30937459
4G,25.62780729,85.25086994
5G,25.71920858,85.26490358
4G,25.66688111,85.18348996
3G,25.61707181,85.15761784
LTE,25.6425707,85.1757116
4G,25.67798108,85.16526062
LTE,25.7103942,85.09744498
5G,25.526705,85.25993249
4G,25.50624985,85.28219257
LTE,25.48724401,85.0770034
3G,25.45028586,85.1968224
4G,25.68598775,85.02456938
4G,25.74737647,85.06400552
5G,25.57380302,85.19916009
5G,25.5290735,85.10807387
4G,25.63656155,84.96504189
4G,25.67085074,84.99870328
4G,25.59581314,85.00912073
LTE,25.49619549,85.24781383
5G,25.5381777,85.20507834
LTE,25.62270369,84.97115532
5G,25.59874576,85.08475438
LTE,25.47814245,85.0384489
LTE,25.62740571,85.21031475
5G,25.63089394,85.26266085
3G,25.42227003,85.13772574
LTE,25.60614967,85.10608669
LTE,25.53244171,85.12494274
LTE,25.57469212,85.04962328
5G,25.56997538,85.05223426
LTE,25.58327336,85.3136479
5G,25.64478539,84.9809902
5G,25.46335796,85.23452728
3G,25.60702523,85.25430982
LTE,25.44737375,85.18907872
5G,25.45737765,85.17405165
5G,25.55437717,85.18875281
3G,25.48417682,85.06622735
4G,25.72217863,85.0926779
5G,25.5398819,85.30485701
3G,25.48620849,84.99543726
5G,25.52305615,85.10127161
LTE,25.51214982,85.01309424
4G,25.49987789,85.13768244
5G,25.52107399,85.21042742
3G,25.69951354,85.02418796
LTE,25.4509255,85.21648913
LTE,25.71802356,85.09056607
LTE,25.57460941,85.21070942
4G,25.62177306,85.24800114
LTE,25.69194676,85.09180513
3G,25.48362741,85.27363805
4G,25.65458053,85.25506089
5G,25.71033624,85.13118449
LTE,25.63499517,85.18758702
3G,25.6748745,85.15982332
LTE,25.61744148,85.13817928
3G,25.71567151,85.04571157
LTE,25.55956206,85.22650808
3G,25.44486749,85.12725481
4G,25.54063558,85.12482605
5G,25.66737812,85.24226571
5G,25.45433441,85.06536462
LTE,25.69360849,85.12941271
3G,25.67645483,85.26511326
3G,25.52954037,85.05454174
LTE,25.53059111,85.11909758
4G,25.64726863,85.18480271
5G,25.63189594,85.16195596
LTE,25.55597237,84.98404698
LTE,25.50946404,85.21630355
3G,25.71973023,85.06162882
5G,25.51643787,85.19617712
5G,25.653746,85.06900035
3G,25.70702177,85.23648876
4G,25.71475843,85.24670423
3G,25.60365675,85.15133071
LTE,25.73366479,85.23801006
5G,25.52995582,85.18492885
3G,25.61858156,85.1708679
LTE,25.71572745,85.04286534
5G,25.6003964,85.03144635
5G,25.42171944,85.14159082
3G,25.56512412,85.31188716
3G,25.74631997,85.09882321
3G,25.66949305,85.1128843
4G,25.58537615,85.13785922
5G,25.54774867,85.08190815
4G,25.52574521,85.16578889
LTE,25.59677843,85.25604196
LTE,25.56284889,85.13257161
5G,25.7327711,85.15148844
3G,25.5878262,85.12100238
4G,25.76491663,85.11475302
4G,25.73209949,85.16339045
3G,25.63510551,85.15800468
4G,25.42399519,85.18606398
3G,25.62146323,84.96466938
4G,25.54562502,85.18254654
LTE,25.67441509,85.0291945
4G,25.55932705,85.2106854
3G,25.49919424,85.02333474
5G,25.71682244,85.10161561
LTE,25.72942775,85.08269095
5G,25.53800358,85.07900558
3G,25.71698243,85.12090411
4G,25.51366729,85.10331819
4G,25.62225138,85.29986943
4G,25.55608705,85.30992602
5G,25.51811743,85.1485045
LTE,25.66935007,85.06094122
LTE,25.74257804,85.04646788
4G,25.71510263,85.22264322
4G,25.45838133,85.1864904
4G,25.75324771,85.1297085
4G,25.63707092,85.295907
5G,25.61683715,85.10461738
LTE,25.46823845,85.04556531
4G,25.52094221,85.00461347
LTE,25.48300871,85.03015033
4G,25.6051393,85.24354519
3G,25.43545508,85.13570099
LTE,25.58369779,85.06715348
4G,25.59464408,85.06257963
3G,25.71389875,85.24329794
3G,25.5402595,85.21866573
5G,25.61988398,85.25144886
3G,25.43122692,85.17857645
LTE,25.66576806,85.11947317
4G,25.67633265,85.00415586
5G,25.52297572,85.04146544
3G,25.66345478,84.98771832
3G,25.61616653,85.16120306
3G,25.50739887,85.03697451
LTE,25.48428589,85.1596234
3G,25.69618922,85.05050307
4G,25.668263,85.18153512
LTE,25.73997924,85.22846551
3G,25.65771871,85.06727581
3G,25.51990453,85.026837
LTE,25.5025421,85.15412096
5G,25.58300495,85.13010595
3G,25.60353789,85.18306008
5G,25.62624502,84.98276493
5G,25.63995581,85.07023887
5G,25.50929313,85.10963265
5G,25.63388033,84.98705649
5G,25.42340455,85.11366676
LTE,25.59713026,85.17068842
LTE,25.675558,85.07090198
3G,25.7165758,85.22940789
5G,25.57178812,85.1827169
3G,25.49959261,85.21609707
LTE,25.69738944,85.00910846
3G,25.63206934,85.00109242
LTE,25.75633036,85.1718376
5G,25.56597871,85.17271621
5G,25.70443135,85.25719705
3G,25.67205391,85.17490487
3G,25.4269769,85.13950161
LTE,25.54554124,85.14659098
5G,25.49087117,85.28229021
4G,25.68244259,85.25710311
4G,25.64809948,85.21500712
5G,25.45283287,85.16597368
4G,25.55170507,85.26623742
3G,25.43902122,85.17578153
5G,25.65922752,85.13354334
LTE,25.59051979,85.27593699
LTE,25.56692873,85.31519045
4G,25.4495324,85.03993718
4G,25.50160126,85.28838768
4G,25.56505324,85.2159225
3G,25.62634337,85.18848002
5G,25.61884877,85.29863503
5G,25.60856922,85.17453522
5G,25.49384334,85.27450512
3G,25.47189449,85.12535676
3G,25.60313113,85.26878662
4G,25.50630068,85.06466059
LTE,25.6054127,85.03924581
3G,25.58826109,85.04772512
3G,25.52672724,84.990685
3G,25.54193746,85.00584171
LTE,25.58934968,84.96900145
LTE,25.58681279,85.2690086
5G,25.7195788,85.15070813
4G,25.57817226,85.11206582
LTE,25.66190601,84.98642513
LTE,25.6357112,84.97947264
3G,25.51852574,85.19390072
5G,25.6442018,85.12062735
LTE,25.48220428,85.16639612
3G,25.51120266,85.25244332
4G,25.57893276,85.11452499
5G,25.46874202,85.0218471
LTE,25.59548801,85.12564604
3G,25.65524742,85.1556892
LTE,25.66602349,85.2600395
5G,25.56301553,85.04517254
5G,25.74456411,85.21987792
5G,25.57356266,85.03165515
LTE,25.53479676,85.21198694
5G,25.43795467,85.16278554
5G,25.58113522,85.02368052
LTE,25.73100695,85.18232767
LTE,25.50639683,85.23634334
4G,25.492835,85.03047287
LTE,25.71197129,85.23418154
LTE,25.66307048,85.27913889
3G,25.63116894,84.97236038
LTE,25.61234008,85.31555131
3G,25.42008885,85.09846615
4G,25.59803772,85.18457351
LTE,25.60093133,85.28037019
3G,25.68364989,85.15966076
LTE,25.45142119,85.05254965
5G,25.75302418,85.21084466
5G,25.71806926,85.21278347
LTE,25.73722185,85.06760531
LTE,25.59857465,85.22612002
4G,25.61577137,85.22721649
4G,25.58813041,85.12581141
5G,25.58982353,84.96791699
3G,25.62908121,85.23952736
4G,25.70167662,85.26804182
3G,25.6748653,85.0482226
3G,25.73612779,85.14493895
3G,25.7137573,85.25018653
4G,25.57117729,85.20576001
4G,25.72455633,85.01530188
3G,25.69909099,85.26971061
4G,25.67419878,85.26111446
4G,25.50305563,84.99772035
5G,25.69860383,85.23622006
4G,25.58263624,85.07442872
4G,25.59311132,85.23850264
4G,25.72585874,85.09960121
3G,25.63368442,85.06369781
5G,25.65942999,85.03439748
3G,25.4763773,85.05843647
3G,25.68813958,85.01472309
3G,25.59589146,85.13294666
5G,25.74566638,85.20074025
3G,25.67714397,84.98705347
LTE,25.46938265,85.08254528
LTE,25.67068086,85.05019234
LTE,25.60762643,85.08912256
LTE,25.62038266,84.97426733
4G,25.52080044,85.23266741
4G,25.66620235,85.10345187
3G,25.61711603,85.05255162
3G,25.5063299,85.1531016
LTE,25.63801347,85.14889071
4G,25.57299924,84.9979969
4G,25.65622162,85.24973841
3G,25.68736916,85.05546573
3G,25.46164772,85.02164658
4G,25.60160771,85.28572159
4G,25.50248478,85.20458883
3G,25.6789034,85.23554629
5G,25.43174187,85.16149548
4G,25.6673377,85.10796811
5G,25.73300521,85.19130745
5G,25.4649511,85.24918632
LTE,25.61114184,85.25931359
5G,25.62146743,85.12549283
3G,25.48428885,85.27951592
4G,25.5881843,85.31216893
LTE,25.41457498,85.14071933
3G,25.60327405,85.19236862
3G,25.62031159,85.05137167
5G,25.69521452,85.03734102
LTE,25.7027603,85.23873665
5G,25.43917122,85.08642088
3G,25.63667721,85.18278825
4G,25.4510658,85.20033481
4G,25.63431958,85.03616793
LTE,25.76581949,85.17295968
4G,25.70605213,85.12680996
3G,25.43110893,85.06330952
4G,25.72907863,85.04017426
5G,25.66273073,85.00666506
4G,25.72220528,85.0160018
5G,25.59240624,85.03380865
3G,25.69129918,85.05576427
3G,25.76777351,85.18104049
3G,25.58955167,85.11643622
3G,25.47074882,85.20019488
5G,25.74795987,85.16158435
4G,25.44295829,85.11293082
4G,25.49574569,85.1786428
3G,25.61920114,85.0360654
LTE,25.47935492,85.05428217
5G,25.76946524,85.13377673
LTE,25.53412705,85.21466673
4G,25.46572801,85.07754888
3G,25.70885298,85.16164644
3G,25.69612342,85.22395574
4G,25.59777068,85.08752152
5G,25.6133675,85.1125191
LTE,25.66253276,85.22389096
5G,25.47071201,85.15873142
5G,25.61272361,85.17262439
LTE,25.50252753,85.18299716
3G,25.58993792,84.96160012
5G,25.62365821,85.06419246
5G,25.67401268,85.24651539
3G,25.64710553,85.2088992
3G,25.55711838,85.1757982
4G,25.46673854,85.06998552
3G,25.54077976,85.01827541
3G,25.59322154,85.2422296
4G,25.66541412,85.10065442
5G,25.49668881,85.24157018
5G,25.55673076,85.09095043
4G,25.58650212,85.14971866
5G,25.53120462,85.11974253
4G,25.46390679,85.24459731
4G,25.49794018,85.15291198
LTE,25.43289856,85.18782699
4G,25.50773652,85.21050045
4G,25.70715563,85.21892394
4G,25.65758916,85.04258641
LTE,25.67282554,85.17820032
LTE,25.53006624,85.20700931
4G,25.71166631,85.24928647
5G,25.6014391,85.07827333
5G,25.72675282,85.03061535
5G,25.68753092,85.24344173
4G,25.54244486,85.04254324
4G,25.50020768,85.04890933
3G,25.55953419,85.13210235
4G,25.76289371,85.13605011
LTE,25.64477941,85.07692811
3G,25.61960739,85.03621612
4G,25.61891372,85.01740781
3G,25.73610701,85.0760631
3G,25.50891215,85.23260766
3G,25.43245582,85.10373172
5G,25.70855211,85.01646097
4G,25.50108107,85.02724114
5G,25.65862316,85.26632181
5G,25.70938562,85.02421282
LTE,25.44777289,85.12159374
5G,25.46392476,85.13941396
3G,25.64020814,84.98943024
4G,25.5746835,85.27964824
LTE,25.56257592,85.18277503
LTE,25.44332792,85.16360475
5G,25.68763517,85.27887409
LTE,25.48041037,85.0847791
LTE,25.45245686,85.18391417
5G,25.67594062,85.00948911
4G,25.58080447,85.16550795
5G,25.45777325,85.25408881
4G,25.67951222,85.10622277
LTE,25.67082996,85.05329638
4G,25.60014059,85.14917753
3G,25.58812116,85.2719024
4G,25.52433436,85.24598161
4G,25.50101465,85.1221174
4G,25.48123304,85.26825249
5G,25.57085405,85.0391866
4G,25.64109196,85.20267036
3G,25.55172321,85.12371746
LTE,25.57661121,85.29417246
3G,25.56196021,84.97701613
LTE,25.48063953,85.1604536
LTE,25.75596584,85.12728963
LTE,25.75110185,85.091647
4G,25.47154245,85.17010153
