Network Type,Latitude,Longitude
LTE,25.72490803,85.08124185
5G,25.6822627,85.05710965
LTE,25.46468378,85.05511576
5G,25.5508865,85.0454001
4G,25.66900232,85.22627132
5G,25.42727206,85.11962118
4G,25.57151766,85.17277776
3G,25.55563034,85.10465736
4G,25.43244853,85.20655042
5G,25.52799007,85.0678951
4G,25.51157462,85.11452842
3G,25.73616567,85.04658404
5G,25.7566764,85.18716479
3G,25.61116062,85.08373736
LTE,25.61221378,84.99491841
3G,25.67396346,85.27575598
3G,25.61025296,85.14328007
LTE,25.70399347,85.27237883
5G,25.56797537,85.11877685
5G,25.60862162,85.26154656
3G,25.59478738,85.26825744
5G,25.61709252,85.01930998
LTE,25.5346906,85.27896327
3G,25.61069721,85.02806889
4G,25.49392406,85.24372693
5G,25.5092219,85.00575484
5G,25.75668658,85.19271048
5G,25.46420714,85.25767804
LTE,25.54874554,85.30423136
4G,25.70012932,85.14958146
LTE,25.56689335,84.99937056
5G,25.52662401,85.12975342
3G,25.53345734,85.12599876
4G,25.64202552,85.24858047
4G,25.63391522,85.07817471
4G,25.64756546,85.02973826
4G,25.72621834,85.19865977
LTE,25.62133874,85.07202649
4G,25.73567482,85.12807971
3G,25.70269682,85.17734791
LTE,25.51104844,85.0363962
LTE,25.49274772,85.22230436
LTE,25.66611573,84.98104003
LTE,25.42627839,85.09690422
LTE,25.59654489,85.26149183
5G,25.54956309,85.00279702
LTE,25.54723848,85.10384719
4G,25.65153759,85.17875082
3G,25.68775981,85.05651426
3G,25.61894533,85.15007356
5G,25.4877464,85.27400877
3G,25.65983232,85.19925928
5G,25.60990947,85.2543621
3G,25.51507084,85.29666881
5G,25.70725,85.06457849
5G,25.47170446,85.17227051
3G,25.55436341,84.97945281
LTE,25.52090722,85.21217809
4G,25.61228937,85.26275405
LTE,25.66026459,85.11746612
4G,25.50921098,85.11456813
LTE,25.43961701,85.04874919
4G,25.658389,85.15367641
3G,25.52426823,85.19019132
4G,25.55444434,85.04301736
3G,25.45873884,85.15621622
LTE,25.65780799,85.09642585
3G,25.68230779,85.10151102
3G,25.58462573,85.28176337
3G,25.7401586,85.21725459
5G,25.55399702,85.07152596
3G,25.58243681,85.23688393
3G,25.72803556,85.12623529
LTE,25.72524944,85.15992947
3G,25.64521815,85.29621948
LTE,25.5437164,85.08409113
4G,25.59358577,85.18809143
3G,25.58269343,85.30253822
4G,25.54062494,84.99599213
4G,25.53498858,85.14692787
5G,25.66173458,85.23479089
5G,25.48866301,85.02149218
3G,25.72910216,85.13229795
5G,25.68213796,85.12526196
LTE,25.64994276,84.9844004
3G,25.65196862,85.23792138
5G,25.51290523,85.28676799
LTE,25.56431621,84.97296326
5G,25.71233795,85.24922939
4G,25.73701561,85.05690626
5G,25.56238633,85.09976483
4G,25.7129903,85.00696057
5G,25.5308121,85.12473469
3G,25.51990473,85.27199306
4G,25.52348576,85.27673842
LTE,25.53017866,85.1350271
5G,25.64521624,85.13755725
3G,25.58121708,84.97432886
3G,25.68732112,85.21696611
3G,25.75972094,85.15556701
LTE,25.68962435,85.05108202
LTE,25.55090956,84.9696779
3G,25.62795935,85.24239763
4G,25.6090113,85.16942205
3G,25.69487244,85.28590602
5G,25.69084324,85.06460984
4G,25.48734003,85.12508163
LTE,25.50216685,85.08982372
3G,25.7100325,85.09163283
4G,25.53984325,85.11210451
3G,25.59264192,85.072417
4G,25.66637476,85.09419779
LTE,25.64922575,85.22703063
LTE,25.46054148,85.14625798
4G,25.61992466,84.99011904
LTE,25.65793201,85.07415803
LTE,25.56213536,85.29164287
3G,25.56938433,85.01930454
4G,25.60223655,85.10055276
3G,25.4779167,85.03547753
4G,25.71874867,85.01055751
3G,25.46744024,85.0648271
5G,25.43996783,85.08806214
4G,25.71209971,85.05806953
5G,25.57157641,85.20655042
5G,25.75755344,85.06726143
3G,25.60264163,85.17698538
5G,25.426483,85.17991066
LTE,25.54841212,85.05998004
4G,25.44067031,85.09798988
3G,25.68363493,85.18635981
5G,25.70115826,85.18788342
5G,25.62681061,85.0678708
5G,25.50761831,85.21363864
5G,25.47558871,85.19889866
LTE,25.44093457,85.0988531
LTE,25.54892092,85.31033077
4G,25.64162753,85.2139969
5G,25.59968359,84.9608223
4G,25.59388788,84.98951382
5G,25.46240771,85.15199813
5G,25.51852422,85.05629623
3G,25.7534536,85.18844853
3G,25.7270776,85.04126464
5G,25.5459642,85.17254831
3G,25.49841989,84.99512861
5G,25.54891644,85.2440487
4G,25.4809519,85.01149483
3G,25.65887378,85.08617722
LTE,25.66438864,85.00130535
5G,25.6734162,85.05887975
LTE,25.61178395,84.99159281
5G,25.56784424,84.97146154
3G,25.70078161,85.25734083
3G,25.67870219,84.99192164
3G,25.72175501,85.1808218
3G,25.6895817,85.02837369
4G,25.52627634,85.08303718
4G,25.47111634,85.00811972
3G,25.70679154,85.10506125
LTE,25.63472924,85.27237002
LTE,25.62703989,85.16159711
LTE,25.61326231,84.96539329
3G,25.53096233,85.2087535
4G,25.54804675,85.27344932
5G,25.67644919,85.23627478
5G,25.46722112,85.21919628
3G,25.58217347,85.18408994
3G,25.6887948,85.19897679
LTE,25.57525902,85.21591394
3G,25.66069739,85.15602694
5G,25.68558908,85.19878748
4G,25.43776266,85.21029453
LTE,25.64396368,85.21726045
3G,25.63256656,84.99900167
LTE,25.73225743,85.15806017
3G,25.61510475,84.99406963
3G,25.69362398,85.00761622
LTE,25.46484225,85.15031871
4G,25.56455166,85.15149766
3G,25.74792152,85.1029089
LTE,25.68246977,85.08163769
3G,25.57348372,85.03203645
5G,25.53606622,85.22469848
3G,25.64313129,85.06638047
3G,25.63773711,85.02441527
4G,25.66817037,85.25790077
LTE,25.58929514,85.08262834
5G,25.55930283,85.0300977
4G,25.66644819,85.00498019
LTE,25.58063927,85.09993486
5G,25.62117142,85.04293509
4G,25.6221948,85.11457471
LTE,25.63565432,85.18120684
5G,25.59288244,85.26997967
LTE,25.57496898,85.01403425
4G,25.66752237,85.01297602
LTE,25.46760402,85.01988346
3G,25.73318751,85.23305941
4G,25.48211476,85.23485485
4G,25.63654473,85.13617158
5G,25.63800829,85.20318521
LTE,25.59813135,85.10656123
LTE,25.64324041,84.96861221
4G,25.60978803,85.03954791
4G,25.54944116,84.9832548
4G,25.52426155,84.97233405
3G,25.49181072,85.07634808
LTE,25.6908843,85.10888662
LTE,25.59890519,85.21690766
4G,25.43781794,85.05553006
LTE,25.71150709,85.11845125
3G,25.59268067,85.04616406
5G,25.69983797,85.17015585
LTE,25.62106586,85.19433319
5G,25.47843021,85.08989342
3G,25.59703635,85.07516142
5G,25.67291454,85.20717148
LTE,25.54049147,85.24660458
3G,25.64558687,85.01599863
LTE,25.48512189,84.99761574
4G,25.7253764,85.20645828
5G,25.72345004,85.01997147
3G,25.62840348,85.00738925
3G,25.64691296,85.08475148
4G,25.63959463,85.11124442
LTE,25.47890153,85.15342952
LTE,25.50785694,85.04889354
5G,25.66457449,85.18971554
3G,25.49402835,85.20669347
5G,25.57800234,85.29310807
3G,25.49207674,85.06358833
5G,25.55834149,85.00509931
5G,25.53474329,85.22717401
LTE,25.70639091,85.13020426
3G,25.48533812,85.05258707
4G,25.52432678,84.99884504
LTE,25.63893064,85.2434625
LTE,25.67850771,85.23490315
4G,25.67164522,85.26328581
4G,25.56777651,85.20037165
5G,25.47362057,85.08095922
5G,25.65993278,85.27543687
3G,25.55380661,85.27317242
3G,25.54392857,85.27312129
5G,25.71189661,85.18068298
5G,25.4728683,85.26435142
LTE,25.53870753,84.99253382
LTE,25.45869591,85.13303606
LTE,25.74927752,85.08401115
3G,25.66183974,85.00993571
3G,25.61429652,85.30397218
4G,25.53140132,85.1606103
LTE,25.47232755,85.22129302
LTE,25.66133166,85.27486872
4G,25.72768938,85.09358383
LTE,25.60574613,85.07334134
5G,25.61915606,85.28116217
4G,25.58171838,84.98105854
LTE,25.70315263,84.99587719
LTE,25.55671459,85.29006711
4G,25.49643253,85.23609307
5G,25.65411379,85.22730814
3G,25.65066773,85.16274751
3G,25.43968761,85.11546302
4G,25.47023705,85.21763629
LTE,25.74047282,85.03362118
3G,25.66713019,85.23538985
3G,25.6617358,85.1616663
LTE,25.42803234,85.19023016
4G,25.51635614,85.08024017
5G,25.48179232,85.11379156
3G,25.62706052,85.08568263
LTE,25.45807703,85.16662443
LTE,25.51499889,85.10547557
5G,25.51723001,85.13975861
LTE,25.58923454,85.19446503
5G,25.6056378,85.30296017
3G,25.52645463,85.05146292
4G,25.71259514,85.04726788
3G,25.65187288,85.02061068
LTE,25.58044193,85.19959713
3G,25.60877517,85.09129233
3G,25.57038234,85.279434
LTE,25.66954088,85.00151224
5G,25.55987429,85.15221041
LTE,25.50271272,85.17148579
3G,25.68696458,85.06248596
3G,25.61982813,85.28037892
3G,25.60978204,85.15098765
3G,25.57347301,85.01822771
5G,25.56264419,85.28598031
3G,25.70992595,85.2590882
LTE,25.71579532,85.14457546
4G,25.70914387,85.01517172
3G,25.62004307,85.27305397
LTE,25.55691463,84.9665449
3G,25.54696608,85.26093027
3G,25.69241702,85.05420924
5G,25.49656736,85.04383918
LTE,25.47627522,85.02873965
5G,25.57267167,85.27983979
4G,25.53130675,85.11654454
3G,25.72444163,85.22056239
5G,25.6950223,85.05305963
5G,25.46285869,85.19546545
4G,25.71542055,85.17000787
3G,25.56978435,85.30672076
4G,25.63695122,85.03324651
3G,25.67833827,85.15500706
3G,25.6333473,85.26487349
LTE,25.54882605,85.17406763
5G,25.4635694,85.23604407
3G,25.64287395,85.15396368
3G,25.71556006,85.19684639
4G,25.72419476,85.10482965
3G,25.7066341,85.2375583
LTE,25.45340434,85.2125015
3G,25.74378262,85.1346455
3G,25.63147532,85.14977056
5G,25.57588257,85.11986787
5G,25.66483659,85.03821952
LTE,25.67320227,85.19939116
4G,25.61448284,85.13263781
4G,25.59500744,85.0564136
5G,25.64175088,85.25433744
4G,25.61523596,85.22875789
4G,25.68922955,85.13754802
3G,25.59991734,85.20741526
LTE,25.560929,84.97699609
5G,25.52590295,85.16048987
3G,25.43727464,85.09657195
4G,25.62236191,85.13303487
4G,25.57287414,85.07803716
3G,25.56416143,85.1407816
LTE,25.73025567,85.02321318
LTE,25.67530283,85.24345195
LTE,25.48848146,85.09185386
4G,25.5499565,85.28215284
5G,25.64488895,85.24873606
5G,25.49773493,85.05873747
4G,25.64593342,85.19056291
LTE,25.60784595,85.15351543
3G,25.62976459,85.10702419
LTE,25.54699039,85.018924
LTE,25.50555788,84.9929165
4G,25.48056779,85.06086004
3G,25.51184099,85.13715986
LTE,25.54426408,85.12866818
4G,25.63256848,85.13047685
4G,25.71846286,85.13762755
5G,25.7283031,85.16825949
4G,25.44623821,85.06980453
3G,25.65763159,85.06007021
5G,25.62619438,85.01675016
5G,25.4841625,85.02362488
4G,25.56666447,85.21608552
3G,25.58821098,85.24224269
3G,25.75114981,85.20875044
3G,25.48860959,85.21762044
5G,25.60729726,85.24336325
4G,25.54443786,85.11674422
4G,25.68341142,85.20197941
3G,25.44428544,85.22295307
4G,25.60461649,85.15179527
3G,25.64433949,85.10518955
5G,25.54493702,85.16576501
4G,25.71538361,85.01795764
4G,25.63203544,85.11641129
LTE,25.59558572,85.17910845
LTE,25.61963598,85.15483454
4G,25.57410977,85.20112937
LTE,25.71723808,85.19702527
5G,25.74730578,85.1049722
3G,25.57997351,85.16734437
LTE,25.7357613,85.17740842
5G,25.62691305,85.16269251
3G,25.63876917,85.03422762
4G,25.51502317,85.25399446
3G,25.65366646,85.08905282
3G,25.68844247,85.12661367
4G,25.64472126,85.03984847
LTE,25.60888621,84.98727456
LTE,25.54519158,85.0360229
LTE,25.57007709,85.22853121
3G,25.71599709,85.14159687
LTE,25.49218622,85.04819301
4G,25.43033415,85.12802028
4G,25.66969636,84.99165717
5G,25.68761543,85.2798681
4G,25.6888125,85.10760092
4G,25.72287709,85.15249527
3G,25.63765288,85.08394213
4G,25.61703811,85.17270106
3G,25.74843022,85.06066508
4G,25.67286516,85.23708588
3G,25.6699384,85.20511214
LTE,25.5888022,84.97696572
5G,25.47092601,85.2429211
4G,25.53781406,85.27114914
3G,25.43471485,85.17096956
LTE,25.58838249,85.18332108
LTE,25.62119178,85.06736502
5G,25.54328101,85.10905534
5G,25.45312501,85.04183049
3G,25.5771487,85.18685389
4G,25.48966687,85.20715334
LTE,25.72842193,85.03808489
4G,25.46275614,85.12788656
4G,25.58813475,85.0201859
4G,25.52300306,85.23444864
3G,25.76776344,85.10415244
4G,25.53062898,85.16040743
3G,25.7247112,85.17231068
3G,25.55481093,85.12188693
5G,25.67106748,85.27255422
4G,25.61118767,85.13785878
4G,25.5516147,84.99844669
LTE,25.55321337,85.00865641
3G,25.70654036,85.0138066
LTE,25.43043056,85.10645878
5G,25.43284047,85.20662318
LTE,25.72892616,85.07088119
4G,25.70579419,85.26971994
4G,25.56299272,85.2621089
4G,25.59956641,85.05223403
4G,25.549896,85.30894408
4G,25.6242465,85.13102102
4G,25.60341786,85.00890246
3G,25.55950772,85.08973577
4G,25.43992767,85.10482803
LTE,25.50767731,85.23140329
LTE,25.55925782,85.07922502
4G,25.67370168,85.18719588
5G,25.4843624,85.18852099
3G,25.61823576,85.23757973
LTE,25.54442346,85.04673422
LTE,25.64588766,85.15391538
LTE,25.51441704,84.97660944
4G,25.49080389,84.9966748
4G,25.48455914,85.05245614
5G,25.66701462,85.12309654
5G,25.76383751,85.10774038
LTE,25.47598596,85.21419261
3G,25.71218815,85.04684328
3G,25.52791454,85.15479006
5G,25.50975006,85.25336388
5G,25.5305681,85.09920211
LTE,25.64831661,85.21736559
3G,25.6619314,85.04792384
LTE,25.4250716,85.19659249
5G,25.60974786,85.27105994
3G,25.69436739,85.12770363
5G,25.43945695,85.12857105
LTE,25.5951413,85.24458143
3G,25.48658546,85.15725283
4G,25.45481923,85.05691074
3G,25.68077503,85.26760771
3G,25.73256884,85.06977514
3G,25.68647978,85.12057149
4G,25.6990722,85.24092237
LTE,25.51633486,85.1425736
4G,25.54860946,85.07325968
3G,25.43560885,85.13209936
4G,25.43651279,85.17136719
5G,25.49335392,85.18191855
3G,25.65604144,85.13251683
LTE,25.47640929,85.23262927
LTE,25.753197,85.19933633
LTE,25.6999483,85.14188881
4G,25.62285287,85.13661256
4G,25.59777167,85.26907855
3G,25.45494311,85.04757475
4G,25.67447361,84.98894989
3G,25.4411104,85.22574894
LTE,25.59033993,85.22358147
5G,25.62278324,85.06419504
4G,25.46461471,85.13087846
3G,25.50838488,85.25440723
3G,25.7253932,85.25998246
3G,25.72669977,85.24286714
5G,25.68779175,85.18639191
LTE,25.66088308,85.29466436
3G,25.75029832,85.12596156
3G,25.63226459,85.29161708
3G,25.71953055,85.06126875
3G,25.58939238,85.2596846
5G,25.64656334,85.13202616
3G,25.70217177,85.14332473
5G,25.74592593,85.11811525
LTE,25.63079284,85.00414626
4G,25.44063666,85.10239129
LTE,25.74257044,85.11908943
4G,25.56309941,85.095892
LTE,25.66840184,85.06336334
5G,25.53662878,84.96967531
3G,25.43519126,85.19940382
4G,25.54706752,85.25154192
4G,25.42981222,85.06927743
5G,25.66843962,85.17997028
LTE,25.71266488,85.00734349
3G,25.50369205,85.08779095
5G,25.76454382,85.08689979
5G,25.62190952,84.99734683
5G,25.6112025,85.0097194
5G,25.74523605,85.11898803
5G,25.61891702,85.26648443
5G,25.64408869,85.14141216
5G,25.75810471,85.18618021
LTE,25.76155258,85.15708782
5G,25.75035039,85.09107828
4G,25.69144119,85.19385155
4G,25.55965941,85.14924738
3G,25.73325023,85.12611902
3G,25.56151778,84.98879156
3G,25.42713793,85.19340834
5G,25.53604202,85.1540058
3G,25.58497702,85.13398025
LTE,25.54601755,85.2171381
LTE,25.43033994,85.12295913
3G,25.61364805,85.00655487
LTE,25.48114882,85.11487329
5G,25.60615974,85.30700655
5G,25.58460647,85.12958914
5G,25.60619662,85.07227748
LTE,25.4460967,85.12700943
4G,25.48298474,85.26242539
3G,25.50225043,85.18934252
4G,25.48517028,85.05516674
3G,25.53550451,85.14917444
LTE,25.64413757,85.24811401
4G,25.72293362,85.10154981
5G,25.7150561,85.21894394
5G,25.5265877,85.2179405
4G,25.45078381,85.23431167
5G,25.75685484,85.1256121
3G,25.63368957,85.2818165
3G,25.48226743,85.18439651
4G,25.50170815,85.20871245
LTE,25.70964671,85.16348089
5G,25.62107558,85.08990224
LTE,25.46476639,85.1983583
5G,25.62223959,85.03530052
4G,25.73829047,85.15249261
5G,25.63970318,85.05070745
5G,25.71363181,85.21955366
5G,25.67937517,85.28594802
4G,25.65519509,85.25395754
4G,25.51802813,85.03327748
LTE,25.70731335,85.22339041
4G,25.53023213,85.07278727
5G,25.67303104,85.03899393
3G,25.44626069,85.16056657
5G,25.65362768,85.08134873
LTE,25.53100025,85.18648954
LTE,25.68879795,85.28773137
4G,25.57610521,85.06790768
3G,25.57364766,85.24626774
4G,25.76470077,85.13696514
4G,25.44950295,85.12110157
5G,25.7052287,85.00903367
LTE,25.61553567,85.0725297
5G,25.64590351,85.10719988
5G,25.5322905,85.0469058
3G,25.73220871,85.15871764
LTE,25.61405142,85.08288418
LTE,25.59688854,85.21155302
4G,25.59526182,84.9590825
4G,25.54938083,85.19415011
4G,25.52003257,85.22660214
4G,25.67434233,85.16574817
LTE,25.54406565,84.99586799
4G,25.73546392,85.14595057
5G,25.59571772,85.0671012
3G,25.44207958,85.22459913
LTE,25.45479429,85.05698752
LTE,25.53067335,85.15950314
LTE,25.59426651,85.10467711
4G,25.68138157,85.04732355
3G,25.69626906,85.25280169
4G,25.54491677,85.29211473
4G,25.53427755,85.03758685
4G,25.49745915,85.24863663
LTE,25.65736962,85.09767278
4G,25.59316378,85.18917841
5G,25.68525753,85.04423054
4G,25.57008675,85.11009431
4G,25.45237196,85.13524041
4G,25.44278399,85.22557916
5G,25.57189075,84.97656948
4G,25.66693099,85.03133953
5G,25.76776723,85.13241637
LTE,25.46592548,85.01589817
3G,25.70733617,85.26040307
3G,25.45365608,85.18347604
3G,25.60014051,85.00827597
3G,25.60523275,85.25252938
3G,25.71573419,85.26377716
LTE,25.50385148,85.20067834
4G,25.60844522,85.21215618
3G,25.66680351,85.2461099
5G,25.75770095,85.09202504
4G,25.48869933,85.12965294
4G,25.503833,85.1883279
LTE,25.65797022,85.1820854
4G,25.55824389,84.97482214
LTE,25.75757451,85.11773516
5G,25.63462862,85.00864817
4G,25.58775474,85.2738979
3G,25.66512456,84.97648404
5G,25.65648755,85.13545228
5G,25.44625694,85.11488295
4G,25.45751137,85.23431094
5G,25.6834951,85.14565712
5G,25.51119059,85.28724738
3G,25.60865917,85.18085927
3G,25.60848262,85.17247529
3G,25.65019251,85.01486227
LTE,25.60240492,85.24696523
3G,25.74149475,85.09041732
4G,25.58509903,85.25276396
5G,25.58914752,85.12879348
4G,25.46822033,85.25072287
LTE,25.54527728,85.16832354
LTE,25.61692028,85.27850881
LTE,25.70234033,85.17752369
5G,25.46830901,85.13706946
3G,25.74277814,85.2155747
4G,25.55074453,85.23286088
LTE,25.55379282,85.13648424
LTE,25.45587541,85.02760725
3G,25.57107667,85.01395175
4G,25.61651984,85.06482035
3G,25.51926228,85.07003588
4G,25.73455594,85.23073384
LTE,25.66852682,85.1717282
5G,25.5635605,85.15364704
LTE,25.63042733,85.01094038
4G,25.76976923,85.14543171
LTE,25.67566811,85.0348134
4G,25.63169225,85.17289944
3G,25.578113,85.01634162
4G,25.65265475,85.13689265
LTE,25.59742898,85.24170625
5G,25.51605179,85.15514948
4G,25.43229553,85.11157243
LTE,25.58669667,85.19050612
3G,25.69423687,85.0458508
3G,25.44243815,85.20915005
5G,25.73012755,85.07283175
4G,25.69576,85.07449475
LTE,25.71477644,85.05231327
5G,25.7609992,85.11725763
3G,25.68223385,85.03454011
3G,25.55317439,85.30721952
LTE,25.63971139,85.23656285
LTE,25.51051723,85.15360209
LTE,25.72099861,85.24942181
3G,25.4531119,85.22879892
5G,25.6866186,85.12957499
4G,25.74205922,85.16546251
LTE,25.69812308,85.07310509
5G,25.72479479,85.06087435
5G,25.55025707,85.14643238
3G,25.47043955,85.1811174
LTE,25.6547454,85.14614916
LTE,25.76531316,85.13525458
3G,25.56395413,85.290999
LTE,25.60118225,85.06644308
3G,25.63691593,85.0282787
4G,25.7325116,85.06205493
4G,25.63400936,85.07869314
LTE,25.64974672,84.97925626
3G,25.64905928,85.13701356
LTE,25.49836242,85.0008523
3G,25.49204764,85.02876817
4G,25.6741863,85.16548544
4G,25.52183602,85.26846961
3G,25.48853706,85.03005354
3G,25.44797564,85.12637467
3G,25.66218702,85.13256064
5G,25.6060821,85.10255185
3G,25.50482826,85.20703327
4G,25.51286354,85.13645268
3G,25.63238182,85.08548606
5G,25.61594004,85.31141323
5G,25.61318848,85.13457628
5G,25.47399583,85.19736305
5G,25.56556646,85.0913186
LTE,25.53686829,85.1165173
LTE,25.55709053,85.12010703
LTE,25.51984756,85.2153179
5G,25.52926429,85.16995618
LTE,25.53204252,85.04785314
5G,25.65379034,85.15248153
3G,25.46340003,85.06719211
3G,25.53151529,85.04657335
3G,25.7384852,85.03768748
3G,25.72867232,85.25273302
4G,25.69681171,85.04287489
4G,25.60778127,85.28332235
LTE,25.43304602,85.06683082
5G,25.58988294,85.08817109
5G,25.73917624,85.05125809
LTE,25.51852451,85.12185516
3G,25.65858905,85.18969708
4G,25.46698655,85.20241466
5G,25.51664088,85.07340171
4G,25.52516487,85.25137327
3G,25.68980546,85.13293797
LTE,25.60214464,85.08555521
5G,25.54387524,85.01387421
4G,25.4607539,85.0247736
4G,25.71757961,85.09236891
5G,25.43690539,85.13966031
LTE,25.68071624,85.10080595
3G,25.73216847,85.16635004
4G,25.59056443,85.28896207
5G,25.75280009,85.09818622
LTE,25.64163581,84.97500761
5G,25.70077352,85.10213198
3G,25.44394788,85.04902011
5G,25.57333345,84.97390661
4G,25.65946058,85.11758303
LTE,25.73525544,85.09915519
LTE,25.5938352,85.29202638
4G,25.65016385,85.07368029
4G,25.58923468,85.09276382
4G,25.57566818,85.01626442
3G,25.53464035,85.00800067
3G,25.62347868,85.06616397
4G,25.7304973,85.04383333
4G,25.73696643,85.20617378
LTE,25.59460438,85.07853328
5G,25.60790514,85.00992325
4G,25.50899535,85.18758001
3G,25.55877198,85.26585813
4G,25.68272586,84.98781078
5G,25.53593313,85.22559942
5G,25.67057728,85.05827968
4G,25.72434436,85.23821734
LTE,25.58432191,85.02598741
3G,25.44687651,85.16563111
5G,25.73766067,85.05752479
5G,25.65462167,85.28520144
LTE,25.50796133,85.13067791
4G,25.76886363,85.15462751
LTE,25.56209421,85.11244076
4G,25.75513696,85.19542153
4G,25.65441269,84.99562782
3G,25.50055225,85.28361703
3G,25.71300806,85.03498555
4G,25.56384513,85.01390099
4G,25.49754613,85.10520537
3G,25.58423635,85.0611332
3G,25.63137148,84.99149998
5G,25.71298729,85.24724248
LTE,25.47211064,85.08866792
4G,25.53945341,85.14409316
LTE,25.63064159,85.11542183
3G,25.74790394,85.11698725
3G,25.52303847,85.10789656
4G,25.50529427,85.12556738
4G,25.67842534,85.28122249
4G,25.43939519,85.20708654
3G,25.69476434,85.03702332
3G,25.59913506,85.29696654
5G,25.60221149,85.18681141
3G,25.527188,85.2483235
LTE,25.58820357,85.03606997
5G,25.6849899,85.00652478
5G,25.69603887,85.05259458
3G,25.45422912,85.09008336
3G,25.53791888,85.28794502
3G,25.60043231,85.00383706
LTE,25.7327278,85.23091905
LTE,25.63939407,85.11104617
4G,25.73857968,85.19501505
LTE,25.58295474,85.06954211
5G,25.7001603,85.07228392
4G,25.62973625,85.24688854
5G,25.64479193,85.10126682
LTE,25.61454271,85.1393528
LTE,25.68331368,85.26771661
3G,25.57032485,85.14635212
3G,25.50787597,85.08006144
5G,25.42505692,85.18186363
4G,25.73075582,85.19732616
LTE,25.42382091,85.18313089
4G,25.47750051,85.08449542
3G,25.54514807,85.09733744
5G,25.60817057,84.98827914
5G,25.72471263,85.1994334
5G,25.62953448,85.14236727
3G,25.71574486,85.11669487
LTE,25.65633648,85.13487239
5G,25.57158166,85.26279965
LTE,25.64554827,85.01954144
4G,25.61425697,84.99000756
5G,25.6637453,85.08679593
3G,25.72440522,85.17592515
4G,25.70478434,85.08178166
3G,25.58420802,84.97804286
LTE,25.74506296,85.1080296
5G,25.59507969,85.18827943
4G,25.59867436,85.2658873
3G,25.65560521,85.26928492
LTE,25.4368887,85.20968877
3G,25.59458856,84.97087035
LTE,25.5889794,85.0759021
LTE,25.53274894,85.21136685
4G,25.66156004,85.12556272
5G,25.75375297,85.20973951
3G,25.61488177,85.16502496
4G,25.59215074,85.26932413
3G,25.5169649,85.11367562
5G,25.53673808,85.04673726
4G,25.44380986,85.16396232
LTE,25.5947128,85.18339328
3G,25.45171426,85.09196853
LTE,25.48233185,85.14868335
4G,25.69885721,85.23654381
4G,25.73311096,85.15093515
LTE,25.45222991,85.0473611
LTE,25.47464111,85.00992269
3G,25.66373952,85.22916384
5G,25.62469392,85.22947877
LTE,25.55638473,85.14445659
3G,25.46849024,85.01251887
LTE,25.68948494,85.24305088
5G,25.56267125,85.04978968
LTE,25.47050062,85.04851504
4G,25.59969902,85.29327899
LTE,25.56878591,84.98143558
LTE,25.4877115,85.00492515
4G,25.53763837,84.9995372
LTE,25.739327,85.12738451
LTE,25.58669655,85.11649616
5G,25.64321322,85.18930913
LTE,25.55739662,85.14401254
5G,25.59427156,85.09269056
4G,25.74326574,85.16081507
LTE,25.69282196,85.05805081
LTE,25.72931532,85.23857331
5G,25.74716664,85.14931806
3G,25.70330104,85.16143059
3G,25.58562902,85.17414752
4G,25.49783618,85.25931324
LTE,25.75406355,85.20654193
LTE,25.56706079,85.19427784
3G,25.50529291,85.18644275
4G,25.48912667,85.19794282
4G,25.4569819,85.14013836
4G,25.68400998,85.11886408
5G,25.63502948,85.06770337
LTE,25.60956472,85.09662591
3G,25.749395,85.11581729
4G,25.73015341,85.14748807
4G,25.52519548,85.16146715
LTE,25.66082166,85.29144432
5G,25.65605284,85.01890529
4G,25.71480235,85.03099165
5G,25.63221958,84.97119198
LTE,25.43796063,85.20113809
LTE,25.52805058,85.22946973
LTE,25.64659224,85.0888292
4G,25.65897288,84.99699134
4G,25.71674052,85.18439453
4G,25.64788022,84.99993472
3G,25.53593926,85.07267992
4G,25.6754945,85.16345213
4G,25.47394335,85.08797426
4G,25.7000852,85.01765039
4G,25.57093139,85.16524041
LTE,25.63650844,85.14305146
4G,25.46758503,85.18643258
LTE,25.57702821,85.26845175
3G,25.66132817,85.22402546
4G,25.49501868,85.19930243
4G,25.50670067,85.07177823
4G,25.55488355,85.27980361
LTE,25.42518029,85.10088574
4G,25.48523723,85.11281216
4G,25.53442403,85.1706925
LTE,25.46783608,85.03053023
LTE,25.58411092,85.26724463
LTE,25.46226392,85.1599519
3G,25.62948328,85.0201531
4G,25.54726446,85.01290123
3G,25.61154928,85.28385585
5G,25.70042374,85.0438514
4G,25.6714041,85.09003527
LTE,25.57676,85.05323888
5G,25.71878936,85.16797233
LTE,25.73391232,85.06180749
5G,25.53432873,85.29785618
LTE,25.41693982,85.12139636
4G,25.60988428,85.0338043
4G,25.42040366,85.17870058
3G,25.52149086,85.0828179
4G,25.73393664,85.21007416
LTE,25.46467022,85.22476996
3G,25.67216819,85.02621346
4G,25.65209167,85.05726098
3G,25.63838207,85.23289531
3G,25.61038929,85.23425613
4G,25.52190287,85.09185894
LTE,25.65736698,85.08060204
3G,25.50911169,85.00826139
5G,25.52098768,85.17112267
4G,25.54259374,85.18085658
3G,25.65045467,85.07631656
3G,25.60311613,85.08941354
LTE,25.44925894,85.19002877
3G,25.59800464,85.25926958
LTE,25.47731794,85.05643587
4G,25.56160506,85.09478657
LTE,25.52980744,84.99535397
3G,25.69356532,85.0253571
LTE,25.51930703,85.20592351
LTE,25.64402174,85.23276176
LTE,25.48240385,85.0206506
5G,25.45490661,85.16796825
LTE,25.72072473,85.08738421
3G,25.56447706,85.05058696
LTE,25.48312455,85.27634652
5G,25.5029738,85.02497762
LTE,25.71065622,85.07829739
5G,25.49013972,85.17910401
5G,25.63380085,85.15430055
5G,25.6481954,85.26292773
5G,25.56604394,85.27489889
5G,25.75618031,85.17062732
4G,25.61095395,85.31506529
4G,25.57993969,85.16900988
5G,25.50454841,85.11105794
3G,25.54001624,85.28401067
LTE,25.64090162,84.97090907
LTE,25.67317745,85.00392162
4G,25.66947661,84.97550823
4G,25.63782823,85.1360959
3G,25.5552846,85.08788161
5G,25.58069019,85.28034473
3G,25.62592129,85.16812912
4G,25.69201074,85.05895242
4G,25.65193931,85.13188385
LTE,25.70434633,85.08676275
3G,25.64232707,85.2152609
LTE,25.54071249,85.18478214
LTE,25.60561759,85.13214684
5G,25.48395709,85.17715294
5G,25.68419851,85.04621976
LTE,25.44268812,85.14273554
4G,25.57952294,85.07085593
LTE,25.62169201,85.21694252
4G,25.68997681,85.00384071
4G,25.62863158,85.18988338
4G,25.53474693,85.18030083
5G,25.46401014,85.10653607
LTE,25.4822058,85.19047246
4G,25.5581278,85.03281322
5G,25.42883262,85.17389927
LTE,25.50789356,84.98075033
LTE,25.69493913,85.16714309
4G,25.69624781,84.99463551
3G,25.50352775,85.01060787
3G,25.73080261,85.17489575
4G,25.74046019,85.1037633
LTE,25.60561759,84.96886721
4G,25.74692788,85.0972193
LTE,25.55803771,85.01767814
4G,25.67701431,85.00730386
4G,25.71700271,85.2654905
LTE,25.60795513,85.02934253
5G,25.67291942,85.1916329
LTE,25.7333679,85.20196902
LTE,25.72443617,85.22387974
5G,25.57237942,84.98215724
LTE,25.70677615,85.00231258
3G,25.56355086,85.3068352
LTE,25.43219969,85.17607333
5G,25.65140475,85.14032331
4G,25.6798041,85.26699986
3G,25.64400984,85.28825432
LTE,25.54337659,85.18327912
5G,25.67657073,85.05589044
5G,25.7023557,85.03025112
5G,25.46928089,85.18439506
3G,25.56108002,85.04443807
5G,25.47403064,85.1131879
4G,25.67135106,85.27342944
4G,25.57910497,85.26280657
5G,25.57456968,85.12254362
5G,25.50348334,85.06700593
LTE,25.53762127,85.19500398
3G,25.64014412,85.07891818
LTE,25.61392352,85.03406807
5G,25.42645665,85.10314782
3G,25.67715174,85.14130166
4G,25.61767562,84.9611423
5G,25.56447841,85.04805821
LTE,25.43128962,85.17750873
4G,25.57188111,85.27598022
4G,25.60884773,85.04955781
LTE,25.45458819,85.24635118
5G,25.66679477,85.28446463
3G,25.69281903,85.00407858
LTE,25.58222889,85.24835943
LTE,25.47714793,85.21673244
5G,25.55666408,85.06944883
4G,25.65587892,85.13908957
4G,25.58261204,85.1304699
LTE,25.47450832,85.25451994
5G,25.60405463,85.15999394
4G,25.64544868,85.03515756
LTE,25.7686304,85.11655125
LTE,25.67549304,84.99388062
3G,25.55122335,85.28734078
3G,25.49560037,85.13554463
LTE,25.41827336,85.14454462
5G,25.44576108,85.19095864
3G,25.73073475,85.14582485
LTE,25.54122273,85.05632582
3G,25.49235037,85.08175716
LTE,25.71567759,85.16987584
4G,25.73320583,85.0792463
3G,25.60167817,84.98314108
4G,25.55150017,85.03471866
3G,25.70152681,85.20760436
4G,25.53008912,85.08873991
5G,25.50090106,85.02012959
5G,25.64776395,85.16528791
4G,25.50300501,85.20687214
LTE,25.74044912,85.07139754
LTE,25.68564636,85.06714935
3G,25.5784067,85.2730961
LTE,25.67291907,85.2681686
4G,25.6612743,85.14535349
4G,25.47413372,85.11465157
5G,25.71067996,85.12281502
3G,25.62173875,85.11325193
4G,25.70056375,85.15210668
4G,25.5515736,85.14751489
LTE,25.49071574,85.20027047
3G,25.52464007,85.27239857
3G,25.75033481,85.12178391
4G,25.4569251,85.14568186
3G,25.67457812,84.98175684
3G,25.63205268,85.07895471
3G,25.74818413,85.17474881
4G,25.5563592,85.11103292
3G,25.46766701,85.02127809
4G,25.54135787,85.2393677
4G,25.72892374,85.15306763
4G,25.65101588,85.03205042
5G,25.68134588,84.98616857
5G,25.67252234,85.23036466
3G,25.48344366,85.09434086
4G,25.53014176,85.26236859
4G,25.64082476,85.03794882
3G,25.51819734,85.26155085
4G,25.58850669,85.03945988
3G,25.49145495,85.15082529
5G,25.46010299,85.04006188
4G,25.52989804,85.22017783
4G,25.7049771,85.05839624
3G,25.689727,85.04028519
LTE,25.560647,85.05996905
5G,25.71894057,85.12837142
3G,25.53224003,85.21151018
LTE,25.53108182,85.1538771
3G,25.60318799,85.28400459
LTE,25.65199155,85.15683021
4G,25.5583988,85.3107516
3G,25.64150522,85.06603699
3G,25.67764751,85.27716546
5G,25.50797947,85.07444376
3G,25.57787388,85.10571485
LTE,25.46532636,85.20859057
4G,25.69158739,85.00310025
5G,25.5092264,85.16341485
3G,25.60952335,85.07905663
3G,25.71664317,85.03435116
5G,25.49033326,85.2425887
5G,25.70579373,85.18292134
4G,25.56013094,85.20950373
LTE,25.5858795,85.11798958
LTE,25.5026577,84.9956308
3G,25.64730727,85.14985992
3G,25.52249027,85.07188329
LTE,25.54879782,85.24540513
5G,25.50521263,85.28580638
5G,25.60178331,85.19153919
4G,25.72943535,85.07370248
4G,25.58079679,85.15620554
3G,25.65596254,85.08997546
5G,25.62828154,85.22850835
5G,25.5230099,85.16120489
3G,25.74578977,85.11314212
5G,25.4963687,85.26423594
3G,25.69901742,85.00043876
LTE,25.51682818,85.01929211
5G,25.65851161,85.06625309
3G,25.63025361,85.22280244
4G,25.7095,85.17331334
5G,25.52226641,85.18037957
LTE,25.75970012,85.13042516
4G,25.60575124,85.10330943
4G,25.52479023,85.14539664
5G,25.71215776,85.06941565
4G,25.51296315,85.05729532
4G,25.70459409,85.06720526
4G,25.47952056,85.11992934
LTE,25.61885789,85.24777738
4G,25.59890852,85.07709496
5G,25.4716583,85.26057733
5G,25.70170567,85.18580237
5G,25.65668304,85.30004416
3G,25.44536878,85.11772157
5G,25.7474407,85.12939462
4G,25.56216817,84.98720343
LTE,25.65593015,85.24541575
LTE,25.60309035,85.25297258
LTE,25.55145002,84.97211877
5G,25.52718137,85.23615325
LTE,25.7030947,85.10962024
5G,25.56695967,85.01561007
3G,25.69272027,85.10967054
LTE,25.47065227,85.0858812
LTE,25.68041778,85.28982959
LTE,25.56739906,85.20129709
LTE,25.59520496,84.9987125
3G,25.62663265,85.22173324
5G,25.74058055,85.12618213
4G,25.48848179,85.07902446
3G,25.72773511,85.07175982
5G,25.70809961,85.2110015
3G,25.70519834,85.01410076
3G,25.49803413,85.15926311
5G,25.66323249,85.052639
3G,25.58686096,85.27647036
5G,25.52285925,85.09268217
5G,25.60193756,85.12292273
LTE,25.45031739,85.23308403
3G,25.62488325,85.25424437
5G,25.45341106,85.0795788
3G,25.54360862,85.17810308
4G,25.49463304,85.27016475
4G,25.69093234,85.01163647
5G,25.64441124,85.27851312
3G,25.65063935,85.2815047
3G,25.73040816,85.24963119
3G,25.67738182,85.03541982
3G,25.47087498,85.03505444
3G,25.73784049,85.1412818
4G,25.73159174,85.06063332
3G,25.4790762,85.11323259
LTE,25.4618993,85.02022781
LTE,25.63901063,85.26516923
5G,25.67175197,85.2781676
4G,25.52395191,84.97486637
5G,25.61399523,85.15233614
LTE,25.68949364,85.01905068
5G,25.75380778,85.10332462
4G,25.56426075,85.26560268
4G,25.74639733,85.1343938
5G,25.75730836,85.18632464
5G,25.60615832,85.14401306
4G,25.67623205,84.99699685
4G,25.52605602,85.16888509
5G,25.75101938,85.15906451
LTE,25.60148575,84.97805419
LTE,25.58134696,85.04527592
LTE,25.6733381,85.10315574
LTE,25.44662478,85.12992642
4G,25.67000005,85.28681885
3G,25.46570338,85.23496305
4G,25.72785316,85.08293909
5G,25.5888658,85.15880759
3G,25.53625362,85.1808263
3G,25.75136234,85.07590975
5G,25.53179482,85.30419856
3G,25.57671664,85.30585367
4G,25.54771357,85.30865527
LTE,25.69804917,85.02884863
LTE,25.66028779,85.23060305
4G,25.5608023,85.01557119
5G,25.56368465,85.3110341
5G,25.52347937,85.2963891
4G,25.5764102,85.31412558
4G,25.67485633,85.20222134
4G,25.5067296,85.24460925
5G,25.46356253,85.19059673
3G,25.44235514,85.0679156
LTE,25.59109349,85.27812297
4G,25.51286064,85.27963499
5G,25.64231535,85.18976823
5G,25.45964168,85.15999198
5G,25.53022032,85.00162061
5G,25.67254832,85.29146717
LTE,25.70625488,85.02485673
3G,25.67548953,85.05558113
LTE,25.55071156,85.22562148
LTE,25.73252363,85.17283452
3G,25.72182256,85.19954466
LTE,25.54186091,85.03142532
5G,25.46545368,85.10791349
3G,25.63410398,85.01790322
5G,25.64864292,85.17868077
LTE,25.45701475,85.1331831
4G,25.63426529,85.18365505
4G,25.73019403,85.15042457
LTE,25.56861257,85.08998849
3G,25.53398631,84.98253688
LTE,25.61757063,85.08895679
LTE,25.73124744,85.1156001
4G,25.42724353,85.16272007
5G,25.6193021,85.11135628
LTE,25.55935933,85.04776542
4G,25.57150275,84.97002544
4G,25.63890758,85.27385772
3G,25.66892479,85.23058242
LTE,25.54682087,85.2248595
5G,25.61107828,85.02702788
3G,25.43526237,85.15568259
4G,25.698959,85.2822523
5G,25.61375382,85.05448667
3G,25.61354439,85.04632514
LTE,25.55987082,85.06024725
5G,25.45522555,85.21990701
LTE,25.56155221,85.1196694
5G,25.47185664,85.19864202
3G,25.51403572,85.12527864
LTE,25.75844841,85.13035197
LTE,25.63830319,85.17786601
3G,25.51391453,85.15083999
3G,25.46492169,85.1068512
LTE,25.45238739,85.05177352
3G,25.46743724,85.15601948
5G,25.74357612,85.12092868
4G,25.45277567,85.19727692
LTE,25.65192854,85.1975258
LTE,25.63397407,85.28172411
LTE,25.51212856,85.19951696
3G,25.54382615,85.29167822
5G,25.6767534,85.01658373
3G,25.59534899,85.21880608
3G,25.55690966,85.11905584
LTE,25.60254967,85.16805285
5G,25.65524906,85.17446291
3G,25.58377528,85.30580885
4G,25.64144218,85.22132788
LTE,25.67793904,85.086551
4G,25.5838899,84.99731181
3G,25.58825888,85.16243966
4G,25.53553122,85.29289647
LTE,25.66716044,85.16603793
5G,25.5550451,84.982731
4G,25.47450691,85.21482983
3G,25.64926881,85.2391208
5G,25.66813071,85.29027338
4G,25.49422586,85.28445882
LTE,25.58275181,85.29723426
3G,25.59089497,85.27754033
LTE,25.74605363,85.11749463
4G,25.61329589,85.07791852
3G,25.44216024,85.19328916
LTE,25.51856906,85.081524
4G,25.71335269,85.12607719
3G,25.62967823,85.19856189
LTE,25.47366837,85.05627412
4G,25.65172113,85.11694854
3G,25.58232723,85.11564557
4G,25.73860853,85.11648812
3G,25.56095056,85.29575793
5G,25.71970203,85.07375405
3G,25.64207125,85.17466329
LTE,25.65101793,85.06628365
3G,25.5893786,85.15441543
LTE,25.4983764,85.26755151
LTE,25.55991962,84.97792343
5G,25.64479073,85.0660387
LTE,25.52454763,84.97639103
5G,25.64588547,85.02134852
LTE,25.61208257,85.27798578
4G,25.46493349,85.11149595
5G,25.62573115,85.23697898
5G,25.62181637,85.3113952
LTE,25.57383431,85.17477291
LTE,25.64854952,85.11709378
5G,25.64866643,85.21039718
LTE,25.63354357,85.01777385
3G,25.5508978,85.29678218
4G,25.67805205,84.98612855
3G,25.63621819,85.01377212
4G,25.59223953,85.30349551
LTE,25.6725575,85.12457899
3G,25.65284787,85.28972942
5G,25.65589281,85.28086029
LTE,25.47422092,85.26386667
4G,25.57684474,85.05914776
3G,25.69773104,85.24723733
5G,25.45350884,85.17858665
LTE,25.52817744,85.06674341
5G,25.7548411,85.1871928
4G,25.50931818,85.09585443
LTE,25.53307177,85.15486625
5G,25.65586971,85.17957614
5G,25.63473825,85.16755272
LTE,25.49340213,85.13620474
LTE,25.56796102,85.19194153
3G,25.55174269,85.0403662
3G,25.71910795,85.11860954
3G,25.58925347,85.29638439
5G,25.52359501,85.24057484
5G,25.76058574,85.17422507
3G,25.44589317,85.0787658
4G,25.48399176,85.07504246
3G,25.655419,85.12023505
4G,25.56062293,85.24107214
4G,25.65689916,85.0665195
3G,25.62613183,85.00726406
3G,25.4445868,85.17642185
5G,25.62005296,84.97778386
5G,25.56593101,85.16771584
LTE,25.67936427,85.05225816
5G,25.55226488,85.2256375
5G,25.69933225,85.05719958
LTE,25.71615493,85.19994948
4G,25.55384441,85.16785841
5G,25.46507535,85.10335539
3G,25.44361836,85.03961502
LTE,25.55288641,84.97693083
5G,25.69449,85.20490694
4G,25.5763467,85.05305959
3G,25.59871039,84.9935147
LTE,25.59269762,85.05028227
3G,25.50701178,85.0596392
5G,25.62481058,85.01089633
4G,25.67139368,85.19401259
3G,25.72646185,85.02211693
4G,25.61239693,85.27089
LTE,25.59828166,85.23185543
4G,25.52863894,85.07862745
LTE,25.45058393,85.2013612
3G,25.63305373,85.1133368
5G,25.6399868,85.04673597
LTE,25.47296941,85.09039157
4G,25.57073122,85.15600285
4G,25.73171707,85.18565489
4G,25.42840964,85.19012576
4G,25.6800551,85.21196636
4G,25.68104926,85.21247509
5G,25.68185302,85.14663106
LTE,25.54411118,85.23232603
3G,25.50126728,85.1279992
3G,25.56805724,85.14594177
4G,25.72218161,85.11057968
4G,25.65504981,85.30346667
LTE,25.63658429,85.08383397
LTE,25.54431863,85.27236579
3G,25.58628802,85.02157645
5G,25.5837894,85.14494594
3G,25.66809307,85.22345448
4G,25.64884194,85.26326511
4G,25.5466289,84.97841983
4G,25.69464942,85.18587461
LTE,25.52636007,85.23473841
LTE,25.45549583,85.12350771
4G,25.750794,85.14182063
LTE,25.51740892,85.05427854
LTE,25.47321142,85.01585054
3G,25.73953691,85.16225915
5G,25.53895336,85.06962757
4G,25.44988097,85.16967831
4G,25.53885208,84.99270244
LTE,25.62192303,85.06475183
3G,25.65074229,85.00085647
LTE,25.64909414,84.99914428
3G,25.71175891,85.27102915
4G,25.41827329,85.10602239
3G,25.63399022,85.1224234
LTE,25.73915624,85.23992428
4G,25.69370503,85.0622856
3G,25.42841675,85.09463934
5G,25.58527376,85.14508243
LTE,25.63224216,85.21165915
LTE,25.71020528,85.24732364
LTE,25.4741584,85.1194775
3G,25.57711262,85.06797668
4G,25.64261889,85.15018003
5G,25.63043105,85.1744097
5G,25.69100905,84.99035328
4G,25.61322706,85.26104958
LTE,25.53573625,84.96952709
5G,25.58767263,85.24440066
5G,25.43925057,85.19951534
LTE,25.56980697,85.22671494
4G,25.51884732,85.11296044
LTE,25.68374134,85.20393393
3G,25.58874215,85.17341762
3G,25.71217746,85.03991205
LTE,25.52409633,85.12526533
5G,25.52886163,85.14611649
4G,25.49941008,85.07019731
3G,25.72646253,85.13009978
LTE,25.73332907,85.15415627
LTE,25.47662897,85.16604691
3G,25.69799508,85.13147092
LTE,25.4611629,85.23825809
LTE,25.69974702,85.11277095
LTE,25.54102729,85.0432495
3G,25.51078998,85.13008892
LTE,25.58800965,85.15353517
3G,25.61126106,85.07824616
4G,25.5998724,85.3062749
3G,25.65303462,85.14216559
3G,25.46929058,85.04452789
5G,25.48144223,85.08293574
4G,25.6820725,85.11935096
3G,25.69852893,85.2159522
3G,25.72027943,85.11896646
LTE,25.6704268,85.18655528
LTE,25.48919679,85.21393111
LTE,25.68822586,85.25029985
4G,25.52385194,85.16385233
3G,25.74358467,85.21060389
3G,25.73311514,85.04407672
4G,25.68416605,85.27082298
3G,25.6174249,85.24928354
5G,25.42114085,85.17767538
LTE,25.69463816,85.08644057
LTE,25.50120701,85.05432991
5G,25.74229145,85.0369883
3G,25.60263939,85.31192625
LTE,25.44274192,85.17127336
3G,25.68587917,85.16501637
LTE,25.693681,85.20297936
3G,25.55669936,85.21343493
4G,25.56233678,85.00565381
4G,25.51102657,85.29544501
3G,25.71195852,85.25526942
LTE,25.48978029,85.11199157
4G,25.73364265,85.06928855
4G,25.50668514,85.18102872
5G,25.69546713,85.17139563
4G,25.70573956,85.12648412
4G,25.45967899,85.10059304
3G,25.5021961,85.20009428
5G,25.59494873,85.03372101
5G,25.57591732,85.12176249
3G,25.68543791,85.08870593
5G,25.60963334,85.21080431
5G,25.58849895,85.00611822
LTE,25.53070776,85.01513233
4G,25.53095414,85.08730804
LTE,25.7454261,85.22229368
5G,25.4461811,85.05435481
5G,25.73187405,85.12448526
4G,25.53126787,85.11983751
5G,25.66497635,85.13689458
3G,25.67773243,85.21648141
LTE,25.63528745,85.29261517
5G,25.43671426,85.11579948
5G,25.72470067,85.02148477
3G,25.61396686,84.99955718
LTE,25.578991,85.24562209
LTE,25.66642055,85.15331661
LTE,25.49676489,85.02806547
3G,25.5116055,85.11890059
4G,25.74393946,85.13374043
5G,25.66242821,85.16511919
LTE,25.53553387,84.97044528
5G,25.54970922,85.09542599
5G,25.76273119,85.18742587
3G,25.47602101,85.21278322
LTE,25.53227961,85.18673944
LTE,25.54401858,84.98704075
LTE,25.54934748,85.15372235
4G,25.51053873,85.10710006
3G,25.54360862,85.12272261
5G,25.5150512,85.20550386
LTE,25.50472696,85.2655763
LTE,25.56373023,85.2289355
4G,25.62897775,85.02580016
4G,25.68279561,85.15718104
4G,25.58279936,85.0008834
LTE,25.51803995,85.14658543
3G,25.46624156,85.05706538
LTE,25.58579808,85.15672939
5G,25.56786604,85.20660863
4G,25.49042889,85.17906111
4G,25.6814529,85.12044174
4G,25.63422946,85.26165117
4G,25.75101352,85.18582141
5G,25.60803044,85.2754335
4G,25.59227431,85.20001289
3G,25.58920033,85.2390402
5G,25.51185685,85.03507003
LTE,25.74872154,85.20474875
3G,25.51977518,85.0629357
4G,25.63683335,85.25326944
3G,25.71038852,85.05281397
3G,25.62645616,85.12592217
3G,25.69992856,85.19558775
4G,25.58861432,85.28913681
4G,25.52298886,85.11623602
3G,25.65467948,85.24218879
3G,25.71708337,85.07042181
3G,25.62012967,85.27205803
5G,25.54975319,84.97013023
LTE,25.47796095,85.23233432
4G,25.45682212,85.02364625
5G,25.68493842,85.10081733
3G,25.6242861,85.09012283
4G,25.47982433,85.16555328
3G,25.49613461,85.1451083
LTE,25.67789921,85.28173101
5G,25.56487038,85.11054561
4G,25.73319411,85.17854792
4G,25.45756894,85.09012236
LTE,25.73683834,85.13140836
LTE,25.64438418,85.21814573
4G,25.54678667,85.0285659
LTE,25.65029056,85.11408375
3G,25.58922338,85.0249724
LTE,25.65276853,85.10907664
LTE,25.61823932,85.27787464
LTE,25.45439145,85.02871769
5G,25.51546189,85.18861437
5G,25.63235987,85.03766178
LTE,25.60345794,85.15851382
LTE,25.60465811,84.98824448
4G,25.46374846,85.06510408
5G,25.58452598,85.12214832
3G,25.45034177,85.23282124
5G,25.68019426,85.24934689
4G,25.53843352,85.23069484
5G,25.70539832,85.0431183
3G,25.55471423,85.17082338
4G,25.56364965,85.17619822
4G,25.6316234,84.99046672
LTE,25.66253576,85.23496641
4G,25.54801655,85.23283912
LTE,25.64842334,85.23727297
5G,25.65232906,85.00829038
LTE,25.71470082,85.07537707
3G,25.59473553,85.05035209
3G,25.47830515,85.12675073
LTE,25.56925908,85.17000801
5G,25.61509312,85.21315828
3G,25.45305188,85.17733516
LTE,25.53875199,85.25477328
LTE,25.57014201,85.23059314
LTE,25.64503713,85.23501718
5G,25.63603011,85.04849263
4G,25.55749781,85.09445658
3G,25.56076401,85.01299614
3G,25.67461331,84.98155341
5G,25.55375999,85.24721899
3G,25.46243082,85.18850324
LTE,25.61415177,85.21386227
5G,25.45154225,85.03587638
5G,25.69927152,85.0009168
4G,25.59528489,84.9918194
5G,25.5539612,85.07911276
4G,25.56386551,85.17072083
3G,25.61635074,85.10967119
4G,25.64661879,85.25145706
LTE,25.47147104,85.24847447
5G,25.55983503,85.29022948
5G,25.71912187,85.09141864
5G,25.51778975,85.23984913
4G,25.44428069,85.15874581
3G,25.65939816,85.23574412
3G,25.538799,85.28902698
5G,25.50906937,85.09797984
LTE,25.43796484,85.19397389
LTE,25.4487451,85.16379982
4G,25.57655115,85.00775343
5G,25.55460114,84.96238971
5G,25.63434829,85.31095088
5G,25.56229948,85.14667263
LTE,25.63837962,85.01200011
3G,25.52782136,84.98164683
5G,25.53022655,85.07261883
5G,25.51676574,85.14810064
LTE,25.7681118,85.15027128
LTE,25.48334487,85.0804036
4G,25.67842075,85.14393138
LTE,25.57050451,85.034638
5G,25.59212995,85.12676209
4G,25.67077976,85.26345629
3G,25.6997298,85.23717506
4G,25.51049478,85.25828857
4G,25.64767196,85.25079601
LTE,25.47489404,85.03647877
4G,25.4456144,85.12216336
4G,25.5789428,84.99382012
3G,25.74850213,85.10702854
5G,25.58880965,85.00934602
LTE,25.62754409,85.13860272
3G,25.57651968,85.04005386
4G,25.63162241,85.25130519
4G,25.66724471,85.21397782
LTE,25.53735409,85.22867152
3G,25.62347404,85.10010187
LTE,25.632671,85.09262683
5G,25.59424449,85.15929449
LTE,25.45318074,85.20262359
5G,25.44060299,85.10885401
5G,25.62199737,85.27135993
LTE,25.68603266,85.08061515
LTE,25.47924493,85.21759
5G,25.54360736,85.29892163
LTE,25.6948727,85.08420351
4G,25.51971151,85.14562463
5G,25.49524055,85.28127664
4G,25.53446505,84.97222997
3G,25.48431045,85.19099919
3G,25.74527175,85.19832923
5G,25.55546178,85.28845403
3G,25.53250765,85.05557148
3G,25.6779214,85.10397959
5G,25.69840176,85.2833068
LTE,25.53987092,84.97773811
3G,25.64641118,85.12444976
5G,25.68567778,85.23748409
LTE,25.46518699,85.21533259
LTE,25.6895936,85.1742079
5G,25.68185903,85.03263987
5G,25.67633655,85.26364491
3G,25.62248322,85.05824057
5G,25.72933135,85.24720281
LTE,25.6413762,84.96474629
LTE,25.66033101,85.12575681
LTE,25.72425188,85.240769
LTE,25.70606053,85.02304131
LTE,25.42608465,85.08037166
5G,25.70609091,85.02297327
4G,25.68904122,85.12876718
4G,25.51395474,85.27746485
5G,25.61613276,85.13127799
5G,25.75517369,85.18759749
4G,25.548509,84.99551415
5G,25.57830058,85.10579025
5G,25.51201446,85.24851262
3G,25.59883325,85.27247759
5G,25.65812325,85.15893121
3G,25.62577185,85.16722024
LTE,25.71506757,85.21895847
LTE,25.49549733,85.2687121
LTE,25.49247144,85.09684828
3G,25.56732755,84.98307054
4G,25.73964466,85.06052367
4G,25.48404958,85.07163855
5G,25.47926705,85.16132047
3G,25.57316806,85.07865523
5G,25.65144899,84.98714115
3G,25.47435264,85.08334565
4G,25.59654112,85.04153182
LTE,25.55681842,85.30992505
LTE,25.6272914,85.28187316
4G,25.47402793,85.02177149
3G,25.59973791,85.18067103
4G,25.53281518,85.04275435
5G,25.71092184,85.23639741
4G,25.5327691,85.03139774
5G,25.50195138,85.1500844
5G,25.69436196,85.16555449
4G,25.67527824,85.23944436
3G,25.7570677,85.08884004
LTE,25.72853048,85.03823569
5G,25.68009989,85.20727695
5G,25.56324703,85.09257995
3G,25.45785045,85.18911324
3G,25.71408483,85.09964947
LTE,25.54936041,85.02277164
4G,25.69336468,85.0965671
3G,25.46174615,85.01859404
3G,25.6754589,85.05667634
LTE,25.58584376,85.17898703
LTE,25.64458075,85.1733281
3G,25.70823478,85.02159851
LTE,25.56816581,85.12425687
5G,25.59909324,85.31699356
5G,25.58751022,85.25245342
LTE,25.66533954,85.12284612
4G,25.66262395,85.11213738
LTE,25.67238151,84.98832763
5G,25.63975923,85.28290855
5G,25.64323296,85.04840634
LTE,25.56572697,84.97746204
LTE,25.63071213,85.14939587
5G,25.68621488,85.19605928
5G,25.6694444,84.98906534
3G,25.69191306,85.19685979
5G,25.67516645,85.24212912
3G,25.73966395,85.22875696
3G,25.73752952,85.16446983
3G,25.61521097,85.25599818
3G,25.48014806,85.15048317
4G,25.72224575,85.06176544
LTE,25.60165981,85.30942223
LTE,25.7295596,85.20633514
4G,25.71537898,85.26707913
4G,25.45483017,85.20529236
3G,25.56371155,85.18128635
3G,25.44635293,85.06458439
5G,25.45042986,85.17713523
5G,25.56134605,85.2855793
4G,25.60093818,85.02781357
LTE,25.65165986,85.06530674
5G,25.66127154,85.2821989
4G,25.54146008,84.9958804
5G,25.46918337,85.1086155
4G,25.55711285,85.28667082
4G,25.54594329,85.28003925
3G,25.651979,85.11275899
4G,25.57952818,85.01320135
5G,25.56224528,85.18971626
4G,25.51619482,85.26805055
4G,25.63370871,84.97137779
5G,25.60450959,85.23960724
5G,25.47038974,85.03414749
4G,25.60928388,85.01448606
4G,25.47940485,85.05784187
3G,25.61340383,85.25119879
3G,25.56347817,85.01558829
4G,25.55096331,85.20011346
5G,25.4467695,85.1150827
5G,25.57045835,85.26360068
3G,25.59360998,85.29531456
LTE,25.4699122,85.13121269
LTE,25.52013434,85.28206194
3G,25.5810704,84.96367154
3G,25.49052566,85.09982731
4G,25.51050057,85.07998719
3G,25.51247385,84.99739304
4G,25.62664328,84.96231301
5G,25.57358667,85.09698317
5G,25.56169029,85.15066651
3G,25.6435435,85.117998
4G,25.60582768,85.12587083
3G,25.44724879,85.13476322
4G,25.50198108,85.15599224
LTE,25.47591712,85.19741067
5G,25.55167601,85.02215939
4G,25.64482285,85.06871913
LTE,25.57085905,85.18484128
3G,25.54389987,85.07169975
3G,25.59256099,85.2764978
4G,25.45803923,85.12370139
3G,25.49868677,85.00012602
LTE,25.72790027,85.18035367
5G,25.74118223,85.0682795
5G,25.61578298,85.1800553
4G,25.59573576,85.25974337
3G,25.51581436,85.0382591
4G,25.62143839,85.16616289
5G,25.55791145,85.20102249
5G,25.53909302,84.9684342
3G,25.67721732,85.07758678
3G,25.54643715,84.97101143
5G,25.74120175,85.20080169
5G,25.55474256,85.29532408
4G,25.73255312,85.12515126
5G,25.49823197,85.17144152
4G,25.44588399,85.07742337
LTE,25.44905503,85.09890318
3G,25.5307032,84.98732207
3G,25.72166973,85.01793639
LTE,25.478972,85.22893256
4G,25.76156523,85.09510132
3G,25.56069613,85.15990466
5G,25.73215509,85.1893666
3G,25.53412003,85.04624487
5G,25.58339976,85.25490903
4G,25.55445085,84.97895366
4G,25.67716484,85.03577328
5G,25.41988116,85.17200884
3G,25.66715071,84.98715356
4G,25.65871019,85.16237382
5G,25.54674625,85.19926752
4G,25.61848042,85.14486285
5G,25.62913863,84.99672034
4G,25.68680663,85.13224788
LTE,25.43020667,85.15016336
5G,25.67098163,85.2789653
5G,25.42301876,85.11053277
4G,25.72131266,85.11869433
3G,25.59358369,85.30038745
3G,25.50758915,85.08213133
LTE,25.5468114,85.24144075
3G,25.62543235,84.99118704
5G,25.59017146,85.14250827
5G,25.5080402,85.13965085
3G,25.42672917,85.20059456
4G,25.56274048,85.14545976
3G,25.65819389,85.075414
3G,25.6722012,85.08053092
5G,25.47363837,85.15739975
3G,25.5452189,85.19409513
5G,25.58559988,85.01435443
5G,25.51060529,85.27355705
5G,25.48803875,85.16020708
3G,25.55514701,85.11168085
4G,25.53754521,85.30679312
4G,25.52610927,85.28134077
5G,25.70907145,85.04198229
LTE,25.69564041,85.03518671
5G,25.52959466,84.98581132
4G,25.49477093,85.06698944
4G,25.53510043,85.29249214
3G,25.63234487,85.07997098
LTE,25.71543821,85.0129279
3G,25.5399159,85.17321333
LTE,25.69852085,85.28222119
3G,25.57444693,84.98244752
LTE,25.66762008,85.11379352
4G,25.58765553,85.07351603
5G,25.68977864,85.23619064
5G,25.60888391,85.03198454
5G,25.48115919,85.21029302
4G,25.71713314,85.1630958
3G,25.53612449,85.25297882
LTE,25.66368537,85.24496342
3G,25.48393757,85.09623692
3G,25.68006076,85.06610721
4G,25.61315072,85.11586334
4G,25.60530706,85.18555031
4G,25.54332173,84.9862312
LTE,25.43067977,85.1587045
5G,25.43859408,85.12156836
5G,25.50737321,85.20323711
4G,25.63110867,85.16418542
4G,25.52903631,85.13382461
3G,25.65718315,85.00561898
3G,25.49790309,85.20781112
4G,25.53075871,84.99758426
3G,25.49858538,85.23695814
3G,25.60586196,85.08168525
3G,25.67165217,85.07660516
5G,25.67499809,85.0642404
3G,25.60373361,84.96192167
3G,25.74074007,85.11698738
LTE,25.54021151,85.0738135
3G,25.46150792,85.25160827
4G,25.47524681,85.17224501
3G,25.63525116,85.22444104
LTE,25.63184995,84.98025927
4G,25.62372654,85.23449001
4G,25.43764411,85.14405634
5G,25.53601421,85.18097624
3G,25.67678814,85.09740621
4G,25.70167878,85.08420772
5G,25.61918118,85.14870091
LTE,25.61037468,85.18443057
5G,25.72062598,85.0493501
4G,25.493499,85.18920347
3G,25.48731259,85.27809505
3G,25.44598808,85.17785406
LTE,25.68820831,85.04952385
LTE,25.59396902,85.18799498
5G,25.45824633,85.11588117
5G,25.46064811,85.15791526
4G,25.72442109,85.22564252
LTE,25.55315961,85.06192809
3G,25.72646434,85.15588347
4G,25.65672895,85.13672899
4G,25.68252648,85.27800315
3G,25.53561868,85.02399311
3G,25.48666255,85.18747487
LTE,25.65389276,85.03503279
LTE,25.44346897,85.04104984
5G,25.64281919,85.22178627
3G,25.56201798,85.26976576
3G,25.47863529,85.18204879
LTE,25.54738791,85.12665666
5G,25.47002527,85.20171093
3G,25.69183606,85.15043174
3G,25.43652125,85.09505332
LTE,25.49028802,84.99797099
4G,25.55465515,85.15422684
3G,25.50687803,85.22842212
LTE,25.55538075,85.06190929
3G,25.71487486,85.20654669
5G,25.46648133,85.04449829
3G,25.74697952,85.08564139
3G,25.67052109,85.06325963
4G,25.66066238,85.19953353
3G,25.68269824,85.24372342
5G,25.5375848,85.28732923
LTE,25.46761657,85.1165884
LTE,25.60852564,85.1692362
3G,25.46888512,85.16684159
5G,25.5940697,85.04766498
LTE,25.50303641,85.27719578
4G,25.71237348,85.20835405
4G,25.61427733,84.98969773
LTE,25.75392039,85.12935915
3G,25.50255987,85.00014059
5G,25.62920013,85.00126719
5G,25.57590593,85.08890379
5G,25.61560859,84.96058849
LTE,25.63677357,85.20086699
5G,25.69302797,85.05566464
LTE,25.53043608,85.04327831
3G,25.47507574,85.21431201
3G,25.6652654,85.05117744
3G,25.51434995,85.11723549
5G,25.55983162,85.18474397
5G,25.68984325,85.26048713
3G,25.72589447,85.02206554
LTE,25.72248665,85.24782709
3G,25.68171567,85.06071015
LTE,25.57592266,85.08239863
3G,25.63404362,85.24845053
4G,25.43641638,85.16324122
4G,25.56647531,85.24375098
3G,25.62339301,85.13074854
5G,25.68272812,84.99887768
5G,25.70103484,85.27010782
3G,25.73476601,85.06428419
LTE,25.60107355,85.1593608
4G,25.70802101,85.18435094
LTE,25.71514984,85.04138306
4G,25.5006859,85.00478798
LTE,25.4639341,85.09289899
4G,25.61936568,85.11614049
5G,25.64187165,84.99619482
4G,25.54995258,85.04685389
4G,25.6392082,85.17921911
LTE,25.62832282,85.13444695
5G,25.49754716,85.06769587
4G,25.43885178,85.12646378
LTE,25.74275098,85.2244304
4G,25.61092462,85.2346103
LTE,25.67212591,84.98828024
3G,25.58360787,85.13665602
4G,25.57960227,85.28773557
LTE,25.6548876,85.07467663
3G,25.68440851,85.01204634
LTE,25.67550882,85.00996047
3G,25.67009896,85.24526933
4G,25.67265799,85.21691206
5G,25.69083174,85.09964424
5G,25.47225797,85.19168892
4G,25.71976707,85.14622946
3G,25.53924876,85.28665636
4G,25.58066135,85.07996596
5G,25.46212395,85.17907851
LTE,25.74438983,85.0645242
5G,25.52415566,85.26282856
LTE,25.65479145,85.17951581
5G,25.51023863,85.18084921
5G,25.670131,85.25589866
4G,25.64873256,85.06952853
5G,25.60874522,85.28747652
4G,25.61696311,85.13707726
4G,25.66815695,85.13291888
4G,25.62924079,85.25110615
3G,25.42445661,85.1673732
4G,25.50344191,85.25032597
5G,25.66775265,85.01443034
5G,25.59208228,84.96185814
5G,25.54226469,85.136312
4G,25.5995747,84.97533122
3G,25.69756198,85.07610561
3G,25.69148344,85.07547465
3G,25.46155396,85.13172081
LTE,25.49630526,85.23185776
LTE,25.6309961,85.21041493
4G,25.58419137,85.09809389
LTE,25.65334703,85.26618091
5G,25.65334756,85.22471978
3G,25.43575805,85.20075347
4G,25.56587052,85.06535354
3G,25.54803497,85.24344144
LTE,25.60161705,85.17376694
LTE,25.72933023,85.15113509
5G,25.65098632,85.12053889
4G,25.59626335,85.17835712
3G,25.55155469,85.20024223
4G,25.45324691,85.08764508
3G,25.72020652,85.03903293
LTE,25.53390032,85.08846118
LTE,25.65010932,85.11513721
3G,25.67669286,85.0210676
LTE,25.7105774,85.19797892
5G,25.70997571,85.27031724
LTE,25.44477449,85.23056776
4G,25.60540374,85.14929063
3G,25.59288549,85.0577518
LTE,25.50899756,85.0856943
5G,25.47938275,85.10298852
LTE,25.61038661,85.25262612
4G,25.52812764,85.15755262
LTE,25.49045487,85.13063372
5G,25.68255511,85.17912019
LTE,25.54751954,84.98371422
LTE,25.58278691,85.19581604
3G,25.61695291,85.19193369
4G,25.58892565,85.0562243
5G,25.56377596,84.97930876
LTE,25.59772288,84.99555895
LTE,25.61118691,85.09904999
4G,25.59670671,85.2536224
3G,25.45359586,85.2078953
3G,25.64592459,85.26071192
5G,25.62244063,84.96049512
3G,25.64340051,85.20702305
3G,25.42557401,85.09481936
LTE,25.43823229,85.06877055
4G,25.61171016,85.10407684
LTE,25.70087317,85.15051452
3G,25.47023292,85.18793356
5G,25.7230877,85.18624075
5G,25.47756249,85.16711897
5G,25.49971492,85.21903896
3G,25.54306557,85.19687989
5G,25.61543203,85.21624867
3G,25.66059826,85.29401583
5G,25.64918439,85.09823643
4G,25.65844199,85.19655345
3G,25.67435428,85.13230656
LTE,25.67081467,85.00410629
LTE,25.50103607,85.19631798
3G,25.58880305,85.22911426
5G,25.57181787,85.05556082
3G,25.64031071,85.20624061
4G,25.50520127,85.0440519
3G,25.54812952,85.21553256
4G,25.62539714,85.00218608
3G,25.5529905,85.0404555
4G,25.67179209,85.03835306
5G,25.60454975,85.08847392
5G,25.5972064,85.04803483
5G,25.52663475,85.14770911
LTE,25.62603108,85.25294702
4G,25.52230199,85.0398392
5G,25.42980304,85.15238386
LTE,25.67851899,85.0367316
3G,25.43614185,85.21093973
5G,25.70458655,85.03537448
LTE,25.64296593,85.04420312
3G,25.61006154,85.31613236
LTE,25.6778619,85.1047552
5G,25.58310272,84.9792189
4G,25.64483343,85.24495473
LTE,25.62495543,85.00877065
4G,25.59196999,85.20842232
LTE,25.67084885,85.05365958
LTE,25.65105197,85.15730638
5G,25.71308503,85.1122217
LTE,25.59454742,85.30361729
5G,25.70161238,84.99929528
3G,25.70731712,85.08335767
5G,25.64171165,84.98143068
LTE,25.71830345,85.13736144
LTE,25.62430902,85.03191406
3G,25.51050524,85.2834031
4G,25.722205,85.01451437
4G,25.45461947,85.08939284
4G,25.74160191,85.06446506
5G,25.63325984,85.10747242
4G,25.71247739,85.03780869
4G,25.52933568,85.26628753
LTE,25.59577167,85.25411898
LTE,25.64381626,84.98545925
3G,25.47417581,85.18951033
LTE,25.42156665,85.15783348
LTE,25.57075582,85.04364804
LTE,25.68278807,84.99681852
4G,25.58925314,85.1953059
4G,25.7422545,85.23000213
3G,25.5484188,85.206924
4G,25.75049262,85.1125671
4G,25.74034659,85.19717431
5G,25.64050092,85.17790163
5G,25.47116915,85.17507581
LTE,25.45570571,85.13912697
4G,25.49662379,85.28096727
3G,25.76857861,85.12445676
5G,25.51780694,85.05022231
4G,25.52016032,85.18326327
3G,25.57085052,85.08196811
4G,25.53222448,85.14387787
5G,25.56931617,85.14991628
3G,25.59515515,85.24166481
LTE,25.73665738,85.13456315
4G,25.70011285,85.04753765
4G,25.64869014,85.20222
LTE,25.60635935,84.98594474
LTE,25.63135131,84.9871235
5G,25.62796987,85.22132375
LTE,25.55294467,85.1566303
3G,25.62566651,85.07845625
3G,25.55961052,85.22631227
4G,25.68045948,85.06242276
4G,25.57376276,85.00658241
4G,25.5411996,85.15949613
LTE,25.76143604,85.10916157
5G,25.63386751,85.23934066
5G,25.64146357,85.1296004
3G,25.60307181,85.14004809
LTE,25.60805249,85.14689472
3G,25.63170977,85.10585734
LTE,25.72631371,85.09634829
5G,25.69676999,85.19533734
4G,25.45470989,85.04972596
3G,25.70084644,85.11510815
3G,25.74436591,85.08896816
4G,25.47533584,85.26806249
4G,25.64734745,84.99891825
4G,25.50438298,85.14245314
5G,25.65024538,85.01094974
3G,25.57727772,85.18939034
4G,25.74025729,85.09750676
LTE,25.64294012,85.01272073
LTE,25.50971189,85.29093905
5G,25.51655173,85.02090653
LTE,25.74064848,85.17085247
3G,25.52621298,85.04416537
LTE,25.71456973,85.26686453
4G,25.71157598,85.18921096
LTE,25.57361177,85.30039928
5G,25.58454268,85.06928813
5G,25.59090934,84.98799972
4G,25.66680062,85.19353093
3G,25.62257899,84.96247104
4G,25.42891903,85.18875546
LTE,25.66153813,85.10504032
5G,25.42097419,85.13936039
5G,25.5559658,85.128778
LTE,25.53031017,84.99034953
4G,25.58845023,85.3013202
3G,25.7157922,85.22894797
LTE,25.59945009,85.03398997
5G,25.48255802,85.16724302
4G,25.5285088,85.04247133
LTE,25.63406702,85.03121132
4G,25.65835741,85.0172887
3G,25.61799944,85.27133953
LTE,25.55638315,85.2265521
3G,25.52476929,85.0742319
3G,25.66317785,85.21897904
5G,25.52920693,85.05008297
3G,25.43747717,85.11573267
4G,25.54304315,85.03030863
LTE,25.54624841,85.29463463
5G,25.61490468,85.10884858
5G,25.45918814,85.08206048
LTE,25.68423118,85.09856173
5G,25.74209452,85.2216451
LTE,25.61986544,85.07875431
LTE,25.58291603,85.17383063
5G,25.72245848,85.16925067
4G,25.62510422,84.99413942
3G,25.65716011,85.03395576
5G,25.51158022,85.00167873
3G,25.65785546,85.06991666
LTE,25.60654511,84.98799459
5G,25.55767154,85.08886225
3G,25.53523483,85.28659448
5G,25.7146996,85.17252827
LTE,25.54493674,85.21830603
5G,25.54425016,85.14377138
LTE,25.73077357,85.13056456
4G,25.72327874,85.0537602
LTE,25.49100187,85.09992312
LTE,25.60542728,85.21016179
4G,25.57410116,85.23917919
5G,25.65947274,85.21801261
3G,25.48183749,85.12522494
3G,25.64548404,85.08122661
5G,25.7440381,85.16695232
3G,25.63951119,84.98291292
3G,25.45512176,85.21783369
4G,25.54883422,85.08598102
4G,25.49145402,85.13762021
3G,25.56777655,85.20671105
5G,25.67993319,85.15319484
LTE,25.65644996,85.06940033
5G,25.65846114,85.00923316
5G,25.60148198,85.22118761
LTE,25.73918127,85.20528585
3G,25.44081207,85.0494374
3G,25.64333189,85.11741564
4G,25.47883885,85.06699609
5G,25.60193453,85.03971005
5G,25.5566916,85.04765909
3G,25.4827371,85.01287803
5G,25.46829772,85.07347676
3G,25.54454607,85.18554006
LTE,25.45611643,85.20647241
4G,25.52874987,84.99154574
3G,25.70373646,85.16402358
5G,25.56788164,85.11377043
4G,25.52905872,85.19035799
3G,25.45097716,85.09281394
LTE,25.70386178,85.05110254
5G,25.42168887,85.13948514
4G,25.73729629,85.20469334
5G,25.70807077,85.07758492
5G,25.70412391,85.01442701
LTE,25.59519923,85.01810076
3G,25.468126,85.16879385
5G,25.46551592,85.10009594
4G,25.56704596,85.02001429
5G,25.54728234,85.11818988
5G,25.53484045,85.27741068
5G,25.59360025,85.01538092
3G,25.59381965,84.97900114
LTE,25.68132792,85.14263992
LTE,25.66741865,85.28566107
4G,25.55614961,85.0591492
5G,25.49245703,85.14324576
5G,25.53056758,85.03319098
4G,25.57533533,85.309935
3G,25.67520214,85.02504422
4G,25.5994634,85.11142124
3G,25.45857796,85.23237507
LTE,25.52725476,85.0753462
4G,25.54825913,85.09654763
4G,25.55549366,85.27353909
5G,25.48769749,85.13577949
LTE,25.71854386,85.11102326
3G,25.56118462,85.15800969
3G,25.47324355,85.18508592
3G,25.65619907,85.15594557
3G,25.72284518,85.114491
3G,25.55565443,85.15517979
LTE,25.64654664,85.01435792
3G,25.55121983,85.1471053
LTE,25.55874461,84.98808673
LTE,25.53767216,85.10684627
3G,25.49609916,85.03009399
5G,25.67339686,85.27144195
4G,25.67336277,85.28995473
3G,25.70253878,85.11181604
4G,25.68204683,85.00270088
5G,25.59505062,85.18121639
3G,25.69551274,85.12608565
LTE,25.43467703,85.20175297
4G,25.46246387,85.1016723
5G,25.46422104,85.16894888
LTE,25.72268231,85.087721
LTE,25.47574666,85.19853494
3G,25.72213136,85.15624246
5G,25.51074088,85.29495732
3G,25.45552199,85.18312313
5G,25.60675428,85.14540391
LTE,25.53648434,85.21644562
5G,25.61508103,85.27616828
5G,25.57641588,85.00412359
LTE,25.62023674,85.12649955
4G,25.48117372,85.06802064
LTE,25.48631381,85.12474431
LTE,25.69765619,85.20245585
3G,25.71272445,85.20872163
4G,25.62319419,85.26029321
3G,25.43844403,85.08917554
LTE,25.75464446,85.11907876
5G,25.62714059,84.99271035
4G,25.70203876,85.27579754
4G,25.54446419,85.21193412
3G,25.67080179,85.00885505
4G,25.47169915,85.03320543
4G,25.54964671,85.07194061
5G,25.4645003,85.14116542
LTE,25.72553271,85.21964243
3G,25.71051798,85.21833597
5G,25.67402927,85.17979854
4G,25.56696978,85.03047056
4G,25.75837062,85.11593799
4G,25.62875831,85.00762818
LTE,25.65501484,85.21703687
4G,25.50777067,85.06493149
4G,25.64920376,85.12834492
4G,25.74521748,85.12036972
5G,25.63786815,84.98674302
3G,25.49480517,85.23194426
4G,25.65663308,85.02757369
5G,25.57199968,85.22131596
5G,25.68892324,85.13418807
5G,25.66943068,85.042118
4G,25.44008211,85.10419064
LTE,25.55407605,85.18474159
5G,25.55561867,85.28024471
3G,25.60998632,85.217033
3G,25.67892296,85.01591944
3G,25.7163835,85.04822798
4G,25.64686892,85.11909725
5G,25.56570321,85.29967505
5G,25.64922091,85.2644131
5G,25.72655848,85.18968712
4G,25.60741875,85.28288139
LTE,25.72418344,85.05138022
5G,25.44065362,85.14935788
3G,25.59773714,84.97928877
4G,25.51194121,85.02133336
4G,25.56418748,85.18372811
LTE,25.60372707,85.1458826
3G,25.42541294,85.18513226
3G,25.54810305,85.1812042
5G,25.57914576,85.09529907
LTE,25.4240762,85.09324758
5G,25.57967075,85.18385146
3G,25.55690505,85.04213647
5G,25.66384815,85.25869928
4G,25.700422,85.2756537
LTE,25.55594043,85.09861543
LTE,25.46318073,85.1511674
4G,25.64591818,85.14140773
LTE,25.52836801,85.07348096
5G,25.44799718,85.23033943
LTE,25.66763836,85.19605981
4G,25.55655096,85.09892341
LTE,25.53557474,85.1822237
5G,25.61424544,85.1449245
LTE,25.63531702,85.16181937
4G,25.73423142,85.03125881
LTE,25.70598716,85.12017633
LTE,25.5880989,85.04957022
5G,25.5762954,85.01269026
LTE,25.50486603,85.19594677
LTE,25.55346633,85.15264145
5G,25.61006371,85.29851735
LTE,25.62160032,85.06720447
4G,25.7171171,85.02415286
5G,25.43843119,85.0821884
5G,25.4945818,85.11160784
3G,25.60441581,85.19353962
4G,25.73886683,85.08622127
LTE,25.66678962,85.25151538
4G,25.73354847,85.03554639
LTE,25.60758008,85.1140196
5G,25.51963236,85.17824188
3G,25.60549543,85.28253243
4G,25.53861721,85.20539705
LTE,25.48057507,85.19202985
3G,25.60876205,85.31476546
5G,25.46910185,85.03636972
5G,25.68522051,85.13977015
5G,25.59432268,85.2022188
3G,25.70061377,85.14557177
5G,25.72377193,85.19556176
4G,25.74651576,85.04829672
3G,25.66176038,85.18885864
LTE,25.56698125,85.12149072
LTE,25.54771181,85.25276603
3G,25.63614506,85.15602764
5G,25.44963632,85.17186836
3G,25.46940119,85.18123389
4G,25.57197455,84.98645601
4G,25.68992639,85.26517172
LTE,25.7469339,85.04628203
5G,25.43842139,85.10543508
4G,25.577304,85.14917861
4G,25.63965249,85.22967846
3G,25.74701831,85.0631782
4G,25.63278383,85.07849207
5G,25.6225622,85.21239703
5G,25.59104518,85.06696674
4G,25.41961724,85.17839965
4G,25.55821571,85.24357867
3G,25.76669891,85.16042516
3G,25.61728017,85.05302063
3G,25.71342461,85.10534233
5G,25.49298318,85.1143747
LTE,25.66707402,85.26295054
3G,25.68603949,85.00834178
4G,25.45300261,85.12486229
4G,25.65247199,85.1466573
4G,25.50276236,85.00542453
LTE,25.52461813,85.12829131
3G,25.41788343,85.11121879
4G,25.42652362,85.17467693
3G,25.6127802,84.96772456
5G,25.57710046,85.31017221
5G,25.67300848,85.08391117
3G,25.5422751,85.26261269
4G,25.48387618,85.2012496
5G,25.48140737,85.14013951
LTE,25.63502375,85.22288025
3G,25.71478741,85.2224871
5G,25.50722874,85.16535131
4G,25.50740425,85.08200365
LTE,25.69788351,85.15717578
5G,25.54552881,84.96614123
3G,25.50350006,85.28008548
3G,25.51989837,85.11638244
LTE,25.68987033,85.01724733
3G,25.6445503,85.28669569
LTE,25.63716323,85.01262443
LTE,25.52376507,84.98672483
3G,25.62885261,85.30226212
3G,25.50293408,85.179576
4G,25.43222605,85.0640439
5G,25.73392392,85.17476738
3G,25.59622888,85.00851733
LTE,25.76133065,85.19265842
LTE,25.68273854,85.00654631
4G,25.49539386,85.27734363
LTE,25.62812984,85.04683634
4G,25.65069672,85.23902678
LTE,25.58838215,84.9899396
4G,25.47989345,85.20325972
5G,25.51511824,85.04647266
5G,25.57063506,85.26243348
3G,25.73917549,85.20745211
3G,25.63203782,85.27390337
5G,25.55742123,85.01259434
5G,25.57601068,85.0586188
5G,25.707613,85.219537
4G,25.54833216,85.14214396
5G,25.6353773,84.96576486
4G,25.52392725,85.06814106
4G,25.62585796,85.02122737
5G,25.68563942,85.17944303
LTE,25.46419574,85.22992866
3G,25.67936613,85.15713468
4G,25.71480494,85.21624393
3G,25.60425692,85.11388109
LTE,25.42612602,85.19522201
3G,25.76987528,85.13955316
5G,25.62587767,85.19877694
LTE,25.62466373,85.0045141
5G,25.47717101,85.13574899
LTE,25.64030695,85.07954196
4G,25.73965815,85.04077112
4G,25.69108356,85.22137156
4G,25.52002559,85.17643343
4G,25.47885749,85.05708827
5G,25.53310928,85.05661883
4G,25.52202937,85.09626757
3G,25.5326843,85.25116291
4G,25.51208064,85.29694533
4G,25.58512288,85.16833596
3G,25.69761005,85.07364224
LTE,25.56443299,85.01363479
4G,25.66935591,85.09324383
5G,25.54061423,85.13563684
5G,25.52617347,85.09044615
3G,25.6520319,85.26955308
4G,25.69367766,85.01465514
3G,25.63016029,84.99214611
3G,25.7001634,85.19036006
4G,25.59008132,85.22056554
3G,25.56787416,85.15377482
5G,25.5002046,84.99484248
LTE,25.57035573,85.17674297
5G,25.52659808,85.14648631
LTE,25.64493451,85.21024118
LTE,25.54878478,85.17000432
4G,25.67996527,85.06863274
LTE,25.50310535,85.03463895
LTE,25.62129296,85.18566301
3G,25.49827734,85.23175989
4G,25.72837332,85.10718231
4G,25.52221245,85.12228974
4G,25.6558198,85.01473779
3G,25.61225486,85.30461465
LTE,25.73976207,85.14382164
5G,25.56861384,85.12096899
5G,25.65136588,85.09284396
3G,25.46556212,85.12321445
3G,25.63493835,85.01770833
3G,25.63082125,85.00518723
5G,25.47164246,85.26018559
5G,25.51753057,84.99456159
LTE,25.5131907,85.24769179
3G,25.62966064,85.30435565
4G,25.46843994,85.18055324
5G,25.65700315,85.17763255
LTE,25.59191627,84.9683796
3G,25.5450553,84.99997482
3G,25.65834777,85.2460997
4G,25.5016105,85.18752268
5G,25.62935665,85.21692505
3G,25.57680626,85.20216827
5G,25.56624827,85.2835271
LTE,25.58051122,85.10522927
LTE,25.45549374,85.14115308
3G,25.67538767,85.28584055
LTE,25.45587509,85.06049065
LTE,25.66699555,85.03658526
4G,25.42950877,85.20819864
LTE,25.65299033,85.25748614
3G,25.46264517,85.04418389
4G,25.48776921,85.14636804
5G,25.43817562,85.128304
3G,25.551287,85.07483772
4G,25.48010195,85.14989144
3G,25.62423517,85.30861176
5G,25.7077975,85.0339892
3G,25.44507218,85.21826288
LTE,25.44758271,85.22320374
3G,25.53329118,85.24796408
LTE,25.61123969,85.11062627
3G,25.6531205,85.12724927
4G,25.59531974,85.31026671
3G,25.55397825,85.23652972
3G,25.43124566,85.07824436
5G,25.61261131,85.21633254
3G,25.49963816,85.15830068
5G,25.53627309,85.16016878
LTE,25.70606798,85.24211209
5G,25.47637754,85.12379476
LTE,25.41755477,85.11967331
3G,25.67222825,85.2223665
3G,25.67741755,85.08363969
LTE,25.72539338,85.04703967
3G,25.46840593,85.15740611
4G,25.65923053,85.06779929
5G,25.43266754,85.13814867
LTE,25.64297369,85.24245829
5G,25.65823374,85.16445902
3G,25.74288135,85.06105928
5G,25.52551418,85.05557122
5G,25.71308528,85.22949773
3G,25.52465375,85.14211083
5G,25.50280448,85.24824007
3G,25.49199419,85.16796173
LTE,25.43472775,85.0799934
4G,25.70084303,85.1973416
3G,25.55991762,85.02290265
4G,25.55045654,85.16712431
5G,25.64178078,85.26757611
4G,25.47766046,85.06015793
4G,25.50075936,85.12988118
3G,25.60874535,85.28960243
LTE,25.62285741,85.13594183
4G,25.48222128,85.0701659
5G,25.49094441,85.04381701
LTE,25.64161497,85.21523255
3G,25.53554436,84.99845845
4G,25.56173378,85.00927347
LTE,25.69683695,85.02264413
4G,25.69609047,85.15662253
5G,25.72462495,85.13087839
5G,25.64276832,85.14953914
LTE,25.60672062,85.1593495
4G,25.50140024,84.99534197
5G,25.5714551,85.02919402
3G,25.6738058,85.06006714
LTE,25.47391019,85.2594417
LTE,25.70217011,85.08385869
3G,25.70152528,85.0588863
4G,25.46660906,85.09480991
3G,25.65399104,85.22841051
3G,25.63120388,85.20224959
5G,25.70124011,85.09224544
5G,25.49456623,85.07962235
4G,25.55678378,84.96883918
4G,25.66899042,85.24673772
LTE,25.61126136,84.99189775
LTE,25.72201713,85.1789399
5G,25.59663477,85.25938683
LTE,25.59853669,85.0627434
3G,25.5611436,85.10236771
4G,25.64327755,85.22608953
3G,25.47014697,85.13047523
5G,25.72831277,85.16735381
5G,25.68968476,85.13205417
3G,25.58026406,85.09632897
LTE,25.62280219,85.17327191
5G,25.67559867,85.0512333
LTE,25.74334017,85.07261869
3G,25.62337409,85.16497862
3G,25.52614638,85.22689315
4G,25.65745272,85.16230052
5G,25.66018615,85.03534513
5G,25.49486328,85.06552073
LTE,25.60553911,85.28565076
4G,25.55544105,84.97279429
LTE,25.53354541,85.27012217
LTE,25.65093568,85.15464306
3G,25.46059953,85.20538119
LTE,25.47389984,85.21442152
5G,25.70957021,85.27453888
LTE,25.51848384,85.16757506
3G,25.70104357,85.05818346
5G,25.47703555,85.16087925
3G,25.52686033,84.9990118
3G,25.71054064,85.09809747
3G,25.5955674,85.039535
3G,25.51770985,85.06352244
5G,25.60100121,85.20911009
3G,25.6444412,85.02705866
5G,25.61134494,85.08774293
LTE,25.53346564,85.22739364
3G,25.75471873,85.12378174
3G,25.47630218,85.09371087
5G,25.4862992,85.13376353
LTE,25.5116357,85.14118384
LTE,25.57337728,85.28057486
LTE,25.48712406,85.15061204
4G,25.53621846,85.23456125
5G,25.50861306,85.20459118
5G,25.63260015,85.25184435
LTE,25.55682756,85.12083242
5G,25.58289781,84.95829931
4G,25.65668991,85.22061299
4G,25.5851441,85.20579856
4G,25.57075759,85.11717708
5G,25.69174598,85.13722108
3G,25.58520565,85.15676392
3G,25.62262776,85.27311659
4G,25.57853453,85.26671198
3G,25.57013194,85.28155088
4G,25.49558898,85.09214638
4G,25.54336251,85.13927796
5G,25.55331017,85.20648625
LTE,25.62163421,85.24273362
5G,25.7006688,85.13745988
3G,25.67771546,85.02322142
3G,25.75727938,85.09364469
4G,25.46718454,85.1927097
5G,25.52795781,85.1132775
5G,25.64451722,85.22063789
3G,25.6399091,84.97552514
LTE,25.57067626,85.02731033
4G,25.53622249,85.20847409
LTE,25.68849002,85.11404935
3G,25.52164146,84.97718643
5G,25.76591247,85.16023188
LTE,25.63895914,85.11030411
4G,25.66572046,85.13649156
LTE,25.62836685,85.10739674
4G,25.68890475,85.03668378
3G,25.5960692,85.13711947
LTE,25.66379595,85.16844174
3G,25.53421113,85.18890556
5G,25.61285591,85.25640287
3G,25.59029722,85.15048944
4G,25.66387146,85.25032305
LTE,25.64749555,84.99172961
5G,25.68833948,85.27176347
3G,25.54425846,85.13892603
LTE,25.47844179,85.24354589
LTE,25.64461244,85.04083014
5G,25.47237838,85.24305073
4G,25.5047685,85.03371014
5G,25.58673762,85.02820786
4G,25.5705622,85.19668876
LTE,25.64392593,85.23750834
5G,25.4284844,85.07102745
5G,25.73520027,85.19879672
3G,25.54160554,85.24297993
5G,25.71361343,85.09070989
5G,25.49872916,85.17540376
5G,25.67691713,85.08342975
4G,25.51029066,85.25015261
4G,25.57264056,85.23451178
3G,25.59606456,85.13337305
4G,25.52604937,85.20621465
3G,25.68753605,85.1474875
3G,25.50406481,85.03209685
4G,25.44512121,85.22369433
LTE,25.54940685,85.0578307
4G,25.5748061,84.96747248
5G,25.68922889,85.2614781
4G,25.72492295,85.19748892
LTE,25.47325232,85.00504285
LTE,25.62375206,84.98582462
3G,25.74208366,85.20824119
5G,25.57216056,85.24558122
4G,25.73422968,85.08525709
LTE,25.55628574,85.19735968
LTE,25.7611527,85.17490421
LTE,25.56635517,85.06073989
4G,25.67935272,84.98360562
3G,25.43764293,85.1922961
3G,25.54432989,85.01197964
5G,25.67282334,85.22436568
3G,25.50150126,85.06099449
LTE,25.45920398,85.16510467
4G,25.68157836,85.23051561
LTE,25.5788159,85.31436019
3G,25.67022046,84.98985991
4G,25.60997369,85.20605281
3G,25.53266941,85.1245845
4G,25.53666838,85.10994681
3G,25.68563132,85.22000926
4G,25.53466115,85.06267144
5G,25.64594286,85.09098189
4G,25.66444247,85.02031674
LTE,25.5049872,85.1006324
4G,25.60784784,85.25732291
4G,25.46310378,85.12997459
5G,25.56169902,85.22540355
LTE,25.58916423,85.28652504
4G,25.5454444,85.15426797
4G,25.52604224,85.25703774
5G,25.61667408,85.15438653
3G,25.67987932,85.26303989
5G,25.68045711,85.24240498
3G,25.42783474,85.11206298
4G,25.6087186,84.95982034
4G,25.58517551,85.20941895
4G,25.43277289,85.17831929
3G,25.77171952,85.1257289
3G,25.66226091,85.20539093
4G,25.7586175,85.20370562
LTE,25.6907078,85.10557522
4G,25.45523179,85.20870867
5G,25.52460179,85.19740997
3G,25.67362191,85.27673452
3G,25.54793312,84.97480172
4G,25.61734487,85.23274766
5G,25.43327325,85.15398054
4G,25.50873737,85.19398748
5G,25.64714324,85.22024544
5G,25.46895953,85.08153311
3G,25.58137021,85.06632199
3G,25.66257747,85.14283887
LTE,25.56101921,85.07136114
5G,25.57388773,85.01691045
LTE,25.62351772,85.00215433
5G,25.6128103,85.11702058
LTE,25.59919096,85.31305619
5G,25.62656689,85.24107676
3G,25.67740932,85.19256132
LTE,25.57992404,85.11517407
3G,25.6925106,85.20633711
3G,25.65728399,85.29404304
4G,25.76237232,85.1335155
4G,25.53746148,85.19487405
5G,25.7069338,85.07307567
5G,25.55856025,85.22985412
5G,25.45150562,85.17848409
5G,25.48631302,85.12810865
3G,25.60194179,85.05433922
4G,25.67493613,85.03643974
LTE,25.65088559,85.07840461
LTE,25.50058561,85.12998104
LTE,25.49770112,85.24108511
5G,25.69076914,85.06602596
3G,25.54810486,85.2642894
LTE,25.75647426,85.0802613
5G,25.4200385,85.16684473
5G,25.71321158,85.11637145
LTE,25.7210489,85.1444708
5G,25.65926048,85.08326509
3G,25.64593129,84.97450328
4G,25.709939,85.1773888
5G,25.68954273,85.17607548
3G,25.6703239,85.19938197
LTE,25.70714382,85.15089366
4G,25.67940527,85.09221817
3G,25.53276537,85.00969109
LTE,25.71127571,85.16304398
3G,25.44924225,85.14311347
LTE,25.53166199,85.07777097
LTE,25.47916864,85.04516909
4G,25.59388428,85.07599942
4G,25.65194379,85.02807543
3G,25.61470553,85.12910951
5G,25.55051147,85.17038711
LTE,25.55257208,85.03857568
3G,25.68262253,85.06667863
LTE,25.5068781,85.16608782
5G,25.54872702,85.277926
LTE,25.60634316,85.17445923
LTE,25.62059165,85.11651541
4G,25.4600688,85.20159644
5G,25.54402887,85.17002377
5G,25.46932664,85.11900657
3G,25.58799961,85.30243339
5G,25.70193368,85.19990874
4G,25.68762542,85.22599074
5G,25.68169918,85.25922872
5G,25.62507864,85.229039
5G,25.72450389,85.21868743
5G,25.65133632,85.01790795
4G,25.65912341,85.05998233
LTE,25.57807105,85.3009251
4G,25.70425255,85.19299613
LTE,25.77254081,85.14783685
5G,25.58289868,85.27143542
3G,25.73639587,85.22851961
LTE,25.71252146,85.16124363
3G,25.51422891,85.15014498
LTE,25.59644856,85.15142627
3G,25.4762897,85.08845756
LTE,25.59774414,85.04631242
5G,25.47579075,85.21565374
LTE,25.64721638,85.29153868
4G,25.44805374,85.22895232
4G,25.65640727,84.97856128
5G,25.57332976,85.1068044
4G,25.58828404,85.06122996
5G,25.66471334,85.19215032
5G,25.73010839,85.17296677
5G,25.4550747,85.22173183
LTE,25.66071129,84.99979524
5G,25.56086993,85.29111615
5G,25.66134118,85.15205946
LTE,25.7422406,85.16093091
LTE,25.66232469,85.26283147
5G,25.71031107,85.20495703
5G,25.69885569,85.01914825
LTE,25.6479132,85.1489754
3G,25.63570599,85.13968325
3G,25.73004442,85.12997804
4G,25.5955319,85.21530331
LTE,25.739774,85.05790416
5G,25.50792864,85.18310225
LTE,25.75638241,85.19271159
5G,25.66559766,84.97830287
3G,25.67058338,85.04637247
5G,25.75112496,85.1845034
4G,25.73015303,85.18443391
4G,25.69595738,85.14246223
LTE,25.70209234,85.23957144
3G,25.4555172,85.10338653
4G,25.43417691,85.13336826
4G,25.58172141,85.29897024
5G,25.54598993,85.2703953
3G,25.53928656,84.99359514
3G,25.69941105,85.26447998
5G,25.60182425,85.09999998
3G,25.55708748,85.21131244
3G,25.63958084,85.0976114
3G,25.77214644,85.15968764
LTE,25.54960956,85.24861599
4G,25.57444827,85.16008076
5G,25.48796873,85.15076891
LTE,25.50605755,85.19119828
3G,25.77161275,85.11225368
4G,25.45914105,85.20442755
3G,25.55238155,85.0141591
5G,25.52935099,85.2172454
4G,25.71936411,85.25623297
5G,25.66361249,85.21720824
5G,25.58975828,85.2417106
4G,25.47690977,85.0349109
3G,25.4363851,85.08945101
LTE,25.54996669,85.03702133
5G,25.68722951,85.20175453
5G,25.71337056,85.00325962
LTE,25.47653845,85.15325601
LTE,25.56710744,84.99308874
4G,25.44181063,85.06764572
5G,25.45273731,85.14384517
4G,25.66414726,85.26776278
LTE,25.65868146,85.15908592
4G,25.66708398,85.19916956
LTE,25.61493841,84.99018311
5G,25.65939789,85.21369018
3G,25.60187228,85.13865864
LTE,25.71002225,85.23116621
5G,25.48038199,85.173908
LTE,25.57862051,85.17525565
5G,25.61983147,85.13787443
LTE,25.64565245,85.25473125
3G,25.4526706,85.04766336
4G,25.46377131,85.01595784
3G,25.57267927,85.23288137
4G,25.64385498,84.985839
3G,25.73485558,85.16898971
4G,25.56815205,85.07562163
LTE,25.71533516,85.12070937
3G,25.46736435,85.23559381
3G,25.59695835,85.15088075
LTE,25.69107361,85.07748319
4G,25.56590795,84.96623441
3G,25.5300071,85.0093246
4G,25.59693065,85.19974644
4G,25.76110718,85.10021483
5G,25.71958822,85.01545462
3G,25.6757807,85.05082557
LTE,25.59282668,85.06900039
3G,25.73446058,85.16610345
5G,25.66664554,84.98119156
5G,25.64745215,85.18382963
4G,25.6633711,85.22193547
LTE,25.68222651,85.10117095
LTE,25.53946288,85.01081383
4G,25.59354793,84.96464465
3G,25.58110768,85.12116088
3G,25.44957859,85.06443078
4G,25.69819935,85.17489741
3G,25.69706374,85.2744527
4G,25.51045782,85.0410036
3G,25.57732327,85.11990573
LTE,25.7116287,85.11109708
4G,25.64163974,85.17814599
LTE,25.55031144,85.0793974
3G,25.53125481,84.98652889
3G,25.71481699,85.24363429
LTE,25.56542489,85.21911116
LTE,25.61519588,85.00549386
5G,25.44305159,85.11295854
4G,25.5773296,85.12075936
3G,25.54079256,85.1073738
LTE,25.61080415,85.20342212
3G,25.66846458,85.08832684
4G,25.48097629,85.26715244
4G,25.67060688,85.26937532
LTE,25.63998826,85.25029496
4G,25.55343505,84.97322019
LTE,25.62389748,85.21027801
LTE,25.76043515,85.19055375
LTE,25.68466453,85.14525441
3G,25.62351264,85.17221706
5G,25.60483217,85.06745139
LTE,25.46813454,85.22505253
4G,25.54651644,85.0495984
5G,25.67375543,85.10630637
LTE,25.58830416,85.27735729
5G,25.74860819,85.21445322
5G,25.4364007,85.13006625
LTE,25.66404323,85.08764389
4G,25.68772205,85.14973222
LTE,25.49739453,85.22088234
5G,25.48358759,85.01126058
5G,25.52791023,85.10818562
4G,25.43380547,85.06113362
LTE,25.54638633,85.11884773
3G,25.61812196,85.19069591
4G,25.51870877,85.03714565
3G,25.45236513,85.17049855
3G,25.67082402,85.25282587
LTE,25.42910441,85.12654215
3G,25.76822968,85.1710521
5G,25.51642413,85.25841489
4G,25.68960838,85.06094466
3G,25.64919294,85.21990863
3G,25.61594218,85.09206431
LTE,25.74467738,85.08578833
4G,25.69566905,85.0769073
5G,25.73500405,85.02982322
5G,25.66983429,85.10075775
LTE,25.4641037,85.16291324
5G,25.4888411,85.08301644
4G,25.64629339,85.17934799
3G,25.54351542,85.21727799
5G,25.64801308,85.23832414
LTE,25.71742126,85.11012786
5G,25.57528826,85.0307835
5G,25.54824378,85.15688983
LTE,25.6961099,85.01289464
5G,25.60730447,85.13796176
5G,25.58447092,85.19823064
5G,25.73612964,85.09067095
5G,25.54169426,85.24577234
4G,25.68806903,85.03550288
5G,25.71663979,85.05390398
3G,25.58344762,85.3132874
4G,25.53947849,85.11112166
4G,25.4635703,85.08144965
4G,25.73852657,85.1276702
4G,25.61032936,85.26387375
LTE,25.755684,85.176932
LTE,25.60702647,85.2149587
3G,25.58426692,85.00962815
4G,25.47832326,85.2144271
5G,25.67045559,85.06399493
3G,25.46108015,85.16266462
3G,25.70707759,85.21254442
LTE,25.56931327,85.30589215
3G,25.66870998,85.14464146
LTE,25.60502581,85.14011182
3G,25.67676707,85.00029542
3G,25.47377654,85.22309554
4G,25.73475357,85.21795913
3G,25.48239397,85.21064959
5G,25.56345413,85.30635659
3G,25.44890826,85.198083
5G,25.68385508,85.20300768
LTE,25.57863759,85.29312075
5G,25.52303766,85.16982924
LTE,25.5928961,85.04687308
4G,25.5841637,85.2058413
4G,25.69733973,85.10563098
3G,25.68997884,85.24182832
LTE,25.69856547,85.17795922
5G,25.67734479,85.21265576
3G,25.59518976,85.2258371
4G,25.5065179,85.05282818
LTE,25.72553278,85.21201067
5G,25.57205918,85.05932285
LTE,25.53828067,85.17737025
LTE,25.47024667,85.21792357
4G,25.51126194,85.02459518
LTE,25.53407147,85.00123633
3G,25.52364431,85.19985054
4G,25.64988115,85.14895665
LTE,25.72485647,85.0544657
3G,25.6822114,85.20579437
3G,25.61403047,85.28653541
5G,25.6146014,85.21006849
3G,25.63696742,85.0851598
LTE,25.64435979,85.2564593
LTE,25.74791656,85.10123325
3G,25.68788302,85.16538616
5G,25.48399347,85.03293394
5G,25.68391586,85.00123261
LTE,25.52718487,85.23508506
4G,25.58268574,85.05198382
4G,25.71718079,85.13694561
4G,25.55548683,84.96304429
3G,25.70526328,85.0843325
LTE,25.47013625,85.2042802
LTE,25.51279141,85.24782049
5G,25.70900304,85.19559413
3G,25.45014031,85.20332501
LTE,25.54992063,85.26479544
LTE,25.72053573,85.24987858
5G,25.56012142,85.25121084
3G,25.72234349,85.17885358
5G,25.55826157,85.19118483
LTE,25.74201246,85.20084021
LTE,25.52124213,85.03546275
3G,25.68155987,85.23425184
4G,25.45830666,85.17690993
5G,25.75796556,85.10420499
4G,25.60680165,85.24103668
4G,25.58667525,85.23760448
4G,25.58307008,85.00542933
LTE,25.53755112,85.11272078
5G,25.43204721,85.09985582
5G,25.46528926,85.23248937
LTE,25.72695992,85.17314699
LTE,25.54839523,85.09439923
3G,25.47548812,85.0058972
5G,25.63356929,84.9977119
4G,25.4647439,85.09080344
5G,25.45312403,85.13801043
3G,25.44338457,85.21197513
LTE,25.67718775,85.26144785
4G,25.62649409,85.25338108
5G,25.53837111,84.98070588
4G,25.65429277,85.09373295
5G,25.67320856,85.03363317
4G,25.71096835,85.05971996
4G,25.49164435,85.24566867
4G,25.66955175,85.1931378
5G,25.61026494,84.97874483
4G,25.75645703,85.20855553
4G,25.61972602,84.98197753
5G,25.53554946,85.08084563
LTE,25.70030038,85.22941759
LTE,25.50461567,85.04297543
LTE,25.436093,85.09330697
4G,25.66958679,85.18950649
LTE,25.66206874,85.23933126
5G,25.55560271,85.07695724
5G,25.49172243,85.12190774
LTE,25.61015713,85.21711029
4G,25.70888933,85.16536783
LTE,25.68488575,85.00470239
LTE,25.61383055,85.13198004
LTE,25.57823039,85.00566288
LTE,25.5794225,85.08853618
5G,25.75039697,85.11670445
LTE,25.76446504,85.18697324
4G,25.66353052,84.97203368
3G,25.54295636,84.98675588
4G,25.53993921,85.12354173
LTE,25.74101315,85.05491356
LTE,25.64658872,85.123178
5G,25.55653931,85.24131545
3G,25.69394256,85.04026045
3G,25.71858472,85.0378539
3G,25.68721136,85.23289593
4G,25.77035118,85.11490921
LTE,25.50408536,85.1521502
4G,25.69669654,85.2464678
5G,25.55916148,85.04901009
LTE,25.4307688,85.10661167
5G,25.5954324,84.96612737
4G,25.67913303,85.26365224
3G,25.64248039,85.04005374
4G,25.5819558,85.21483139
5G,25.65260481,85.22248188
LTE,25.72694108,85.24984732
3G,25.584053,84.96900183
4G,25.58533736,84.99036171
LTE,25.58393009,85.11940932
3G,25.5450778,85.12679869
LTE,25.73191176,85.0577975
3G,25.56840467,85.08623017
5G,25.69475162,85.25383997
5G,25.73365735,85.22504836
4G,25.71323462,85.09086021
3G,25.68328697,84.98949456
4G,25.55241753,85.05443286
LTE,25.72263474,85.12259285
LTE,25.61605526,85.27747204
LTE,25.69613299,85.01448139
3G,25.60605472,85.26558499
LTE,25.60902634,85.2138986
4G,25.63383934,85.28784108
LTE,25.64943148,85.27077617
3G,25.62269015,85.15387577
4G,25.71942778,85.11052554
5G,25.43169938,85.15548703
3G,25.44765746,85.19599794
4G,25.47950186,85.04684425
LTE,25.60807744,85.06972411
LTE,25.66570278,85.00073408
LTE,25.57006985,85.0412632
5G,25.72838791,85.24897802
3G,25.67096148,85.05372941
5G,25.48595871,85.18458279
5G,25.56766199,85.00785407
5G,25.76685103,85.1360147
LTE,25.52568041,85.06141753
LTE,25.5106273,85.08318422
4G,25.51801647,84.99265511
5G,25.7286556,85.15308999
4G,25.43103523,85.15088301
4G,25.55824245,85.28458296
LTE,25.61348663,85.18828301
3G,25.67301841,85.0590805
5G,25.4894109,85.22098331
LTE,25.53162451,85.18274955
3G,25.45615074,85.04606667
4G,25.57220352,85.09715965
4G,25.719555,85.13119704
4G,25.61252069,85.06445061
LTE,25.475884,85.23098651
LTE,25.56780877,85.08472925
5G,25.62116725,85.23858802
3G,25.4806306,85.22639593
3G,25.5055044,85.0754207
4G,25.48579057,85.04385624
5G,25.6025463,84.97854061
3G,25.52138845,85.18572693
3G,25.65792036,84.98466792
4G,25.66985576,85.00391885
LTE,25.65581049,85.00629848
3G,25.71306531,85.25836863
4G,25.56314114,85.19831341
5G,25.43620582,85.2012597
5G,25.56295265,85.19724076
3G,25.52779021,85.0654495
3G,25.4586815,85.14610732
4G,25.65877355,85.03751485
3G,25.44166709,85.12737422
3G,25.56094185,85.01892577
5G,25.54432676,85.11102984
4G,25.66366232,85.19468295
LTE,25.51183123,85.14243468
5G,25.640258,85.01432892
LTE,25.52732277,85.07674719
LTE,25.6497627,85.30684326
LTE,25.56904077,85.23645204
LTE,25.60044441,85.01117959
4G,25.48722086,84.99349074
4G,25.66662986,85.30190234
5G,25.7284926,85.11078227
LTE,25.76285633,85.08320564
LTE,25.69585142,85.12219899
3G,25.66940703,85.02482988
3G,25.56866395,85.02150122
4G,25.6874432,85.28684867
3G,25.48726423,85.0396953
5G,25.67654207,85.1968735
3G,25.69602888,85.07785472
5G,25.75305167,85.07554703
4G,25.4902099,85.23958939
LTE,25.4735444,85.15363292
LTE,25.56025647,85.04544438
5G,25.62109121,85.0487764
5G,25.71333693,85.15122822
4G,25.66492369,85.26834949
LTE,25.53398189,85.22753381
3G,25.61732713,85.08443671
3G,25.4545678,85.17545398
5G,25.59696569,85.0342244
4G,25.5922555,85.18379936
LTE,25.52470908,85.19187688
LTE,25.52011803,85.023265
3G,25.57398418,85.26490866
LTE,25.57822715,85.16957789
3G,25.59933298,85.208546
3G,25.68808037,85.21952752
5G,25.72242501,85.15896211
5G,25.57100973,84.99920476
LTE,25.64665726,85.08924365
4G,25.61764868,85.2679858
3G,25.68234174,85.12045112
4G,25.67147158,85.05111348
4G,25.62914841,85.06700193
3G,25.48217897,85.04756794
4G,25.71770444,85.24476916
5G,25.61477434,85.23578059
5G,25.56931353,85.0445001
LTE,25.45651947,85.0512402
LTE,25.70140161,85.14266244
LTE,25.53854605,85.23824164
5G,25.5952521,85.17909382
4G,25.70074232,85.09897993
LTE,25.7317872,85.24742981
4G,25.6565463,84.99335628
5G,25.55160348,85.24899827
4G,25.73559274,85.18733727
LTE,25.67023814,85.14164837
3G,25.65273741,85.23888845
4G,25.48323389,85.14914169
4G,25.52472731,84.97367639
3G,25.73002915,85.05468131
4G,25.73083251,85.17291892
3G,25.69760942,85.10486552
3G,25.53148223,85.17131009
4G,25.66416197,85.10816089
4G,25.43359302,85.07343836
4G,25.7048339,85.25255352
3G,25.49752377,85.04630588
LTE,25.74480583,85.04572558
5G,25.75594802,85.18261477
3G,25.60331408,85.31063706
5G,25.45492273,85.05965518
3G,25.45281898,85.13642501
4G,25.6535661,84.99036676
4G,25.46242298,85.16723109
LTE,25.58606425,85.29170646
5G,25.6450107,85.06309843
4G,25.6071555,85.16438869
3G,25.53337142,85.15961615
LTE,25.49525361,85.13382105
5G,25.65903366,85.19494192
LTE,25.57015171,85.11615226
4G,25.48748328,85.00094904
LTE,25.55922126,85.29684498
4G,25.6866422,85.26425825
LTE,25.65228259,85.03617755
5G,25.63010596,85.25856731
3G,25.58313599,85.2018125
5G,25.60603614,85.12996491
5G,25.63606268,85.06993612
5G,25.4915275,85.06559331
4G,25.44694689,85.14176936
LTE,25.55249657,85.25420004
LTE,25.67733082,85.07951798
4G,25.66244866,84.97455468
4G,25.6216414,85.12992463
3G,25.55572192,85.21144108
5G,25.60994029,85.18133424
4G,25.53449966,85.30391947
5G,25.5524558,85.1075024
5G,25.75057662,85.13946204
3G,25.60383392,84.97719274
LTE,25.57191183,85.29691263
3G,25.52522172,85.1496925
LTE,25.5939463,85.25246885
LTE,25.57300875,85.15184239
3G,25.5713888,85.28938734
3G,25.74631564,85.2194272
LTE,25.56297601,85.02506776
LTE,25.53860987,85.18004645
5G,25.70226492,85.09025324
5G,25.48789725,85.12064298
LTE,25.45191447,85.20807047
3G,25.53727353,85.18881453
3G,25.71339392,85.23476917
3G,25.55956092,85.01341206
5G,25.5395825,85.18972928
5G,25.67730891,85.06671783
LTE,25.73553213,85.1780315
LTE,25.56965791,85.24336611
LTE,25.69228606,85.13061808
5G,25.54878409,85.09344213
4G,25.60639969,85.20106129
5G,25.50274009,85.28135364
5G,25.67056624,85.20262377
4G,25.6103806,85.04802713
4G,25.56404335,85.13380258
3G,25.74094975,85.18663955
4G,25.53601752,85.26893819
3G,25.60089619,85.16196695
LTE,25.57504121,85.24917728
3G,25.5213141,85.00764628
5G,25.6365507,85.08394418
5G,25.49852637,85.23839713
5G,25.68285306,85.06381638
LTE,25.44738994,85.07659464
LTE,25.62785509,85.11780812
LTE,25.63049383,85.04396878
LTE,25.6707142,85.20412583
3G,25.6843011,85.24058137
3G,25.43275904,85.0953494
4G,25.54911981,85.28068888
LTE,25.66031754,85.03265355
5G,25.73318494,85.18883022
3G,25.66208452,85.05580586
3G,25.45002328,85.11968272
4G,25.59598063,85.23016524
4G,25.72870568,85.08269866
3G,25.50533893,85.26974572
3G,25.69512743,85.0118741
4G,25.60972231,85.25884568
LTE,25.6415037,85.08667131
5G,25.71800487,85.24562317
3G,25.53814775,85.14289709
3G,25.72918263,85.0621934
3G,25.70414096,85.16649684
LTE,25.442527,85.10613257
3G,25.59503296,85.07759579
LTE,25.53183932,85.01455812
3G,25.4290209,85.09586147
4G,25.63546489,85.0127977
4G,25.51515934,84.98309044
5G,25.52203351,85.15063628
5G,25.54415714,85.15913299
4G,25.65825252,85.16170175
3G,25.53036757,85.12890944
5G,25.46198037,85.05127117
4G,25.69459816,85.16528339
3G,25.63250982,85.09328219
5G,25.60743353,85.23269574
3G,25.55378865,85.14073189
5G,25.58631948,85.14359457
4G,25.70919464,85.09212276
LTE,25.4824496,85.1178729
4G,25.59743252,85.23680864
5G,25.50862406,85.0032961
3G,25.66736616,84.9824809
LTE,25.63781018,85.2614277
3G,25.52444108,85.14078458
3G,25.59016427,85.14456625
3G,25.56157304,85.17158321
3G,25.69212965,85.05648305
LTE,25.5245275,85.28432538
LTE,25.50875359,84.99960709
5G,25.5919248,85.12158151
5G,25.56188825,85.17084385
LTE,25.64251751,85.24689414
4G,25.64013887,85.01773734
5G,25.69566638,85.25758296
3G,25.67879285,85.01084404
3G,25.54596554,84.99950308
4G,25.57069582,85.28667665
3G,25.58450151,85.10417532
LTE,25.53319676,85.15009895
LTE,25.54626406,85.24603023
5G,25.54318794,85.2134915
LTE,25.4807596,85.0431886
LTE,25.58895098,85.18118477
4G,25.68946509,85.16550935
5G,25.62180024,85.09575519
4G,25.6691995,85.29885665
3G,25.55531627,85.07193256
LTE,25.62650349,85.02252648
LTE,25.71606726,85.00791653
4G,25.71446676,85.2299062
4G,25.5351274,84.99709859
3G,25.63395522,85.13043864
3G,25.68604347,85.0978516
3G,25.48009263,85.07106015
5G,25.53160792,85.07039531
LTE,25.64782866,84.97620438
4G,25.42622042,85.0907002
5G,25.70527957,85.23557819
LTE,25.66629052,85.10449341
LTE,25.65188703,85.21212679
LTE,25.57960688,85.11649255
4G,25.70773007,85.16761793
4G,25.68345595,85.18163281
3G,25.57538928,85.00913841
3G,25.58027489,85.0360346
4G,25.42467193,85.16571328
5G,25.5091083,85.18865063
3G,25.63982171,85.04966723
4G,25.64347964,85.10146276
4G,25.68657329,85.00569849
4G,25.52807473,85.06784282
3G,25.51577372,85.25567953
LTE,25.49972766,85.1137643
4G,25.42216139,85.08961763
LTE,25.6815809,85.24410852
4G,25.46593424,85.02616266
LTE,25.75207392,85.19040237
4G,25.67710398,85.17413515
5G,25.6608726,85.16321884
5G,25.64429481,85.28249395
4G,25.58836436,85.08028812
3G,25.58702424,85.03791905
5G,25.4754651,85.19402152
4G,25.60491639,85.25826783
5G,25.56268379,85.00005323
LTE,25.58941988,85.29484776
4G,25.63450102,85.29953584
LTE,25.73599774,85.20538974
4G,25.59418613,85.14678328
3G,25.49910585,85.04459025
4G,25.67379448,85.20303041
4G,25.59777641,85.0724874
3G,25.57637432,85.22830063
LTE,25.68436146,85.25940045
4G,25.61964617,85.16866259
LTE,25.60554323,85.00883978
5G,25.53570819,85.14097825
4G,25.54214384,85.18992769
4G,25.52828172,85.27291291
4G,25.47824371,85.25021784
LTE,25.66733472,85.0794458
4G,25.63244241,85.22669246
3G,25.47428182,85.05417273
5G,25.51954212,85.15146064
5G,25.66272853,85.06833311
5G,25.50785648,85.13142807
5G,25.52810863,85.16133157
5G,25.53989167,85.29929966
5G,25.58649649,85.12559647
LTE,25.62561456,84.99787855
LTE,25.69522738,85.16937285
3G,25.63032334,85.22480839
5G,25.50688332,85.16671414
5G,25.57214203,85.08416372
3G,25.43755797,85.05294118
4G,25.73263587,85.16943222
5G,25.45998425,85.14451889
3G,25.59836887,85.10647138
LTE,25.49015721,85.15925689
3G,25.5003997,85.26188264
4G,25.48775153,85.06047781
3G,25.6567946,85.26783325
4G,25.54737472,85.16805944
LTE,25.60782327,85.02800159
3G,25.56412958,85.19846462
4G,25.73433348,85.15323507
LTE,25.72712299,85.03980088
5G,25.65778494,85.16426737
3G,25.44645184,85.10967289
3G,25.54013545,84.99102305
LTE,25.59429557,85.12795351
LTE,25.59413968,84.97364847
3G,25.60679855,85.05886928
5G,25.64748808,85.22321288
4G,25.4390905,85.08667097
LTE,25.43724847,85.0558908
LTE,25.6376141,85.08243989
3G,25.44401971,85.21248319
4G,25.59213942,85.08388341
4G,25.61787442,85.06569027
3G,25.55725155,85.02043238
3G,25.59697801,85.03973898
3G,25.6798591,85.08376677
4G,25.61058913,85.16537645
LTE,25.51242257,85.01981137
4G,25.55740258,85.23014829
5G,25.51165384,85.19400626
LTE,25.47824571,85.08441909
LTE,25.55212496,85.13703628
5G,25.74219379,85.19424025
4G,25.68907268,85.16851152
3G,25.68001737,84.99008047
LTE,25.59939301,85.28148273
3G,25.71878235,85.05897921
4G,25.5146122,85.10447436
3G,25.54564589,85.19580068
3G,25.57443648,85.11125884
4G,25.56829291,85.13308057
4G,25.68650399,85.21818313
3G,25.54999039,85.26323957
3G,25.53018351,85.28232789
LTE,25.67356001,85.27459889
3G,25.772447,85.11997559
LTE,25.69907938,85.00382589
3G,25.71340386,85.17969612
5G,25.50862847,85.0121321
5G,25.55180428,84.99996515
LTE,25.53567776,85.00776451
4G,25.62572183,85.1069166
3G,25.59780254,84.99226785
LTE,25.64165347,85.19131385
4G,25.71094015,85.20772684
3G,25.44211648,85.22009116
4G,25.62404474,85.24125135
4G,25.5624382,85.17423773
4G,25.51146768,85.1215365
3G,25.69876635,85.19395155
3G,25.62600162,85.17255805
5G,25.58515387,85.16913393
4G,25.55641514,85.29028348
5G,25.58731464,84.96881212
4G,25.65673993,85.20287614
4G,25.45475667,85.0428325
4G,25.64007909,85.21867611
3G,25.66840149,85.15984859
3G,25.57587616,85.22947827
3G,25.61967015,85.21923803
4G,25.59329716,84.99291959
LTE,25.60875018,85.07098572
4G,25.62969084,85.1513746
LTE,25.65562287,85.20387533
5G,25.54792432,85.26015422
3G,25.66128344,85.28466523
5G,25.76521986,85.10026315
LTE,25.50117066,85.0726939
4G,25.58456483,85.2169688
5G,25.4392053,85.15304266
4G,25.66130997,85.2019518
3G,25.48266635,84.99757272
3G,25.63504762,85.05238386
5G,25.69746004,85.13598138
4G,25.65440573,85.18182969
LTE,25.70005009,85.04248756
4G,25.50163194,85.02758847
3G,25.66512883,85.05134644
3G,25.56462954,84.99829306
3G,25.63172633,85.23605362
3G,25.63305119,85.17719677
3G,25.47515855,85.0179145
LTE,25.44916234,85.16963452
3G,25.63623763,85.27229116
5G,25.50528837,84.99231574
LTE,25.64346742,85.06590772
5G,25.48656647,85.2024701
4G,25.52247936,85.20014112
3G,25.76851649,85.16047074
4G,25.67775188,85.09005804
3G,25.57394418,85.16533789
3G,25.45552627,85.10124757
5G,25.49617387,85.02319003
LTE,25.64744169,85.24830464
3G,25.6834793,85.22168433
5G,25.67809096,85.19580801
LTE,25.49140768,85.2273374
LTE,25.514591,85.19237222
LTE,25.52037061,85.20807618
5G,25.49679956,85.12405854
3G,25.62176918,85.11799395
LTE,25.58378838,85.31116626
3G,25.46247755,85.06056597
5G,25.74801846,85.16916505
LTE,25.51250791,85.0299673
4G,25.68385275,85.18808334
5G,25.64577401,85.23244003
LTE,25.50890195,85.23832651
5G,25.7567875,85.06343236
5G,25.59563793,85.15649268
3G,25.662326,85.06798269
LTE,25.61830954,85.04405049
4G,25.65272767,85.13236806
4G,25.47854979,85.18984888
4G,25.66297497,84.98478369
5G,25.68447795,85.28427652
5G,25.69864766,85.12914555
3G,25.50285487,85.25070643
3G,25.72466224,85.22257304
5G,25.69692427,85.22615383
3G,25.49060687,85.21329122
5G,25.65082929,85.24974517
4G,25.587796,85.30555209
LTE,25.5364105,85.16810779
LTE,25.49631126,85.01613158
3G,25.65290624,85.06558175
4G,25.63687701,85.29517266
4G,25.51292626,85.20041695
4G,25.52880237,85.24064165
4G,25.56024408,85.0047553
4G,25.69594029,85.16252193
3G,25.60943194,85.03471112
4G,25.47672516,85.13549665
LTE,25.71098518,85.09230381
5G,25.54922315,85.1515926
4G,25.63643541,85.23285283
3G,25.68219507,85.18467089
5G,25.52631091,85.2277982
3G,25.5006956,85.2708818
5G,25.64215717,85.25922565
4G,25.49078875,85.06543351
3G,25.58089215,85.0813937
LTE,25.60313253,85.27873846
4G,25.60841353,85.23477236
LTE,25.52456436,85.24105978
LTE,25.4448335,85.15486221
3G,25.47256397,85.09940818
LTE,25.50066253,85.19111065
3G,25.45376573,85.03711073
3G,25.68780546,85.09319505
3G,25.46037827,85.02192023
3G,25.67140034,85.21632412
3G,25.70873555,85.06727983
LTE,25.5221736,85.16757622
4G,25.702365,85.15043194
3G,25.63472802,85.2156644
3G,25.63526837,85.11237211
5G,25.63828094,85.27614349
5G,25.58799253,85.17784992
4G,25.45790542,85.16647108
LTE,25.63184778,85.12447461
4G,25.56067272,84.98587705
4G,25.71995174,85.15803629
LTE,25.63409929,85.01941466
5G,25.64951253,85.03978198
3G,25.70642368,85.18892298
4G,25.54247284,85.18100186
5G,25.59122564,85.18727158
4G,25.73039913,85.05597411
3G,25.61443395,85.2704601
3G,25.55140579,85.25234736
5G,25.62528597,85.25156802
LTE,25.55005781,85.0402602
4G,25.60846098,85.27678256
4G,25.69503812,85.01629077
LTE,25.58006508,85.22625655
5G,25.64305945,85.0374831
5G,25.45345191,85.09529213
5G,25.4674564,85.09512733
3G,25.68635744,85.12844382
4G,25.69026115,85.1216581
5G,25.70997909,85.11612305
3G,25.6762274,85.01974032
3G,25.5808976,85.00412975
LTE,25.43395435,85.21802602
LTE,25.47582579,85.18309285
5G,25.62139131,85.28846888
5G,25.62927407,84.99653557
5G,25.68170083,85.23741334
5G,25.64781879,85.12575028
5G,25.58555926,85.13974109
4G,25.52777232,85.16686245
LTE,25.5608932,85.19246892
4G,25.68136684,85.22499137
5G,25.66801302,85.20252384
3G,25.72116556,85.23010095
3G,25.6765239,85.24942858
LTE,25.62874946,85.17679521
5G,25.59368731,85.15446125
LTE,25.72472588,85.12012042
5G,25.58675917,85.24168218
4G,25.5180909,85.09385483
3G,25.70477518,85.19458289
5G,25.58855847,85.08668737
3G,25.5643562,85.29356365
LTE,25.61505947,85.23921335
LTE,25.73106996,85.09537006
5G,25.65270522,85.04996212
LTE,25.56709595,85.14194449
LTE,25.69885962,85.24834572
4G,25.51543607,85.22441698
LTE,25.48072958,85.15186729
4G,25.44220541,85.22558863
3G,25.59272578,85.06316881
3G,25.54332427,85.0367489
4G,25.64249812,85.22545822
LTE,25.43441979,85.06533611
5G,25.63281161,85.0882387
4G,25.59201371,85.0843627
LTE,25.75985555,85.1512882
LTE,25.50686457,85.17443155
4G,25.63287004,85.16364563
3G,25.519252,85.07545309
5G,25.71619439,85.07641916
LTE,25.65372541,85.03500923
4G,25.72895042,85.1938757
5G,25.52671804,85.09194445
3G,25.45633963,85.1568338
4G,25.77313663,85.13114107
5G,25.55112195,85.28005789
4G,25.57403889,85.14492815
5G,25.44963074,85.15246966
5G,25.74056594,85.04660341
LTE,25.69613803,85.13407222
4G,25.4577091,85.11959946
5G,25.52658062,85.19284198
4G,25.43963482,85.21792923
5G,25.57529745,84.96162759
3G,25.69358631,85.21969068
3G,25.53034818,85.2722703
3G,25.46888357,85.2019884
5G,25.72870199,85.06169728
5G,25.48856502,85.01581676
3G,25.56626713,85.23671831
LTE,25.67972978,85.1945633
3G,25.55544516,85.02873008
5G,25.52957467,85.16838381
3G,25.67308518,85.01977477
5G,25.70192055,85.22969178
4G,25.4605209,85.13406053
LTE,25.5120778,85.16973684
4G,25.46029189,85.16989891
LTE,25.59397823,85.26299729
5G,25.69150114,85.03110051
LTE,25.52134476,85.04727501
3G,25.70643194,85.05049093
5G,25.71542431,85.07890084
LTE,25.45031834,85.10139172
LTE,25.76241538,85.17401583
LTE,25.50503792,85.22367817
3G,25.76662843,85.13352766
3G,25.56430605,85.27158407
LTE,25.47690996,85.20432061
3G,25.77262604,85.14014638
3G,25.51778066,85.12693254
5G,25.70270883,85.07835668
4G,25.53717516,85.08229172
4G,25.74197821,85.23266824
4G,25.68039757,85.29121279
LTE,25.58407051,85.03475965
3G,25.74663444,85.07214421
3G,25.58788871,85.3044073
3G,25.64112623,85.22397292
4G,25.66542459,85.05856977
4G,25.52390249,85.13628915
LTE,25.68503408,85.25112894
5G,25.58704185,85.28097951
LTE,25.65470524,84.98392781
5G,25.46159829,85.17335329
3G,25.44646267,85.0433327
5G,25.63093932,85.07614941
5G,25.52158482,85.21900669
3G,25.48481056,85.17340445
5G,25.67270183,85.05926987
LTE,25.76460848,85.13147936
4G,25.59418833,85.20590807
3G,25.49861915,85.21519731
3G,25.57520037,85.24640402
3G,25.64799331,85.0040483
LTE,25.50627724,85.14333623
3G,25.5398056,85.30526106
4G,25.53809984,85.16964897
LTE,25.70311178,85.23500357
LTE,25.629401,85.12024914
LTE,25.58941508,85.21395643
4G,25.47518581,85.06590667
LTE,25.62914613,85.06846431
3G,25.52772729,85.15724103
3G,25.68571202,85.05328074
4G,25.52678787,85.27342187
5G,25.61805546,85.2227399
LTE,25.68260684,85.23913639
3G,25.69237997,85.13390797
LTE,25.65316713,85.00198291
3G,25.72893317,85.18061315
LTE,25.66243639,84.981885
3G,25.51902951,85.27532697
3G,25.73965412,85.09426163
5G,25.65194037,85.22034305
4G,25.59538007,85.26779096
5G,25.56860936,85.21518057
4G,25.45708953,85.25010916
5G,25.72862314,85.16050366
5G,25.49960975,84.98593143
LTE,25.58857679,85.30557202
4G,25.65623974,85.04370138
3G,25.5138897,85.14144382
3G,25.44006022,85.06673483
LTE,25.50751276,85.28495408
3G,25.49300152,85.21725122
3G,25.62101672,85.10777442
4G,25.6357993,84.97041693
4G,25.67855366,85.06483754
4G,25.46042658,85.23823374
5G,25.61770719,85.07433226
LTE,25.69466105,85.26819062
3G,25.5970965,84.96496579
5G,25.54031753,85.24375575
4G,25.6564365,85.05673548
5G,25.66875506,85.15219261
4G,25.74415641,85.18314561
4G,25.48558712,85.21396802
3G,25.47201761,85.17968741
5G,25.53443,85.10522464
3G,25.5260818,85.12535936
LTE,25.51169038,85.09107468
LTE,25.66791312,84.9823051
4G,25.510196,85.04309911
5G,25.69957005,85.28198999
3G,25.65638962,85.13450398
5G,25.62408399,85.10552107
4G,25.57188263,85.05826524
5G,25.69194668,85.14582183
4G,25.56341435,85.25191142
5G,25.58596305,85.16008684
3G,25.64990832,85.07601448
5G,25.57899314,85.12791429
3G,25.68522623,85.18161408
3G,25.60386474,85.30987828
3G,25.48296543,85.16516219
4G,25.69727236,85.20909364
4G,25.6215533,85.07105067
4G,25.53212744,85.15865237
LTE,25.7498104,85.13324451
4G,25.5289131,85.0734804
5G,25.61233013,85.23384435
LTE,25.64010636,84.99158368
5G,25.76516448,85.09455911
4G,25.68054757,85.0049113
LTE,25.43787015,85.06518402
5G,25.54004553,85.16082952
3G,25.57177742,85.10369913
3G,25.6851997,85.19659288
LTE,25.45755637,85.04178574
4G,25.43951948,85.12649646
LTE,25.62527976,85.2911435
LTE,25.50855132,85.16611974
5G,25.53046279,84.97408565
4G,25.52222555,85.15551937
4G,25.59224779,85.29490652
3G,25.75023341,85.21956434
5G,25.60260601,85.20156549
5G,25.63059871,85.0093292
5G,25.70207282,85.12574409
4G,25.74573423,85.17097228
LTE,25.54760041,85.08062212
LTE,25.65342665,85.13693793
LTE,25.51510544,85.19575552
5G,25.55859796,85.26770902
3G,25.66737375,85.1342802
5G,25.64617013,85.09282478
LTE,25.72127455,85.15200383
4G,25.68553472,85.14406387
5G,25.54809944,85.00668879
3G,25.58024905,85.02796199
4G,25.70621606,85.09443944
4G,25.53912842,84.9945992
5G,25.72549485,85.19113653
LTE,25.51558399,85.11641058
LTE,25.56246215,85.22974895
5G,25.55187852,85.14291293
5G,25.48054267,85.02900483
5G,25.62655388,85.16290516
5G,25.59329973,85.06261352
5G,25.62941567,84.96544229
4G,25.49791101,85.11700858
3G,25.61967431,85.24081789
LTE,25.45665017,85.04936616
5G,25.52399863,85.26847526
4G,25.61505493,85.02640631
5G,25.45364115,85.13042497
4G,25.7560127,85.13119714
LTE,25.63897918,85.1196973
LTE,25.58479648,85.30699061
3G,25.47771577,85.14477556
3G,25.65684473,85.11757404
4G,25.45918763,85.13343574
5G,25.61084693,85.06109038
LTE,25.6436864,85.21842538
3G,25.47762605,85.10513202
5G,25.73453074,85.03031973
4G,25.48692247,85.0329916
3G,25.54261618,85.1715682
3G,25.54025227,84.97023885
3G,25.7520357,85.17901851
5G,25.65894294,85.11306731
3G,25.61157606,85.14480201
LTE,25.66692694,85.17661182
4G,25.64951191,85.30171133
3G,25.53197812,85.02027415
4G,25.62892848,85.06236084
LTE,25.62926846,84.96936695
4G,25.66983589,85.1745308
5G,25.46896215,85.15774846
3G,25.71300621,85.21487067
5G,25.650678,85.14001213
5G,25.73943221,85.05995336
LTE,25.59977627,85.00930656
3G,25.60396295,85.12890781
3G,25.59695085,85.23375887
4G,25.52454714,85.05893144
5G,25.47501832,85.17852931
LTE,25.47329797,85.11735521
4G,25.58035174,85.14221662
LTE,25.4719366,85.02922529
4G,25.62589678,85.1751186
LTE,25.52306893,85.27876768
LTE,25.70532905,85.05543075
3G,25.64021759,85.04426846
4G,25.47166771,85.22260429
4G,25.58451803,85.18278798
4G,25.51438461,85.2772929
5G,25.73821878,85.09741122
4G,25.58958625,84.96485273
LTE,25.487846,85.27714627
4G,25.54296686,85.12346924
3G,25.5323096,85.17057551
4G,25.49323826,85.10063167
4G,25.71975555,85.15520887
5G,25.5832936,85.03581536
LTE,25.47031664,85.19282496
3G,25.49466792,85.28267019
LTE,25.52914545,85.14246897
5G,25.46106151,85.19337482
5G,25.44187444,85.23259604
5G,25.65524953,85.13975576
5G,25.63060773,85.02801292
5G,25.5694276,85.04129392
5G,25.48791826,85.00050157
3G,25.59051018,85.30355926
3G,25.67785973,85.07456766
5G,25.42988432,85.19374606
3G,25.754632,85.11575893
5G,25.66464012,85.16109526
5G,25.55984027,84.96950259
LTE,25.43313641,85.15740451
4G,25.71655662,85.07984107
5G,25.71880026,85.22853987
LTE,25.54079858,85.03629282
4G,25.48674741,85.233235
LTE,25.45901847,85.1819898
5G,25.47753327,85.11278984
5G,25.65630721,85.17468799
4G,25.47608297,85.2294029
5G,25.55113626,85.28526196
LTE,25.51003736,85.01303283
LTE,25.76679242,85.11006375
5G,25.60332835,84.98486162
3G,25.65967127,85.22554604
LTE,25.64217913,85.29824916
3G,25.65670559,85.25789154
LTE,25.58458856,85.09239273
4G,25.48155471,85.20612165
3G,25.5186637,85.11484851
3G,25.61265558,85.00530207
4G,25.46871323,85.21834864
LTE,25.7470477,85.20953081
LTE,25.65808868,85.1511086
4G,25.54267136,85.12039321
5G,25.73010854,85.04109915
4G,25.64581584,85.03836086
5G,25.62822753,85.08315782
LTE,25.56550241,85.19465704
LTE,25.57176389,85.17153358
5G,25.72487563,85.02017005
3G,25.58046601,85.08272292
3G,25.59722308,84.96908022
LTE,25.61074695,85.1900504
4G,25.42134846,85.11877977
LTE,25.52348045,85.26225601
5G,25.71656025,85.067992
3G,25.54198568,85.20294227
4G,25.73717733,85.19558138
4G,25.70091296,85.06412416
4G,25.73500943,85.1317748
3G,25.65119027,85.271765
LTE,25.6218038,85.04308926
5G,25.59195153,85.24031874
LTE,25.54913939,85.04791292
LTE,25.53463897,85.05565562
4G,25.65202121,84.9881575
4G,25.64783274,85.24663369
LTE,25.51640889,85.18642598
3G,25.68989284,85.00328447
LTE,25.59641962,85.11610091
LTE,25.69021293,85.0076466
3G,25.54074496,85.28220134
LTE,25.53766723,85.21657164
4G,25.66152183,85.15614737
LTE,25.50179441,85.07323331
LTE,25.44916515,85.05557934
5G,25.74662576,85.07073471
5G,25.52999505,85.26503859
4G,25.62709123,85.27043063
LTE,25.60167371,85.02031193
5G,25.49724865,85.03237404
4G,25.5896266,85.1220918
3G,25.6963701,85.03045268
LTE,25.4792629,85.18624638
LTE,25.5146976,84.98772232
4G,25.64535674,85.2409738
4G,25.50117329,85.20182003
4G,25.65403217,85.0188417
LTE,25.5851847,85.016637
4G,25.45953204,85.25621579
3G,25.54044,85.13919918
5G,25.70064227,85.07145136
3G,25.45400045,85.24285155
4G,25.50006461,85.14375717
LTE,25.56655089,85.29565813
5G,25.5502124,85.21245082
3G,25.5084783,85.21381836
5G,25.55566362,85.20947681
5G,25.724344,85.07257034
3G,25.61948025,85.1371488
5G,25.53581129,85.15492885
3G,25.64564755,85.23621565
3G,25.59818324,85.27090165
LTE,25.62439857,85.1205533
4G,25.61517985,85.11676585
LTE,25.68703225,85.21710877
LTE,25.45086268,85.22632535
3G,25.73311642,85.12753739
LTE,25.6852891,85.17088433
5G,25.61004629,85.1889202
4G,25.55828837,84.9980104
4G,25.62018982,85.17335966
5G,25.51099982,85.0415517
5G,25.45358754,85.24199982
3G,25.63451414,85.1594852
4G,25.56216667,85.14035014
4G,25.42680705,85.08403405
LTE,25.72691172,85.18124371
4G,25.48091375,85.05309502
LTE,25.51855228,84.97806572
5G,25.68212588,85.08418261
3G,25.59545277,85.05081833
4G,25.60599673,85.25303248
5G,25.7481687,85.16556958
5G,25.6634939,85.11063825
4G,25.51929463,85.2295543
4G,25.46750359,85.23495011
3G,25.4957126,85.28689108
5G,25.4658203,85.25519796
LTE,25.65637134,85.00363717
LTE,25.48651725,85.21879686
LTE,25.72566586,85.17959993
LTE,25.54174768,85.13058407
4G,25.54916317,85.27072739
3G,25.72733708,85.03859072
5G,25.53236704,85.21823074
4G,25.46689015,85.21573307
4G,25.42974986,85.12649993
3G,25.57731837,85.11478386
4G,25.43352087,85.1294331
3G,25.51434046,85.00939388
3G,25.48033462,85.01388345
5G,25.53229386,85.15266399
4G,25.64194503,84.98547601
3G,25.69842554,85.13532022
3G,25.71691175,85.12825163
3G,25.6361509,85.09674181
3G,25.50563104,85.08524351
LTE,25.53408702,85.07899565
3G,25.65682733,85.28652909
4G,25.5309258,85.14897682
LTE,25.71731981,85.0077306
LTE,25.69421381,85.23751869
5G,25.66806615,85.06552505
LTE,25.52621614,85.01480371
4G,25.65173233,85.03320213
LTE,25.4862048,85.16573852
4G,25.4902789,85.23947549
4G,25.45932175,85.04984294
LTE,25.4895959,85.05794065
3G,25.69531951,85.22854893
5G,25.66028573,85.13451503
LTE,25.76334857,85.08007029
LTE,25.4800245,85.22088115
4G,25.53187137,85.27253972
3G,25.75710796,85.1393339
LTE,25.44416146,85.19742611
4G,25.56951624,84.97195997
4G,25.48301522,85.12914398
4G,25.47943786,85.00010772
3G,25.69988275,85.15367506
3G,25.58516698,85.23581922
LTE,25.65436838,85.29267786
3G,25.68575694,85.24487447
LTE,25.6122628,85.28537256
5G,25.53815116,85.16489984
LTE,25.67639931,85.1232993
4G,25.68602629,85.28133523
3G,25.44584642,85.15004637
3G,25.70369381,85.18149805
3G,25.5896705,85.15233314
5G,25.69436149,85.26417115
4G,25.42363611,85.16294641
3G,25.58677449,85.28017927
5G,25.53155537,84.98148029
5G,25.75408966,85.06201883
5G,25.52970392,85.17468108
4G,25.48858031,85.13612832
4G,25.44323321,85.13039434
5G,25.5147319,85.23518078
5G,25.52904344,85.04463982
3G,25.56591306,85.18146216
3G,25.69513138,85.1931257
3G,25.67509391,85.29347006
4G,25.70057316,85.13436898
5G,25.54385276,84.98013937
LTE,25.63122933,85.10211853
LTE,25.56753785,85.2154608
4G,25.65016473,85.27369834
4G,25.57093359,85.25105766
LTE,25.49913494,85.0954095
4G,25.5132489,85.13792292
5G,25.68783095,85.00202854
5G,25.48257882,85.18996077
4G,25.48955875,85.26298201
4G,25.67515045,85.01556848
5G,25.58225272,85.09245692
4G,25.73259928,85.12103022
LTE,25.5916203,85.09173884
4G,25.57171971,85.0274969
4G,25.64688112,85.19342857
3G,25.56677851,84.96826324
LTE,25.54257007,85.12519247
5G,25.51105183,85.1257405
4G,25.5636448,85.12551613
5G,25.76474264,85.18198119
3G,25.59615087,84.96148395
5G,25.64020964,85.26876573
4G,25.68720703,85.16181641
3G,25.52370299,85.20588846
LTE,25.49486555,85.02057347
3G,25.73732881,85.23573372
4G,25.68343445,85.02655671
LTE,25.56206785,85.12556131
4G,25.67180372,85.05140088
LTE,25.62710393,85.08641514
LTE,25.57903003,85.17774037
LTE,25.58843989,85.28018208
4G,25.67318671,85.28469252
5G,25.68359044,85.05807835
4G,25.58785177,85.02981109
3G,25.62820301,85.09664129
3G,25.43065357,85.06996724
4G,25.61874949,85.25465777
LTE,25.49741132,85.138682
3G,25.46587719,85.2543973
LTE,25.69322589,85.25883425
3G,25.7247787,85.19256231
4G,25.45568683,85.03675519
4G,25.64250303,85.02358914
LTE,25.50358129,85.01475771
4G,25.65750198,85.08842735
4G,25.64550099,85.20225775
4G,25.53176914,85.0729012
LTE,25.66600038,85.13019664
LTE,25.62469354,85.2913397
LTE,25.54496827,84.98304495
3G,25.67011483,85.02259573
4G,25.66378796,84.99564329
4G,25.65054231,84.99089473
4G,25.49922185,85.11169713
3G,25.67250935,85.05054118
3G,25.71342874,85.18560785
4G,25.50588681,85.22865575
3G,25.6319298,85.27849363
4G,25.60268544,85.22687987
5G,25.56836296,85.1092138
LTE,25.50160101,85.02478493
4G,25.73842266,85.04012948
LTE,25.64196707,85.27850134
5G,25.70374762,85.02354992
5G,25.70286612,85.01474408
3G,25.44438997,85.11158641
3G,25.58383268,85.21414911
LTE,25.65571849,85.26118729
5G,25.62141146,85.04227816
4G,25.712492,85.00731332
LTE,25.46425246,85.02139497
LTE,25.75104954,85.14585099
3G,25.4585838,85.20359004
4G,25.60905756,85.20043809
4G,25.55656802,85.12725585
4G,25.60199622,85.21782422
3G,25.70320041,85.26049941
4G,25.58994224,85.03127866
3G,25.44392931,85.1671068
5G,25.66854833,85.04418116
5G,25.50951041,85.11939065
3G,25.53127375,85.14831477
4G,25.59274418,85.15232785
4G,25.67374429,85.12600933
LTE,25.59952055,85.28657736
3G,25.51187899,85.19401857
LTE,25.42608286,85.1343017
LTE,25.74300511,85.07445797
3G,25.56182356,85.22312537
LTE,25.59151997,85.02744593
4G,25.58379975,85.03929238
5G,25.61110129,85.20156853
4G,25.42463841,85.11980909
4G,25.63844214,85.23559266
LTE,25.53909534,85.09169807
LTE,25.55211145,85.08316119
3G,25.55337361,85.10495407
5G,25.58703401,85.12255675
3G,25.70970861,85.2004467
5G,25.46462425,85.1525631
5G,25.62136974,85.21567868
3G,25.45865458,85.06091562
LTE,25.54266552,85.1075068
5G,25.65817191,85.06348125
5G,25.50261053,85.0623013
3G,25.54002197,85.14179312
5G,25.59225131,85.11999394
3G,25.59065971,84.99571861
4G,25.43502854,85.17491731
3G,25.64080459,85.11323552
4G,25.59381885,85.04607219
4G,25.53632219,84.98680195
4G,25.668678,85.11676269
5G,25.54729006,85.07690697
5G,25.51836513,85.02387905
LTE,25.51634772,85.19588881
4G,25.68684235,85.11219279
4G,25.66534766,85.28225231
3G,25.49784779,85.07067399
4G,25.7281749,85.06448278
3G,25.62454246,85.14384928
4G,25.58477869,85.07614546
5G,25.587226,85.11412195
5G,25.68628557,85.26543496
3G,25.48336904,85.08771785
4G,25.72815058,85.0414367
4G,25.53240744,85.02600732
4G,25.51135873,85.16862523
3G,25.71643398,85.04371124
4G,25.50118847,85.12863672
LTE,25.61860458,85.07080878
3G,25.46760025,85.11621695
3G,25.70466436,85.08446197
3G,25.75052344,85.13036663
3G,25.60944882,85.09158274
3G,25.46637924,85.11559869
4G,25.61251301,85.24061463
5G,25.58376211,85.10468561
5G,25.72461242,85.20089896
4G,25.55405114,84.97766805
4G,25.46537785,85.19807814
5G,25.54256638,85.10356851
5G,25.73317328,85.19589873
4G,25.57734048,85.11864429
4G,25.71902775,85.14376186
3G,25.48532011,85.09096714
5G,25.65019967,85.11503759
3G,25.73492536,85.15596065
3G,25.66158037,85.01401142
3G,25.51344914,85.25903844
LTE,25.697003,85.16709258
LTE,25.65637313,85.20049637
5G,25.62173762,85.05157843
3G,25.60034241,85.04363884
LTE,25.55280587,85.24979823
LTE,25.74783364,85.19992437
3G,25.70440463,85.11619775
3G,25.54039994,85.02204114
5G,25.72160898,85.07182406
3G,25.45651971,85.24108125
5G,25.69058569,85.00273715
3G,25.62764492,85.29539265
5G,25.46331856,85.16216312
4G,25.7081492,85.22347172
4G,25.69476628,85.2318728
3G,25.73087105,85.24452806
LTE,25.48155728,85.18923979
3G,25.60004094,85.27644355
4G,25.50984397,85.19176333
5G,25.51703243,85.17884794
4G,25.58667941,85.23685143
LTE,25.65471452,85.23231134
4G,25.56988443,85.19505607
4G,25.74706983,85.11430366
4G,25.72821628,85.18017036
5G,25.56985817,85.0245157
3G,25.59814924,85.03698683
LTE,25.70214051,85.14157282
LTE,25.71443416,85.2394678
LTE,25.46477747,85.0567186
LTE,25.53809084,84.997132
3G,25.45558095,85.06521122
3G,25.61523044,85.19996468
LTE,25.62751495,84.9674336
3G,25.67821425,85.14666314
5G,25.56888158,85.2355123
3G,25.734648,85.11210653
4G,25.64562786,85.24522548
4G,25.66958484,85.09632836
4G,25.62085949,85.15438648
3G,25.58190083,85.29791022
5G,25.58796412,84.96715554
5G,25.47878378,85.13765073
3G,25.46077778,85.05539316
LTE,25.57696421,85.19756106
LTE,25.66949131,85.23030504
4G,25.54325159,85.19619807
4G,25.58047777,85.31117458
4G,25.74656171,85.14708066
3G,25.73399184,85.21559715
5G,25.52767349,85.26356634
LTE,25.45534801,85.23502472
3G,25.68713727,85.14380953
3G,25.62320408,85.07975452
3G,25.67173385,85.00190394
3G,25.47917763,85.09826409
LTE,25.70601064,85.13709406
4G,25.71059101,85.12257259
5G,25.57185407,85.12368478
5G,25.52506548,85.13773155
4G,25.66656162,85.12727821
4G,25.49619375,85.11234087
4G,25.61565683,85.13806161
5G,25.56052505,85.28876319
5G,25.57616892,85.04294125
3G,25.64804179,85.22137846
3G,25.54452688,85.28333119
4G,25.49682148,85.12635561
5G,25.49426211,85.21438717
4G,25.54331667,85.29536574
LTE,25.60329827,85.30071559
3G,25.61771202,84.9864192
LTE,25.61256619,85.09806799
LTE,25.57264644,85.0712725
LTE,25.57668771,85.12378428
LTE,25.43212262,85.16353682
4G,25.49050598,85.02139757
4G,25.52676819,85.00292164
3G,25.61791814,85.07511677
3G,25.68263438,85.24713519
3G,25.73169573,85.13721101
4G,25.59344122,84.9620763
4G,25.71464788,85.04954233
LTE,25.6158254,85.1045502
3G,25.45084793,85.22729685
4G,25.58965114,85.14759385
4G,25.7394275,85.06994822
4G,25.73955536,85.10781366
3G,25.47400188,85.14349315
5G,25.51604688,85.22604013
3G,25.5778017,85.0048836
4G,25.43150694,85.097468
4G,25.63455105,85.13664884
3G,25.59582612,84.96538155
4G,25.59810942,85.13594229
LTE,25.51955461,84.99176983
5G,25.71548923,85.01693954
4G,25.69533972,84.99641488
5G,25.49474335,85.00539133
4G,25.5980985,85.09248323
LTE,25.56785261,85.20336519
LTE,25.58342631,85.0114633
5G,25.52881926,85.08768304
5G,25.55875645,85.23524296
3G,25.68493816,85.19910842
5G,25.500041,85.00206628
LTE,25.56184546,85.26755111
5G,25.61722694,85.09460977
5G,25.76167337,85.09727394
3G,25.4700023,85.19375554
5G,25.54449577,84.96716084
3G,25.61509716,84.99630828
LTE,25.56515407,84.98320386
5G,25.47739903,85.17468035
LTE,25.58250802,84.98699239
4G,25.48617817,84.9960621
5G,25.43447632,85.08415635
4G,25.49833111,85.13600961
5G,25.7557957,85.09945442
5G,25.5883626,84.97411918
LTE,25.65667322,85.0496287
LTE,25.47744737,85.15728004
3G,25.71367171,85.01586988
LTE,25.55297024,85.00448947
3G,25.6715129,85.14530455
3G,25.47457359,85.1872652
4G,25.52268849,85.26132181
5G,25.46781949,85.05877361
3G,25.45341794,85.04400943
LTE,25.64515551,85.11478224
3G,25.51111643,85.28500915
LTE,25.50907868,85.03385062
5G,25.51503321,85.04295786
4G,25.50166844,85.06923466
4G,25.64693282,85.09494808
3G,25.52574515,85.26364455
LTE,25.4399308,85.17214752
5G,25.42230598,85.11872065
3G,25.75575398,85.17367942
5G,25.58137325,85.04645216
5G,25.59833524,85.2926858
4G,25.49361721,85.19925813
5G,25.57803469,85.27365636
5G,25.61459781,85.21579274
LTE,25.48418633,85.26177392
4G,25.50361869,85.28909858
LTE,25.53492545,85.30263461
3G,25.75626683,85.11339158
4G,25.64450274,85.14445835
4G,25.57629993,85.28375178
5G,25.49121997,85.18310781
4G,25.6549201,85.09905603
4G,25.51001616,85.15844858
5G,25.46480864,85.16016038
5G,25.43983925,85.05772434
3G,25.42269173,85.15698132
5G,25.63767456,85.21600322
LTE,25.70741082,85.24561762
LTE,25.6201829,85.07021353
5G,25.56668413,85.05431944
5G,25.47367506,85.06504679
LTE,25.52274379,85.25840352
5G,25.67711303,85.25055775
4G,25.58974471,85.17462242
LTE,25.50772362,85.19784032
4G,25.65787888,85.29900738
4G,25.6789897,85.10671036
3G,25.44159692,85.1957827
5G,25.53014531,85.02880222
4G,25.56012788,84.98364208
LTE,25.67385959,85.0710094
4G,25.57302742,85.03622783
5G,25.53800896,85.16042496
5G,25.62124331,85.29536507
4G,25.67829234,85.10979284
4G,25.57891737,85.02017527
3G,25.57393758,85.24568711
4G,25.50565738,85.18677306
3G,25.58927261,85.25080617
3G,25.66277161,85.06555391
LTE,25.41860568,85.10457515
5G,25.58860326,85.14619071
5G,25.53678716,85.10165022
LTE,25.62425019,85.10977641
4G,25.61489656,85.06586003
LTE,25.61492243,85.14708688
3G,25.42739725,85.07607963
4G,25.68325912,85.1146998
4G,25.49582775,85.26170106
LTE,25.5751879,85.19742548
5G,25.45497569,85.16395993
LTE,25.59997196,85.1338562
3G,25.52187702,85.10387177
5G,25.56736896,85.0729646
5G,25.52014971,85.25852736
LTE,25.64268179,85.27050474
LTE,25.74510054,85.07238723
3G,25.55728393,85.21376884
LTE,25.57785184,85.12073297
5G,25.58900172,85.13957113
LTE,25.42739266,85.19102331
3G,25.51528376,85.04256328
3G,25.4593308,85.03535771
4G,25.54223139,85.1142251
4G,25.57100726,84.96947737
4G,25.5216855,85.07181234
4G,25.46683046,85.06749368
3G,25.67088187,85.25013695
LTE,25.4498957,85.14544106
4G,25.54738571,85.22021996
LTE,25.46002377,85.12210415
5G,25.53757595,84.97760882
3G,25.48873541,85.1877776
4G,25.65040163,85.29439101
4G,25.52614034,85.28730996
4G,25.61144518,85.25767652
4G,25.54400976,84.97443051
5G,25.52498857,85.09175669
3G,25.72168522,85.23507154
3G,25.61188706,85.05000265
5G,25.73982991,85.10348784
5G,25.63581072,85.23689369
3G,25.41718214,85.12960838
4G,25.50005872,85.22717201
LTE,25.71239256,85.0225731
LTE,25.44901698,85.08915924
5G,25.66432387,85.04625317
5G,25.65631712,85.25016218
LTE,25.69311483,84.99070851
4G,25.45181449,85.18538648
5G,25.67015484,85.12955255
LTE,25.63637945,85.2522308
LTE,25.75914809,85.12107651
4G,25.57756725,85.09785435
LTE,25.6498495,85.0156981
3G,25.61653486,85.30372671
4G,25.5131889,85.03623457
4G,25.4351373,85.08129632
4G,25.50760133,85.03069327
3G,25.58352191,85.21030036
3G,25.65407869,84.97084016
3G,25.62059909,85.12235219
3G,25.75145996,85.12464223
4G,25.68308102,85.13678125
5G,25.55041277,85.01415492
LTE,25.56860704,85.1369029
LTE,25.54676581,84.98379599
LTE,25.5419727,85.27531196
4G,25.69792187,85.14032209
5G,25.53376963,85.16686477
4G,25.6442084,85.2594922
LTE,25.46799177,85.21230133
5G,25.56275024,85.23374305
4G,25.56225333,85.01766843
5G,25.73571867,85.2320179
4G,25.55690759,85.04951008
LTE,25.50545573,85.20446844
4G,25.57112154,85.19318152
4G,25.5441426,85.15690757
3G,25.63161031,84.9882001
5G,25.66219763,85.0510319
5G,25.72347857,85.22642986
5G,25.70290251,85.26878104
LTE,25.61525543,85.07823565
LTE,25.67934365,85.1289007
3G,25.47371427,85.21602894
5G,25.48221299,85.16312589
4G,25.59169749,85.11995697
4G,25.47724218,85.27178948
4G,25.59989365,85.25169761
LTE,25.63012967,85.09978818
4G,25.48075396,85.21834401
5G,25.67402155,85.00546061
4G,25.64563674,84.97749318
5G,25.54495534,85.18817101
4G,25.59239841,85.10545668
4G,25.58733281,85.09067423
LTE,25.68031334,84.99098038
5G,25.44631402,85.21585947
LTE,25.48858035,85.15377208
LTE,25.70489063,85.14147581
3G,25.69507434,85.1381156
4G,25.56122305,85.16239799
4G,25.58407877,85.08845283
LTE,25.58003256,85.15579976
5G,25.69910965,85.26607851
3G,25.59868613,84.97750061
5G,25.49136227,85.21417223
5G,25.52977268,85.22972165
4G,25.43018974,85.16103611
3G,25.58300453,84.96075503
3G,25.51357491,85.00096962
5G,25.5913262,85.26402247
5G,25.4853571,85.00458004
3G,25.62560584,85.23735426
3G,25.5133291,85.1207374
5G,25.59105012,85.09176228
LTE,25.47338647,85.03818964
4G,25.75327794,85.19271394
3G,25.64768977,85.22621201
5G,25.47930001,85.07738439
LTE,25.6920302,85.14780898
3G,25.42557905,85.19966591
4G,25.62898588,85.03105903
4G,25.42004024,85.15334226
LTE,25.6432566,85.20145023
3G,25.75024734,85.15962407
3G,25.66677382,85.27483199
5G,25.70288693,85.07138146
LTE,25.69683851,85.22180274
4G,25.64420877,85.03021645
4G,25.55719993,85.10055454
5G,25.60333828,84.99050742
3G,25.63722161,85.19345588
3G,25.67861873,85.18793488
4G,25.76379495,85.16611792
4G,25.64789541,85.08776046
5G,25.63782743,85.30173285
3G,25.63445306,85.16736678
LTE,25.51916376,85.12737366
3G,25.70165171,85.0096707
5G,25.72057301,85.08534367
5G,25.59703992,85.27731611
5G,25.45379574,85.07334495
5G,25.68978773,85.09567701
LTE,25.57990384,85.21462895
LTE,25.50102524,85.23466464
LTE,25.61338657,85.18303478
3G,25.51757068,85.01682812
5G,25.71193896,85.26095617
4G,25.42894916,85.10279807
LTE,25.57873986,85.15873747
LTE,25.61687734,85.09568157
5G,25.42560731,85.1067556
LTE,25.62178906,84.99021769
3G,25.69849189,85.22111544
4G,25.60472304,85.2646482
LTE,25.7202956,85.12671276
5G,25.73015336,85.22256668
3G,25.75094988,85.20410654
5G,25.58350722,85.00815414
5G,25.67001534,85.22125835
3G,25.61023173,84.99311748
3G,25.55488645,85.2129069
LTE,25.62096522,85.03004247
3G,25.71001581,85.24708169
5G,25.67650586,85.01551777
3G,25.64777275,85.07032778
3G,25.58684946,85.01635426
5G,25.52013061,85.23698222
LTE,25.46587074,85.081383
5G,25.69984523,85.14929657
LTE,25.62968209,85.00417214
4G,25.58765585,85.173182
3G,25.47233651,85.14278796
LTE,25.51378148,85.03044179
4G,25.60110053,85.01041191
5G,25.66961506,85.25853973
3G,25.59835963,85.00961341
LTE,25.62270509,85.29451977
LTE,25.53425094,85.26600912
4G,25.55767371,85.19183498
3G,25.73912963,85.22698855
3G,25.57023698,85.25558429
5G,25.63054892,85.01309904
5G,25.57344472,84.97466642
5G,25.53537713,85.19939202
5G,25.59370047,85.29180031
3G,25.63368575,85.05476538
3G,25.49593916,85.036492
LTE,25.49481236,85.02620066
3G,25.5819056,85.20079527
4G,25.73835387,85.18331397
5G,25.65574749,85.3017762
3G,25.42022425,85.14261166
3G,25.61232599,85.22608448
3G,25.49275412,85.26643768
4G,25.76087924,85.18896093
3G,25.63470007,85.11433199
3G,25.72425943,85.23791261
5G,25.51970347,85.15237305
3G,25.57021558,85.0259293
5G,25.72123698,85.01424124
LTE,25.69047869,85.12214575
5G,25.46834123,85.02779374
LTE,25.55898624,85.20980128
4G,25.47635766,85.26512962
3G,25.75941262,85.123341
4G,25.5487858,85.06033487
LTE,25.64738851,85.30537534
4G,25.59587821,84.96035746
3G,25.44909382,85.21285944
3G,25.52736581,85.21507183
5G,25.62534312,85.14251085
5G,25.56438528,85.06926402
5G,25.51870305,85.13187291
5G,25.49344054,85.14683624
LTE,25.45868061,85.24281506
5G,25.5599519,85.00987091
LTE,25.62662555,85.17350467
3G,25.45784143,85.19136812
3G,25.66829955,85.10221251
4G,25.54429779,85.29326021
4G,25.68917955,85.0676099
5G,25.56906369,85.08317639
3G,25.43908662,85.09247782
3G,25.50713655,85.27888871
3G,25.57611994,85.03351036
3G,25.52794741,85.14285213
5G,25.61471348,85.05054196
4G,25.4260959,85.19168021
4G,25.51310873,85.05354522
3G,25.55366508,84.96413162
LTE,25.54804255,85.11273021
4G,25.70605116,85.15129778
4G,25.51905281,85.19910859
4G,25.60812249,85.17406018
LTE,25.64601636,85.28635151
4G,25.48888128,85.13651078
LTE,25.70739895,85.03846908
4G,25.72488624,85.16605358
4G,25.52547034,85.0369894
4G,25.59354545,85.19015546
LTE,25.66991525,85.24537339
5G,25.50677064,85.09421881
4G,25.50877924,85.1030921
5G,25.66356846,84.99951739
3G,25.51709929,85.28918011
3G,25.60565357,85.28412298
3G,25.58837247,85.30090427
4G,25.60980522,85.25877284
LTE,25.70589678,85.02720099
LTE,25.5282547,85.13770924
4G,25.69937331,85.25863017
4G,25.59730119,85.05908397
3G,25.75679961,85.07824531
LTE,25.71082649,85.12186848
LTE,25.73188341,85.23991978
LTE,25.5616435,85.16060103
5G,25.70053942,85.27561238
5G,25.50761983,85.27821068
LTE,25.61487686,85.17765627
3G,25.58501976,85.27110741
4G,25.4651231,85.19661319
3G,25.63119321,85.02525726
5G,25.6137717,85.24876756
4G,25.64759367,85.06890825
5G,25.59797165,85.28664784
3G,25.61031693,85.13628698
3G,25.67319142,85.09957204
5G,25.61366743,84.96238692
4G,25.69922331,85.15323622
4G,25.54501739,85.20200816
3G,25.43465934,85.09629634
5G,25.6615231,85.18063481
3G,25.53111438,85.16015167
4G,25.76927499,85.13095953
3G,25.66823496,85.17067273
LTE,25.70262957,85.19600588
4G,25.73041243,85.0460235
5G,25.76428894,85.09952554
LTE,25.44647242,85.16847982
3G,25.63989582,85.1802912
5G,25.56039969,84.99325409
LTE,25.59895164,85.06738624
4G,25.62707722,84.96848254
5G,25.54236532,85.2724235
4G,25.43638852,85.21666217
5G,25.67602884,85.0836656
LTE,25.56305212,85.16016954
4G,25.72360685,85.23157385
LTE,25.64636203,85.16112889
4G,25.41533832,85.14513122
LTE,25.65124996,85.01273873
3G,25.46152031,85.07989692
5G,25.59558292,85.15128844
5G,25.51811152,85.26781771
3G,25.52280865,85.03496359
3G,25.73664268,85.22360501
5G,25.52888988,85.18023643
LTE,25.61355951,85.04661384
3G,25.5617919,85.10300337
LTE,25.47279505,85.0510038
3G,25.51815857,85.01952305
LTE,25.43133692,85.16613403
LTE,25.73932305,85.12199476
4G,25.4765902,85.22041064
LTE,25.65418409,85.19803083
3G,25.42556801,85.17653188
4G,25.53416133,85.22164449
3G,25.70688177,85.21604051
5G,25.61066853,85.03650557
3G,25.66957864,85.06053275
4G,25.6057903,85.12330531
5G,25.63827096,84.99608444
LTE,25.42294994,85.08987508
4G,25.75352743,85.17956387
LTE,25.72384393,85.14811164
4G,25.75800962,85.09148549
4G,25.49438132,85.13954986
LTE,25.49276844,85.139704
4G,25.65434177,85.02470999
5G,25.5844317,85.05064815
4G,25.53534155,85.04459291
3G,25.59679934,85.17000562
3G,25.60826868,85.13441847
3G,25.63277352,85.07054218
4G,25.62242082,84.99673609
3G,25.67007573,85.09456661
5G,25.71314283,85.26025897
5G,25.55629817,84.97243525
5G,25.57880068,85.26475594
5G,25.54397976,85.30410725
4G,25.53327347,84.9757271
4G,25.72710573,85.16639756
4G,25.67820365,85.15337788
LTE,25.47419531,85.12542339
3G,25.71982619,85.04995583
LTE,25.52583294,85.08352589
3G,25.56778429,85.02102864
LTE,25.69463948,85.09124009
5G,25.6214912,85.19931612
4G,25.47943146,85.06471971
4G,25.52924571,85.29120344
4G,25.52855822,85.05061747
5G,25.48094829,85.11952448
5G,25.61492345,85.28047055
5G,25.69702276,85.15885296
3G,25.51684143,85.02447003
LTE,25.71778505,85.05763001
5G,25.52418018,85.15421463
5G,25.69888961,85.18159625
3G,25.56646043,84.97644561
5G,25.5074416,85.27960335
LTE,25.75769418,85.14775411
5G,25.6238379,85.23226929
4G,25.74598176,85.14105965
LTE,25.46636597,85.13821992
3G,25.57948925,85.0080533
LTE,25.52785953,85.24742815
3G,25.48900664,85.1725937
3G,25.63881254,85.26869642
3G,25.73550969,85.08842288
5G,25.48930366,85.25966328
5G,25.58744001,85.16399095
3G,25.45152077,85.22542786
LTE,25.68542528,85.09280231
5G,25.66167664,85.16295662
4G,25.58511775,85.12151947
LTE,25.44196503,85.14293509
LTE,25.56439253,85.27691737
3G,25.61186824,85.14677616
LTE,25.51641823,85.1265573
3G,25.7148325,85.05885325
4G,25.72954095,85.08670271
LTE,25.47292571,85.16524115
5G,25.54621855,85.19620948
3G,25.55144957,85.0547335
5G,25.60101199,85.15411664
3G,25.72538375,85.12285937
5G,25.74996176,85.09017091
5G,25.4724705,85.21060249
5G,25.68547003,85.25917485
3G,25.60377747,85.28769014
4G,25.56571649,85.30514373
LTE,25.62483529,85.04738898
3G,25.53822917,85.03497696
5G,25.57534036,85.08622479
LTE,25.62157012,85.06763362
4G,25.61380736,85.02439539
3G,25.66458051,85.038816
3G,25.50184648,85.10515927
LTE,25.70456498,85.01910548
3G,25.76883081,85.1629194
LTE,25.47651779,85.21084137
4G,25.48442943,85.25445207
5G,25.72758555,85.21991662
3G,25.5398244,85.15826263
3G,25.60099841,85.05563441
4G,25.55594641,85.00184541
5G,25.65172954,85.2903
4G,25.53478233,85.17945321
4G,25.57555313,85.29644152
4G,25.59753259,85.11754711
3G,25.51555593,85.10874643
5G,25.598063,85.09112049
3G,25.63550653,85.17067199
5G,25.52583292,85.0059858
3G,25.566608,85.12285662
5G,25.51943097,85.00989855
LTE,25.72042066,85.15393679
5G,25.76760164,85.14738105
LTE,25.51716416,85.05485172
LTE,25.56156532,85.12260808
LTE,25.50881536,85.24418212
3G,25.72957777,85.1635213
LTE,25.72656997,85.15989331
3G,25.57246272,84.98919886
4G,25.74171346,85.20744835
3G,25.61006979,85.29821943
3G,25.50155832,85.09974932
LTE,25.52454658,85.14131447
3G,25.56023418,85.07712333
4G,25.69573684,85.16629287
3G,25.74944606,85.22082874
5G,25.49534656,85.06235779
5G,25.58016343,85.15762043
5G,25.47852867,85.04364116
3G,25.4902124,85.19703666
5G,25.73293492,85.23249813
3G,25.55237734,85.16347166
3G,25.44980577,85.09170054
3G,25.69658823,85.25075266
5G,25.58765608,85.0308829
5G,25.69767399,84.99739651
4G,25.53788776,85.14316954
5G,25.69581756,85.24706915
5G,25.71016205,85.16514766
5G,25.53973892,85.30604326
LTE,25.44205655,85.1651076
LTE,25.7138289,85.25041374
LTE,25.61770024,85.27012976
3G,25.65931764,85.29435166
5G,25.41767938,85.16247914
3G,25.70277166,85.27464169
LTE,25.67314555,85.05855656
4G,25.57457627,85.13873649
4G,25.43261768,85.2061958
4G,25.52592583,85.25271606
3G,25.57950179,85.19526794
3G,25.60276196,85.29814067
3G,25.62087572,84.98877994
LTE,25.44906041,85.14809259
LTE,25.52156383,85.15591433
3G,25.51593139,85.18606502
LTE,25.64777115,85.09552031
3G,25.58612446,85.13565185
5G,25.620285,85.23820916
5G,25.54377802,85.0124626
3G,25.53228729,85.03406551
5G,25.41978023,85.13325413
5G,25.455996,85.05010905
3G,25.7343723,85.07472506
5G,25.57552637,85.10678448
5G,25.74606984,85.044986
3G,25.70168129,85.07020933
3G,25.55066655,85.26857531
LTE,25.52229868,84.98511612
4G,25.54902795,85.15495341
LTE,25.47146585,85.23950013
LTE,25.63206191,84.9906119
LTE,25.5090835,85.17909441
LTE,25.625649,85.07701724
3G,25.67148252,85.03232756
4G,25.51086463,85.26567999
5G,25.5581598,84.96200388
LTE,25.63146589,85.23141361
5G,25.67022748,85.10904504
3G,25.62729887,85.24423625
3G,25.65768852,85.11703121
4G,25.67954917,85.10269404
5G,25.59519282,85.29442506
3G,25.46572757,85.06600685
4G,25.50042212,84.98967488
5G,25.75343794,85.107392
4G,25.58225755,85.15059781
5G,25.76011538,85.12772074
4G,25.653509,85.20094178
LTE,25.69671808,85.25971634
LTE,25.56926536,85.04691625
4G,25.67384256,85.27091099
5G,25.43672604,85.07829434
3G,25.6520346,84.98222891
5G,25.54587171,85.2398565
LTE,25.55690016,85.0495604
LTE,25.63691065,85.05824868
5G,25.60580481,85.26381482
LTE,25.6536615,84.97677527
3G,25.62146359,85.04651544
4G,25.60621295,85.15993885
LTE,25.57748534,85.24282517
LTE,25.60977759,85.15550446
LTE,25.52798162,85.13652446
LTE,25.59950985,85.27688881
4G,25.60261597,85.03843283
5G,25.57814672,85.30724581
3G,25.61591372,85.17599909
5G,25.64746157,84.9762614
3G,25.62720536,85.02549442
5G,25.63509518,85.25220355
3G,25.70477419,85.04242031
5G,25.53853607,85.28587807
5G,25.63239437,85.24127128
5G,25.50587055,84.99364422
4G,25.48854837,85.10658658
LTE,25.46540984,85.16627537
5G,25.75495354,85.07394548
3G,25.71830201,85.09734092
5G,25.5968951,85.02126788
5G,25.53687309,85.12489638
4G,25.45217561,85.19136437
5G,25.61281606,85.18801429
5G,25.42551721,85.13163149
LTE,25.57296261,85.1888103
4G,25.44564298,85.07157464
3G,25.64878337,85.00689046
LTE,25.4538192,85.12604799
LTE,25.44687905,85.20835056
4G,25.47861727,85.10351343
4G,25.70049385,85.16876869
4G,25.66731827,85.17785241
4G,25.54127902,85.07157941
3G,25.62823094,85.09467436
4G,25.66742979,85.157985
5G,25.51270056,85.19724369
LTE,25.46915937,85.18016669
LTE,25.42430821,85.0831251
LTE,25.7157772,85.08058367
5G,25.65075656,85.06246659
3G,25.70087787,85.04406215
3G,25.75571661,85.10595176
5G,25.59178612,85.01498382
3G,25.49957539,85.07210806
5G,25.45021238,85.06149031
3G,25.4522634,85.17031713
LTE,25.6691552,85.14157986
4G,25.54093669,85.07600286
5G,25.61170503,85.21559269
5G,25.47350133,85.16075061
LTE,25.51119272,85.17196896
5G,25.42709781,85.12399447
3G,25.64025364,85.12438317
4G,25.69862444,85.13374324
3G,25.47439775,85.09527459
5G,25.71755144,85.12558995
4G,25.47042822,85.03236146
3G,25.55769995,85.08294025
4G,25.65652737,85.1120282
3G,25.7389612,85.22987308
4G,25.49929334,85.15643985
5G,25.60797129,85.30619181
4G,25.57652508,85.22213864
LTE,25.63807761,85.19118588
5G,25.57045871,85.16193965
LTE,25.7285286,85.17659051
LTE,25.62849006,85.04923673
4G,25.74669773,85.17241252
LTE,25.60815922,85.25881956
LTE,25.57272894,85.14556559
3G,25.6549938,85.0533031
5G,25.49414015,85.2264137
4G,25.65899993,84.99129426
5G,25.50168571,85.00687053
4G,25.67216588,85.13463243
5G,25.4930464,85.14231732
3G,25.69172354,85.17618088
3G,25.56719313,85.16068836
3G,25.59940352,85.03182943
LTE,25.66343087,85.05970025
4G,25.68554933,85.25226651
4G,25.74041842,85.03958684
4G,25.58406316,85.29121549
4G,25.55834381,85.06223055
LTE,25.53463321,84.98234265
3G,25.51553276,85.23902624
5G,25.64762115,85.18515933
LTE,25.59693366,85.27273063
4G,25.47369701,85.24065923
4G,25.48739457,85.19551994
LTE,25.69279835,85.05864958
3G,25.46627981,85.25127476
3G,25.68639912,85.1196554
4G,25.57608272,85.30641235
3G,25.54441447,85.1482899
3G,25.62204856,84.99649407
4G,25.72598035,85.04647988
4G,25.66324714,85.1927706
4G,25.4909571,85.06611406
3G,25.59716164,85.20998594
5G,25.65914796,85.05676063
4G,25.55143297,85.25457288
3G,25.62812697,85.02184274
LTE,25.61132053,85.18259279
5G,25.57202529,85.27375027
4G,25.45623721,85.1722882
LTE,25.66579003,85.27423771
LTE,25.61003221,85.07492581
LTE,25.42329259,85.19273687
3G,25.54399091,84.97992747
4G,25.45433386,85.07133681
3G,25.60172192,85.07543651
4G,25.5889199,84.99486857
4G,25.51667485,85.20116796
LTE,25.63025982,85.10562413
3G,25.65086523,85.25795153
5G,25.63186802,84.96723223
LTE,25.57840114,85.13899732
4G,25.68783697,85.25382589
5G,25.52696606,85.22992239
5G,25.66120953,85.05611317
4G,25.70883218,85.00836906
LTE,25.5914892,85.23423155
3G,25.53210043,85.1803851
3G,25.70886236,85.26240684
5G,25.65794911,85.07066547
LTE,25.46984906,85.04243755
5G,25.51464548,85.25946916
4G,25.69596918,85.10247865
5G,25.5913429,85.02997716
LTE,25.72388294,85.22482199
4G,25.62845923,85.3005248
LTE,25.68543847,85.13699896
4G,25.53352917,85.2503232
3G,25.5243474,85.26602179
3G,25.58475927,85.22680483
4G,25.52890704,85.29285235
5G,25.54875135,85.27869283
3G,25.46652815,85.05707922
5G,25.44555261,85.11325438
4G,25.45240798,85.14515749
5G,25.67956817,85.28482805
4G,25.74005921,85.22697555
3G,25.52562243,84.98895162
3G,25.54217259,85.09881888
5G,25.72374174,85.20325729
5G,25.5699205,85.02860291
5G,25.59755291,84.98222229
4G,25.74507021,85.07071649
4G,25.50935279,85.14671016
LTE,25.57581875,85.29366855
5G,25.72312179,85.10821969
4G,25.52676047,85.28006154
3G,25.47698467,85.16068758
LTE,25.51361876,85.01318697
3G,25.4974901,85.17080603
3G,25.50949723,85.28465197
LTE,25.64451439,85.20542301
4G,25.47286934,85.15047424
5G,25.60754105,85.09074045
5G,25.50937964,85.08328398
3G,25.66932559,85.24770445
3G,25.61734452,85.17435067
5G,25.6385603,85.26717477
3G,25.59823702,85.12759681
LTE,25.73497274,85.0777695
5G,25.72780849,85.05602941
3G,25.73180379,85.11350703
3G,25.47139137,85.04867514
3G,25.72841642,85.18185995
4G,25.64372437,85.28842903
4G,25.71507438,85.16286603
4G,25.7423678,85.20654729
5G,25.67032806,85.23851708
5G,25.65865962,85.15454398
5G,25.63969203,85.00462306
LTE,25.51060895,85.16927512
LTE,25.56843892,84.99568444
3G,25.75455444,85.1208447
4G,25.57403531,84.95993275
LTE,25.4957679,85.27152458
3G,25.6154753,85.28876802
4G,25.57305784,84.98336185
LTE,25.64727654,85.06459275
LTE,25.56475724,85.08538646
LTE,25.59301133,85.13569951
LTE,25.45287735,85.19876769
3G,25.72169414,85.02606138
3G,25.65531767,85.14022759
4G,25.59358401,85.05240358
3G,25.76081156,85.17094482
LTE,25.62864131,85.00520138
5G,25.64031178,85.00215135
3G,25.75812767,85.18470376
5G,25.74988954,85.11007181
3G,25.51443581,85.14850295
5G,25.68593922,85.23320563
4G,25.61730767,85.29732829
5G,25.48611268,85.20933901
5G,25.62431127,85.17209493
5G,25.71389452,85.06748473
LTE,25.54537836,85.08410597
5G,25.65709935,84.9739439
5G,25.76742569,85.09969613
LTE,25.67020097,85.01522978
5G,25.52149293,85.09911723
4G,25.68424454,85.04302118
5G,25.62378789,85.21136253
LTE,25.52270176,85.13013629
5G,25.71351713,85.0341783
3G,25.50045877,85.10247235
3G,25.45946761,85.22424445
LTE,25.49591112,85.01719959
3G,25.48198867,85.18075411
3G,25.43950356,85.10623283
LTE,25.66872318,85.18610452
LTE,25.63854054,85.28645111
4G,25.55515996,85.20072603
5G,25.50467265,85.15913837
LTE,25.63954649,85.28226619
5G,25.54583255,85.10497353
3G,25.55940899,85.13035539
4G,25.66970148,85.10211847
4G,25.55927914,85.22968977
3G,25.72739317,85.0504388
5G,25.7217558,85.16638571
4G,25.46108177,85.11143207
LTE,25.64767317,85.24223512
LTE,25.45264418,85.10652673
LTE,25.57507216,85.2464072
4G,25.71070833,85.08299958
LTE,25.66105524,85.06879809
LTE,25.70669662,85.20970248
3G,25.50067922,85.06852896
3G,25.67940515,85.27963478
4G,25.63681826,85.26522887
4G,25.54201719,85.07890965
4G,25.77016533,85.10756293
5G,25.63515811,85.0015647
LTE,25.64483877,85.18270167
5G,25.60602263,85.06227557
3G,25.47823851,85.21558706
4G,25.72500231,85.05537902
5G,25.58973371,85.30229595
LTE,25.70310579,85.27300169
5G,25.61851445,84.98294667
3G,25.77210248,85.13115145
4G,25.46835604,85.12050987
3G,25.46703047,85.23965065
4G,25.52903677,85.26556309
3G,25.59284004,85.03228492
4G,25.54789814,84.98276262
4G,25.43077957,85.14089996
4G,25.56383939,85.10544962
4G,25.48673796,85.11894567
LTE,25.50427218,85.02301721
4G,25.53570887,84.99076602
3G,25.63371216,85.04796758
4G,25.67424774,85.16980271
LTE,25.4852103,85.2280977
LTE,25.46193028,85.16173449
3G,25.6480049,85.00866665
5G,25.62242298,85.00783416
4G,25.49204761,85.15377332
LTE,25.44890098,85.06669723
5G,25.70120152,85.08996521
4G,25.61072991,85.2530122
4G,25.51566072,85.20870912
3G,25.63193593,85.15716335
3G,25.62581279,84.96565291
3G,25.60964392,85.2476252
3G,25.64424422,85.19318202
LTE,25.4864661,85.02015682
5G,25.66568568,84.99343713
LTE,25.42645001,85.17613399
5G,25.72036338,85.11359573
3G,25.66485325,85.29214454
3G,25.59934506,85.12554522
5G,25.4624424,85.22815975
3G,25.54299535,85.20050989
4G,25.61710339,85.04823805
4G,25.57667012,85.08469914
4G,25.45153705,85.03801597
LTE,25.75864739,85.16094123
4G,25.41970354,85.17269377
4G,25.63409167,85.2592293
3G,25.57343428,85.11053946
3G,25.52868185,85.00373761
4G,25.65386189,85.23312424
4G,25.61435699,84.97652869
5G,25.41868772,85.10282644
4G,25.61876519,85.05651273
4G,25.73218893,85.15057494
5G,25.55166608,85.25471797
LTE,25.72098797,85.12794981
LTE,25.70705875,85.11467412
3G,25.62361624,85.21505577
3G,25.59058187,85.12201602
5G,25.62802666,85.05453067
4G,25.69873238,85.09706797
4G,25.74368896,85.09294607
LTE,25.60680838,85.231759
5G,25.6390431,85.02409523
4G,25.50265367,85.08110437
3G,25.6907487,85.02136573
LTE,25.52843568,85.25534311
LTE,25.68008762,85.0471154
5G,25.46108094,85.2436925
4G,25.51593322,85.22281522
5G,25.69364698,85.27607626
3G,25.71792391,85.09154649
5G,25.64904002,85.2687477
3G,25.52134679,85.07902697
4G,25.46822428,85.2608078
5G,25.44240555,85.13087576
3G,25.46100707,85.19480037
5G,25.58495601,85.3100728
3G,25.58879489,85.17489789
3G,25.51057098,85.08880721
LTE,25.52607039,85.14885029
5G,25.76693706,85.10725609
4G,25.53017677,85.05741143
LTE,25.62333735,85.23750433
5G,25.68626252,85.08143436
3G,25.51898519,85.14649012
4G,25.44012327,85.16971932
5G,25.61919444,85.02298333
3G,25.50314564,85.13718536
3G,25.69607667,85.1143966
4G,25.61915823,85.20162989
4G,25.49529285,85.08428989
4G,25.6437294,85.19181505
3G,25.62269469,84.98224691
LTE,25.4820598,85.26452117
LTE,25.49702019,85.002242
5G,25.53674501,85.14872464
4G,25.51909162,85.15978337
4G,25.54533841,85.02511225
LTE,25.58726507,85.09049443
3G,25.55705777,85.15318451
LTE,25.4474227,85.04557747
LTE,25.50436853,84.99516782
3G,25.54744906,85.02533941
3G,25.68382154,85.18045943
3G,25.70620834,85.16535387
3G,25.60233257,85.01849866
3G,25.54889816,85.2299374
3G,25.64056268,84.96582221
LTE,25.55771033,85.29841105
5G,25.69159715,85.01767165
3G,25.52622883,85.20846487
LTE,25.53757783,85.1880358
LTE,25.72254267,85.07410241
5G,25.52751346,85.23381398
4G,25.70810269,85.26535831
4G,25.66100919,85.19919006
5G,25.64019963,85.04497529
4G,25.63028034,85.3051424
3G,25.73470108,85.2154805
4G,25.66649444,85.29037655
3G,25.4910428,85.0464337
5G,25.46837924,85.07198598
LTE,25.69171713,85.1413322
4G,25.51333889,85.16974349
LTE,25.56695993,85.1454142
4G,25.61620277,85.16122375
LTE,25.65831443,85.19066474
5G,25.48588336,85.02195316
3G,25.48142632,85.05500396
LTE,25.58833796,85.03410149
4G,25.59217935,85.30215522
LTE,25.6270306,85.0448304
5G,25.50367402,85.05337554
5G,25.6583971,85.0212864
5G,25.47109833,85.0460429
5G,25.60810216,85.0123116
4G,25.66478209,85.15718741
4G,25.63771323,85.07045568
3G,25.69310025,85.04225853
LTE,25.52310487,85.00789391
3G,25.64833076,85.19811228
3G,25.60867661,84.96367192
4G,25.6956952,85.04636154
LTE,25.46843386,85.13957194
3G,25.51188445,85.11151052
5G,25.65818217,85.26610497
4G,25.66132839,85.11154585
4G,25.61535363,85.20658633
LTE,25.7175068,85.1841813
4G,25.60436813,85.15582086
4G,25.49628319,84.99603006
4G,25.68305164,85.27296192
3G,25.67282503,85.07388514
3G,25.64352652,85.20417601
LTE,25.56943031,85.23728258
4G,25.47457892,85.0407418
5G,25.47081978,85.22008204
5G,25.52235607,85.02594321
5G,25.745104,85.16412655
3G,25.52751083,85.12443818
5G,25.66146825,85.24755549
3G,25.66245959,85.11870138
5G,25.69548517,85.0488045
3G,25.4757156,85.17397629
LTE,25.41623183,85.14433181
3G,25.66143591,85.25659958
4G,25.71742242,85.03020344
4G,25.52748486,85.28228742
4G,25.67470247,85.07417775
5G,25.73193205,85.23967501
5G,25.56372307,85.27347
4G,25.57261886,85.22676354
3G,25.58844257,85.20565021
5G,25.54614399,85.22789588
LTE,25.63848928,85.16318845
LTE,25.53259312,85.0836695
3G,25.64589262,85.23423799
5G,25.49519148,85.2549014
3G,25.65592877,85.1818094
5G,25.54396642,85.04032269
4G,25.72027343,85.04493867
4G,25.4591573,85.24286059
5G,25.63757257,85.11956257
4G,25.49298666,85.05827724
4G,25.72916137,85.20879116
LTE,25.64710052,85.26192341
4G,25.69088085,85.0159269
4G,25.7052051,85.27572449
3G,25.5164676,85.16485895
5G,25.45824229,85.07016393
3G,25.67607522,85.24837044
LTE,25.52376952,85.02931941
3G,25.5080565,85.03698709
5G,25.53560214,85.01086774
3G,25.50236017,85.25094669
LTE,25.6522534,85.07569408
5G,25.51142611,85.15616943
5G,25.640652,85.05404108
5G,25.61309737,85.0314705
5G,25.47800465,85.24488532
3G,25.62679191,85.26940226
3G,25.52823227,85.28472632
5G,25.53405974,85.08771832
3G,25.64042949,85.06562006
5G,25.51272933,85.12776088
LTE,25.58512464,85.02861394
LTE,25.7119583,85.04990257
LTE,25.72405949,85.23253795
LTE,25.4744305,85.09304102
LTE,25.48200839,85.11291992
4G,25.68839691,85.06403907
LTE,25.6400826,85.30243107
LTE,25.5302637,85.29824719
3G,25.44884578,85.10454721
3G,25.62703708,85.25290298
5G,25.43762773,85.1618691
3G,25.52514263,85.01294582
4G,25.53407743,85.01254642
4G,25.56286554,85.30932079
4G,25.70784283,85.05393397
3G,25.62292485,85.16877936
4G,25.70087297,85.03697907
3G,25.52694402,85.14983229
3G,25.60103255,85.29995572
3G,25.5076547,85.06729486
5G,25.55035068,85.16420104
4G,25.59063513,85.23825661
4G,25.57718959,85.08181588
5G,25.56218883,85.00674649
LTE,25.5766799,85.03155616
4G,25.55195226,84.97741774
3G,25.50227106,85.0438318
3G,25.58808899,85.00390185
LTE,25.50138726,85.13837682
4G,25.59308196,85.0046959
3G,25.61562682,84.991801
5G,25.67395177,85.29672691
4G,25.70725791,85.26358923
5G,25.71471491,85.06593562
4G,25.68992039,85.20129389
5G,25.70559265,85.13403799
LTE,25.50827897,85.17140725
5G,25.61419185,85.22616678
3G,25.53480151,85.17007549
LTE,25.5363057,85.19890831
5G,25.68385744,85.23358431
LTE,25.73457594,85.24577306
4G,25.51990687,85.11998169
LTE,25.49220073,85.10495761
4G,25.51407335,85.0936493
3G,25.7136771,85.15355339
LTE,25.58725509,85.29578202
4G,25.62974432,85.03255376
LTE,25.69271253,85.0872428
4G,25.57231946,84.9898954
4G,25.51324617,85.19002017
3G,25.59459434,85.07095868
LTE,25.6166073,85.29455926
5G,25.63309144,85.19201859
4G,25.52401575,85.15843433
4G,25.52009413,85.14257598
5G,25.65782366,85.15729914
3G,25.41979867,85.13779977
LTE,25.62091005,85.16576085
5G,25.58360173,85.20766921
5G,25.54913713,84.96720964
LTE,25.58831717,85.04745711
4G,25.47935818,85.12297214
4G,25.697727,85.05849241
5G,25.59565316,85.3065128
3G,25.6868774,85.24980584
LTE,25.45001705,85.0369713
LTE,25.52939146,85.1828485
LTE,25.53557349,85.18548875
LTE,25.55190779,84.96414466
4G,25.67469855,85.0540331
3G,25.63865557,85.10841065
3G,25.56596442,84.98229886
3G,25.66996346,85.20564066
4G,25.56987456,85.04391643
4G,25.50525638,85.2170867
LTE,25.51829368,85.03370275
LTE,25.64016604,84.98684852
LTE,25.53507446,85.18087229
4G,25.59767858,85.15846902
3G,25.69760539,85.00511756
3G,25.66483051,84.98489946
5G,25.71337687,85.21660327
LTE,25.69431526,85.25409973
5G,25.58743447,85.27386365
4G,25.66572513,85.03402487
LTE,25.58898355,85.11494427
5G,25.5129134,85.20974999
5G,25.46513086,85.18072128
4G,25.61083945,85.02627177
4G,25.47126719,85.08258162
LTE,25.51890922,85.02741249
3G,25.75141452,85.21332475
LTE,25.71167466,85.23720866
LTE,25.45063844,85.07090566
LTE,25.48465088,85.15258956
5G,25.49480763,85.28559937
4G,25.68416587,85.29018195
LTE,25.57882515,85.06003488
3G,25.43200948,85.11423942
LTE,25.57367649,85.22009933
3G,25.52179622,85.19504012
4G,25.51119404,85.16868404
3G,25.46390711,85.02787785
3G,25.75669629,85.09237197
LTE,25.75154562,85.2134298
LTE,25.63799162,85.23768305
3G,25.58721488,85.14714111
LTE,25.65591215,85.24292799
5G,25.72759108,85.16465021
5G,25.60639332,85.05497788
3G,25.55728453,85.21057351
3G,25.61130905,85.08313181
3G,25.56507042,84.98485471
3G,25.55895364,84.97328144
3G,25.75666498,85.09351336
3G,25.56956726,84.99932011
3G,25.43335155,85.15381161
5G,25.66790417,85.12905671
LTE,25.6385416,85.12604429
5G,25.53524093,85.25054237
3G,25.53960435,85.29971948
LTE,25.59799967,85.2682347
5G,25.7495654,85.17655436
5G,25.67987108,85.00931591
3G,25.46534117,85.25351944
5G,25.51619549,85.1005262
4G,25.68909408,85.08862757
4G,25.66681185,85.2913269
4G,25.47024565,85.21910914
LTE,25.67536789,85.17982118
3G,25.45043057,85.22883685
3G,25.65342415,85.16508091
4G,25.54752541,85.22491389
5G,25.67944856,85.00556493
3G,25.60466185,85.19199857
LTE,25.5885321,84.96219187
5G,25.57149673,85.17350192
3G,25.6257658,85.31417023
3G,25.47804491,85.27452995
LTE,25.56403029,85.17670743
LTE,25.6104198,85.05448846
5G,25.66382442,85.22673359
3G,25.71118942,85.16191613
LTE,25.63211493,85.06451113
5G,25.59978266,85.1961857
5G,25.57533599,84.99518268
3G,25.48772511,85.17692352
4G,25.50797017,85.18066025
5G,25.70067157,85.11262685
LTE,25.75237481,85.18789375
5G,25.69575543,85.05677784
4G,25.61500288,85.23747156
5G,25.65180458,85.05818218
5G,25.62038662,85.01712892
LTE,25.57743517,85.1491561
4G,25.6455926,85.0677744
5G,25.52341811,85.30112556
4G,25.62184173,85.17820947
LTE,25.54163435,85.08939246
5G,25.63878196,85.19330344
5G,25.5980446,85.1363416
LTE,25.74171878,85.13963266
5G,25.74872827,85.06065628
5G,25.60174139,85.04435426
5G,25.684904,85.08949732
3G,25.60320677,85.07364467
5G,25.53468134,85.29352425
LTE,25.71255096,85.0230928
3G,25.68121716,85.232511
LTE,25.5534197,85.1577217
4G,25.75036477,85.09675304
LTE,25.69817539,85.01325917
3G,25.46400843,85.04044696
5G,25.51483436,85.25499438
5G,25.49042193,85.27462522
4G,25.68709406,85.22501224
4G,25.58842077,85.21378725
4G,25.61935702,85.31114989
3G,25.69363122,85.22587321
3G,25.48478982,85.21541666
LTE,25.42147023,85.13175769
4G,25.5407422,85.09060238
LTE,25.55653435,85.20009766
LTE,25.688337,85.16378603
LTE,25.50259091,85.19044604
3G,25.50738809,85.11389342
3G,25.5813516,85.10243321
LTE,25.73700352,85.13688767
5G,25.73207016,85.09988461
3G,25.55629774,85.28858331
LTE,25.56040946,84.97474524
LTE,25.58389203,85.22983626
LTE,25.49404791,85.08224638
3G,25.5385332,85.21254806
LTE,25.47326313,85.25059954
3G,25.61591649,85.26284142
4G,25.60136494,85.12451426
4G,25.61127017,85.16452496
LTE,25.65702934,85.28710306
5G,25.72083806,85.22082276
4G,25.49341886,85.16373326
4G,25.53822168,85.06095123
5G,25.62387981,85.01659916
4G,25.58757493,85.26757203
3G,25.51437954,85.23637743
4G,25.53002785,85.14485401
5G,25.44076674,85.1839057
LTE,25.45309618,85.06562299
4G,25.46514726,85.07394759
3G,25.72209308,85.21507434
4G,25.49245366,85.17097404
3G,25.75877337,85.08630643
3G,25.73676614,85.14475542
5G,25.45072882,85.06659312
LTE,25.49327478,85.23778403
4G,25.73544229,85.15921354
3G,25.64805889,85.2700156
3G,25.61638568,85.03724984
4G,25.73317688,85.23731416
LTE,25.71997222,85.21776716
3G,25.46233997,85.1228479
LTE,25.63621177,85.06439086
5G,25.52416358,85.06101001
LTE,25.58248178,85.07248766
4G,25.51490598,85.27543059
3G,25.66913197,85.06407127
4G,25.66544056,85.13240465
4G,25.57690205,85.00094249
3G,25.49704032,85.02604268
LTE,25.54260186,85.16585436
LTE,25.59705448,84.96038004
4G,25.55960199,85.30436195
4G,25.58767355,85.18045806
3G,25.44630261,85.16101216
LTE,25.64929865,85.25773737
4G,25.50277218,85.17593907
5G,25.51824424,85.24716292
3G,25.53740455,84.96848141
3G,25.74282916,85.12352457
3G,25.63190453,85.28056778
4G,25.63577349,84.9908382
5G,25.66978403,85.04300324
LTE,25.56582711,85.05202642
3G,25.71401738,85.06560976
3G,25.5797939,85.01005254
5G,25.5431703,85.1272371
4G,25.70786889,85.0970714
LTE,25.48564492,85.25133159
3G,25.53636945,85.26554311
3G,25.57761314,84.98569366
4G,25.6574823,84.99466518
3G,25.48956886,84.99773889
4G,25.60316948,85.28668878
LTE,25.59443836,85.26626609
LTE,25.67317545,85.28343679
3G,25.62555128,85.01032644
3G,25.48461265,85.15948343
LTE,25.45518975,85.21664299
LTE,25.69419296,85.0988013
4G,25.53852418,85.15836302
3G,25.48380307,85.07739742
5G,25.56394713,85.20915217
5G,25.47183136,85.02491419
4G,25.51315893,85.26634473
5G,25.50432692,85.163438
5G,25.50184494,85.19498414
LTE,25.6991227,85.07764193
4G,25.53856684,85.28977357
LTE,25.65371616,85.20025452
5G,25.58677173,85.23782086
3G,25.63558322,85.27069316
LTE,25.53357586,85.05081671
4G,25.50953623,85.08713286
3G,25.51783622,85.00492416
4G,25.57203625,85.16318704
5G,25.63251026,85.10391448
3G,25.43682297,85.12151597
3G,25.60393672,85.21816542
4G,25.56085138,85.12754837
LTE,25.53192691,85.22186129
5G,25.53094606,85.04820668
4G,25.60216402,85.15643126
5G,25.46888429,85.23343472
LTE,25.5502752,85.28197765
3G,25.44380599,85.20361941
5G,25.64555355,85.20497183
3G,25.55102979,85.04109118
LTE,25.7100727,85.20326682
3G,25.48299427,85.24574616
5G,25.42423423,85.08536326
LTE,25.57306139,85.03911183
3G,25.63389696,85.30309982
3G,25.60729347,85.10111762
3G,25.66366852,84.98332885
LTE,25.63068105,85.25682157
3G,25.53552148,85.18980673
4G,25.43119856,85.10050975
5G,25.53647485,85.03729947
4G,25.64574203,85.10762321
3G,25.71789483,85.2492509
LTE,25.61250665,85.0074944
LTE,25.53381105,85.17028384
3G,25.62745362,85.21769706
LTE,25.5706238,85.12692484
3G,25.45550712,85.10270713
5G,25.72783479,85.1163762
3G,25.68930245,85.24170993
LTE,25.57492748,85.25227703
3G,25.55339304,84.98796418
4G,25.7618327,85.09157123
3G,25.48388299,85.2105256
3G,25.71123242,85.1877345
4G,25.76194293,85.08849506
5G,25.50066124,85.24967539
3G,25.52644464,85.20384594
3G,25.65202022,85.10682843
3G,25.74870449,85.06998909
LTE,25.68849778,85.15215995
5G,25.71098975,85.17468165
4G,25.4242516,85.11703773
LTE,25.49869385,85.08551516
5G,25.71095379,85.06022404
5G,25.57386874,84.96127977
4G,25.53943257,84.97686867
5G,25.68326205,85.17274354
LTE,25.70485218,85.10816421
4G,25.56839239,84.97745111
3G,25.73023228,85.06245446
LTE,25.71805325,85.03395167
LTE,25.66549662,85.08311215
LTE,25.51465981,85.11302596
4G,25.48557134,85.05926811
3G,25.54019596,85.25908085
4G,25.55352495,85.14997532
4G,25.60260303,85.04561186
3G,25.66969974,85.27958696
LTE,25.42122258,85.18364316
LTE,25.51910172,85.19292568
5G,25.56225867,85.12200117
4G,25.57563548,85.26150537
3G,25.49588559,85.13643727
3G,25.42062981,85.13115263
LTE,25.63905587,85.24779349
3G,25.76498613,85.16348672
4G,25.68468367,85.22936206
3G,25.69018359,85.25486823
4G,25.68116606,85.20863303
3G,25.47514294,85.10270296
3G,25.6210856,85.02913171
5G,25.65973709,85.04988781
3G,25.61981489,85.02772918
LTE,25.57454603,85.12519077
LTE,25.60026209,85.19332547
LTE,25.56366609,85.14842142
4G,25.50093258,85.26975947
LTE,25.60682443,85.16167983
LTE,25.60635994,85.13763313
4G,25.65591455,85.12319457
3G,25.62378093,85.17656982
LTE,25.53406736,85.18035086
4G,25.72891739,85.21992572
LTE,25.52455898,84.98181619
3G,25.61724681,84.99938547
3G,25.4394138,85.13311727
LTE,25.64320553,85.22341394
4G,25.6642768,85.14572815
4G,25.70561274,85.12720094
LTE,25.4516095,85.11658442
4G,25.54669643,85.10594979
5G,25.49666149,85.1576462
LTE,25.49903794,85.08300157
LTE,25.63158828,85.24202475
LTE,25.67164545,85.27284604
4G,25.52974156,85.0837996
3G,25.53309823,85.29056684
LTE,25.53953354,85.15373504
5G,25.70705674,85.24079923
4G,25.63424429,85.27343914
LTE,25.5327302,85.00013324
3G,25.52668954,85.17868591
3G,25.52271266,85.06850417
4G,25.7223847,85.12627384
3G,25.69994128,85.20391167
5G,25.59397721,85.0437561
5G,25.73531659,85.11414873
LTE,25.5679517,85.04306726
3G,25.69035174,85.01700975
5G,25.5903538,85.02848151
3G,25.60439118,85.17638558
LTE,25.4886256,85.17383173
5G,25.68999175,85.22065827
3G,25.68192403,85.06199458
LTE,25.66006086,85.18278369
4G,25.71000337,85.02337442
LTE,25.68679509,85.29006926
3G,25.47885581,85.06278121
4G,25.57250878,85.29045035
5G,25.58962516,84.9767143
4G,25.53305133,85.19068065
3G,25.67268859,85.17309773
3G,25.42874431,85.17698048
4G,25.55718846,85.21762364
3G,25.54904953,85.14088211
3G,25.58043722,85.28308728
3G,25.58631437,85.20170349
LTE,25.71900276,85.07987776
5G,25.58154772,85.2031308
4G,25.64403065,85.00202737
3G,25.69092788,85.1596939
3G,25.67822706,85.00664549
LTE,25.61843963,84.99171525
4G,25.71182947,85.12431393
3G,25.63484938,85.06912857
5G,25.57290189,84.98643624
3G,25.62104601,84.996764
LTE,25.63052173,85.10138928
5G,25.55803774,85.26729878
4G,25.59634567,85.03056601
LTE,25.69558851,85.2067325
LTE,25.69315236,85.22468035
3G,25.54523661,85.27007577
LTE,25.45190969,85.22349066
LTE,25.72893512,85.19806739
4G,25.68836542,85.28771986
5G,25.6319211,85.01224886
4G,25.61397195,85.23782397
LTE,25.5642492,85.11285143
LTE,25.47756458,85.00419824
5G,25.68056582,85.14783047
5G,25.55463997,84.98610961
LTE,25.51505135,84.98292298
3G,25.63653532,85.28451483
3G,25.47954139,85.22228487
3G,25.68558496,85.0206903
5G,25.50212874,85.2528479
3G,25.74510836,85.09629145
4G,25.55773717,85.18582599
4G,25.69042579,84.99362622
3G,25.65280883,85.08282443
3G,25.69276676,85.11602986
LTE,25.68854426,85.03112654
4G,25.49819374,85.04786023
3G,25.70458657,85.19527353
4G,25.46635358,85.17295937
4G,25.47402874,85.16531128
3G,25.48814302,84.99452101
4G,25.56721208,85.13020792
5G,25.45216509,85.11715278
3G,25.56879487,84.97877207
LTE,25.63716766,84.97917629
4G,25.70399942,85.20814534
4G,25.61866877,85.0084946
5G,25.64343344,85.29192832
3G,25.61665882,85.09575342
LTE,25.61765502,85.1635933
LTE,25.54319746,85.0685895
LTE,25.5171238,85.13494286
5G,25.66563554,85.00668926
4G,25.50304761,85.01960578
4G,25.73610826,85.15949698
5G,25.57741047,85.17528545
3G,25.5846346,85.16399364
3G,25.54871788,85.11284613
4G,25.59690703,85.27436008
4G,25.69857132,85.0111731
5G,25.60204058,85.21719624
4G,25.48113636,85.20840663
5G,25.50662149,85.22243683
LTE,25.59959998,85.17069751
4G,25.66839143,85.04734237
3G,25.47330158,85.13760839
5G,25.49954252,85.15542201
3G,25.54840776,85.08405745
4G,25.46817829,85.04473211
LTE,25.56880807,85.07437398
5G,25.76882658,85.15189994
LTE,25.50997389,85.25958574
3G,25.49648918,85.09133976
5G,25.65508612,85.1977545
5G,25.52211116,85.18086894
3G,25.71505098,85.02124278
5G,25.60348763,85.13334973
4G,25.53582747,85.01716275
5G,25.69549222,85.16221403
5G,25.53763996,85.24596891
3G,25.61776208,85.25077434
3G,25.59866451,85.20647291
4G,25.48171601,85.17814412
5G,25.68346953,84.99761842
4G,25.4736903,85.12874826
LTE,25.53277205,85.20806392
5G,25.69807267,85.03456528
3G,25.69134109,85.04658725
LTE,25.70745038,85.23992989
3G,25.52993013,85.08248078
3G,25.68340349,85.09896206
3G,25.63640902,85.25346124
3G,25.58835767,85.12865633
5G,25.6173412,85.21761421
4G,25.49440079,85.07088588
LTE,25.42913033,85.1957713
4G,25.74201174,85.16242316
LTE,25.63325836,85.1352779
3G,25.63291612,85.29096698
LTE,25.63431712,85.24305385
3G,25.64801729,85.10197084
4G,25.74186612,85.09445233
5G,25.68318677,85.19565077
4G,25.54028062,85.07169908
4G,25.51103898,85.08281543
LTE,25.68256303,85.1183025
3G,25.47670106,85.20495772
LTE,25.73529997,85.17122707
LTE,25.48658002,85.03182054
5G,25.66262273,85.19206444
4G,25.52575671,85.19794036
3G,25.51230482,85.24796258
3G,25.64648866,85.05177524
4G,25.5916482,85.24264252
5G,25.48131545,85.09131694
4G,25.65955271,84.99391268
5G,25.67653163,85.02298941
LTE,25.57208892,85.30267846
LTE,25.63420964,85.08789619
3G,25.54566872,84.97935736
3G,25.56743572,85.18074088
3G,25.5398901,85.22771438
5G,25.62701868,85.1563797
4G,25.61220618,85.15563598
5G,25.42570532,85.15431404
LTE,25.51228835,85.10701376
3G,25.63232773,85.28585998
3G,25.44229771,85.12585731
4G,25.59957207,85.2963564
3G,25.76130135,85.13622461
4G,25.46363462,85.22248312
3G,25.5344392,84.99893146
5G,25.58148114,85.2748501
LTE,25.46588524,85.21636827
LTE,25.66788473,85.28372448
3G,25.56511846,85.14217394
5G,25.6033812,85.00841836
5G,25.69289464,85.18818379
3G,25.43323695,85.16361438
3G,25.61002724,85.05466724
5G,25.51547765,85.07925519
4G,25.55897503,85.14458438
5G,25.45065856,85.21914216
5G,25.71818843,85.1215951
4G,25.6084978,85.20320514
5G,25.7487748,85.1772075
4G,25.67171133,85.20673809
3G,25.64282854,85.13994219
5G,25.70356351,85.26071788
5G,25.5280463,85.3017838
5G,25.5093399,85.27399088
5G,25.49268177,85.23004424
5G,25.67415937,84.99770526
5G,25.62595639,85.14354699
3G,25.75349045,85.06601617
4G,25.60215043,85.0913548
5G,25.72913856,85.2176839
3G,25.75869521,85.17462012
LTE,25.75927388,85.06692124
LTE,25.64421763,85.04272403
4G,25.61906235,85.18940806
4G,25.46651396,85.14806524
LTE,25.53728409,85.21466966
5G,25.53045099,85.13828397
LTE,25.57948424,85.29144413
5G,25.64573598,85.03447787
5G,25.48144222,85.09415624
3G,25.59559223,85.20417095
LTE,25.6266114,85.23072515
LTE,25.58495576,85.08200372
5G,25.63025384,85.21252836
LTE,25.60421955,85.27926101
5G,25.63551603,84.99692481
LTE,25.61027158,85.28897153
4G,25.67635056,85.16703314
5G,25.74430765,85.22002485
4G,25.74909795,85.05168909
4G,25.44786523,85.03623805
4G,25.58931357,85.22594131
5G,25.44902791,85.04249739
LTE,25.70272326,85.13533272
4G,25.73326446,85.15778142
5G,25.64277148,85.11591377
3G,25.52617766,85.25265061
4G,25.72042549,85.10375255
LTE,25.46076777,85.06735072
5G,25.55425546,85.08554227
4G,25.63738469,85.11432864
5G,25.49517346,85.11957671
LTE,25.71924471,85.18199626
3G,25.49270824,85.15528489
5G,25.75076547,85.07516057
5G,25.51959703,84.98633642
3G,25.450108,85.15276401
LTE,25.46582502,85.13341786
LTE,25.74398781,85.14592449
4G,25.5499675,85.27926761
4G,25.46196432,85.20901723
5G,25.65999938,85.04357354
4G,25.62994747,85.0115813
5G,25.69707142,85.0724876
5G,25.68580044,85.28992425
LTE,25.61796595,85.0017754
LTE,25.55483967,85.02011402
3G,25.60670611,84.99191827
LTE,25.58484655,85.20177538
LTE,25.51544675,85.24873863
3G,25.47636621,85.21529714
LTE,25.65242176,85.30374965
LTE,25.57069978,85.25365742
4G,25.4195111,85.15421124
4G,25.46617938,85.10068664
4G,25.52025475,85.20683594
4G,25.68292022,85.12299878
3G,25.46765768,85.05455456
LTE,25.45558977,85.15076862
LTE,25.72946485,85.24544037
3G,25.72100629,85.05110342
5G,25.69719974,85.14469369
LTE,25.62412858,85.23257924
3G,25.58678961,85.10669535
3G,25.52852812,85.26762187
5G,25.47823854,85.21347484
LTE,25.59284672,85.22557218
5G,25.54485616,85.25278705
5G,25.59145321,85.00045996
5G,25.5732289,85.14340528
5G,25.43232798,85.21315816
5G,25.59280639,85.07737255
3G,25.73030136,85.21781064
4G,25.68721719,85.01243971
4G,25.57207733,85.26656087
4G,25.57217006,85.16327107
5G,25.67835796,85.21614703
LTE,25.63121821,85.15482353
4G,25.45393053,85.20730414
5G,25.65186297,85.16917419
5G,25.47967739,85.0187855
LTE,25.49639918,85.27202827
4G,25.58900297,85.21743061
5G,25.52410094,85.00105688
4G,25.63297451,85.29680861
4G,25.45220089,85.02907884
4G,25.5026152,85.09835469
LTE,25.7176777,85.24822559
LTE,25.63039978,85.29281014
LTE,25.60467996,85.30443591
4G,25.47608278,85.03245601
4G,25.58361378,85.06072208
LTE,25.60325113,85.25877861
LTE,25.48422689,85.00178249
3G,25.72467831,85.11696962
4G,25.46063061,85.19577788
3G,25.65750112,85.04704783
4G,25.56155475,85.04650598
4G,25.49673899,85.28331455
5G,25.43716944,85.11470915
3G,25.44628524,85.1145353
LTE,25.63475187,84.97930454
LTE,25.46332595,85.23451935
4G,25.74394683,85.06088555
5G,25.55451018,84.98533167
LTE,25.61197774,85.00083939
5G,25.63677013,84.97683476
4G,25.66936874,85.07756862
LTE,25.54416466,85.01001403
3G,25.50929406,84.98836908
LTE,25.51860181,85.18979687
5G,25.5840988,85.27791248
4G,25.45325161,85.08193233
4G,25.58939822,84.97924586
5G,25.61534771,85.1891865
LTE,25.55728687,84.97472399
3G,25.59378762,85.16025713
3G,25.56333536,85.20820986
5G,25.65931596,85.11102865
3G,25.55290228,85.0718539
3G,25.56515911,85.29779044
4G,25.46907108,85.19895299
3G,25.51090318,85.18904827
3G,25.60603978,85.15831591
LTE,25.51679181,85.16026418
LTE,25.68113057,85.23934062
5G,25.70472584,85.12228125
3G,25.634503,85.17015226
3G,25.71466733,85.17608666
4G,25.59623138,85.21215049
5G,25.74195027,85.14058514
5G,25.67352619,85.09790088
4G,25.66563175,84.99094389
5G,25.68295103,85.2412922
5G,25.58764048,85.00189885
4G,25.71215028,85.06108152
5G,25.57883328,85.15219931
4G,25.51897565,85.17365342
3G,25.72855977,85.10279321
4G,25.5910105,85.21697377
5G,25.51173292,85.27697418
LTE,25.59195286,85.17401742
3G,25.57110758,84.98073681
LTE,25.45171787,85.08793202
LTE,25.57783988,85.16999579
3G,25.4198707,85.10913819
4G,25.728836,85.10071819
3G,25.67241843,85.28120108
LTE,25.48848868,85.12907488
5G,25.72756986,85.08344608
5G,25.53884774,85.26776148
3G,25.70680994,85.18659667
4G,25.75822722,85.19571166
3G,25.50542988,85.22204838
4G,25.62244344,85.00165002
3G,25.50154387,85.11275055
4G,25.6581133,85.03779175
LTE,25.46709843,85.03204648
3G,25.59260716,85.05170813
LTE,25.42397159,85.09549183
4G,25.55358357,85.21692615
4G,25.43150499,85.08104785
3G,25.64837235,85.30556462
5G,25.61079344,84.96139605
4G,25.44620714,85.06762242
5G,25.53785727,85.03691942
5G,25.57464978,84.98649768
4G,25.69595126,85.11810945
3G,25.55202406,85.00061581
LTE,25.51255102,85.25589608
LTE,25.60733274,85.15339954
4G,25.55493101,85.27092051
3G,25.59775607,85.26509512
LTE,25.74282363,85.18416463
5G,25.56264834,85.22755227
LTE,25.63994775,85.01018182
4G,25.42082908,85.1036786
5G,25.54052945,84.96617887
5G,25.44511006,85.11254134
4G,25.63273819,84.98797406
LTE,25.52442426,85.16330376
LTE,25.50757315,85.25628861
5G,25.69387543,85.27070835
LTE,25.57498985,85.11320494
5G,25.47253251,85.02497849
3G,25.59816341,85.20988501
3G,25.51500283,85.02907914
3G,25.45826197,85.18576266
4G,25.73515335,85.03644653
3G,25.63127764,85.05358377
LTE,25.48410858,85.19540627
LTE,25.60652313,85.14188315
4G,25.56312229,85.20926868
5G,25.51952389,85.24331016
4G,25.66876061,85.24349109
5G,25.63596586,85.2258026
5G,25.59995197,85.06809542
3G,25.43740593,85.16475134
LTE,25.66106024,85.14871213
5G,25.57865905,84.974271
LTE,25.49036793,85.19919502
4G,25.66052792,85.16591494
4G,25.63951351,85.15125245
5G,25.47755678,85.22735071
LTE,25.73827377,85.05780221
5G,25.72857454,85.07742628
LTE,25.76834444,85.1668552
LTE,25.76555426,85.11296459
LTE,25.69713933,85.19618523
5G,25.46080791,85.11002573
4G,25.57168032,85.02401373
5G,25.67151106,85.29645679
4G,25.73425814,85.22261529
5G,25.64441696,85.17927753
5G,25.54018138,85.12572239
5G,25.45872277,85.23251771
3G,25.63442153,85.23375549
4G,25.5688796,85.22479857
5G,25.58245441,85.25152118
4G,25.50202939,85.04902467
4G,25.53689356,85.03649379
5G,25.70488642,85.25911972
LTE,25.72624225,85.04585951
4G,25.68008495,85.15716528
5G,25.5160741,85.11294181
LTE,25.53429431,85.29553272
5G,25.55451205,84.99843412
3G,25.62394035,85.19277721
4G,25.57618248,85.14601935
LTE,25.44478427,85.05047559
5G,25.62830719,85.26039406
3G,25.60620403,85.11724583
4G,25.46160609,85.06772339
5G,25.46262215,85.25598677
4G,25.61426151,85.25625158
4G,25.50180458,85.00839052
4G,25.5822727,85.30269285
LTE,25.76426818,85.08482111
4G,25.52760377,85.12833993
5G,25.68729093,85.07914159
3G,25.71622456,85.21165494
4G,25.64434983,85.16675838
LTE,25.66603134,84.9895994
5G,25.61051966,84.99847001
4G,25.48350429,85.061826
3G,25.44678374,85.16475469
LTE,25.71999152,85.06558162
LTE,25.55817322,84.96967839
LTE,25.64015375,85.12157042
LTE,25.66541758,85.20701356
5G,25.70374849,85.21386616
5G,25.67914695,85.13418487
3G,25.58653163,85.13191375
4G,25.4700083,85.24643832
3G,25.53315449,85.26693954
LTE,25.74441846,85.08565542
3G,25.4403658,85.22588868
3G,25.46336146,85.15968665
3G,25.66712127,85.10581238
LTE,25.56266964,85.12860711
4G,25.58029316,85.08336489
3G,25.73036891,85.23542859
LTE,25.456803,85.13376323
4G,25.48851658,85.26776443
4G,25.67380086,85.25882012
3G,25.68221523,85.25791176
4G,25.45053845,85.05499887
3G,25.58184278,85.18226146
LTE,25.65904337,85.2490062
3G,25.6502067,85.06443883
3G,25.7570712,85.1208406
3G,25.73274786,85.10082937
4G,25.59184869,85.05592686
4G,25.6736811,85.05538556
3G,25.65728518,85.08140438
5G,25.63339695,85.10461321
3G,25.67626885,85.07869974
3G,25.53413876,85.28933064
4G,25.48643248,85.26254503
4G,25.70780368,85.08842915
LTE,25.59352571,85.06636626
LTE,25.63343289,85.14181077
3G,25.45635189,85.24040692
3G,25.65788816,85.12002154
5G,25.74502055,85.15530701
4G,25.72223908,85.26284649
LTE,25.74055985,85.07368864
5G,25.63578597,84.98773538
3G,25.61388578,85.03536929
3G,25.65464273,85.2148567
4G,25.65346182,85.25199371
LTE,25.57187,84.95964373
4G,25.52452796,85.08937682
LTE,25.59772245,85.27216808
4G,25.46301374,85.18969754
5G,25.71379464,85.08734025
4G,25.4716773,85.15863565
5G,25.47381657,85.0498523
3G,25.58894701,85.11299033
3G,25.57807735,85.27160769
LTE,25.53507537,85.00646271
5G,25.55309377,85.25782273
LTE,25.56732474,85.01984437
5G,25.75159038,85.16443757
3G,25.59998945,85.00295782
LTE,25.62745917,85.15847248
3G,25.76477723,85.15820294
5G,25.55677336,85.07659428
LTE,25.75928,85.11941204
4G,25.48567679,85.05579673
4G,25.59724135,85.0499561
3G,25.59950428,84.98919009
5G,25.54413911,85.06660344
LTE,25.47055412,85.1782597
LTE,25.69218385,85.18555863
4G,25.63116449,85.13237682
4G,25.45210209,85.02859112
LTE,25.72261629,85.0978264
LTE,25.43534158,85.07389044
3G,25.70353775,85.04521901
4G,25.69142324,85.07628834
5G,25.61912532,85.0503225
4G,25.61887027,85.27169392
LTE,25.67947626,85.09120152
3G,25.4949712,85.00634982
5G,25.61214629,85.0955565
4G,25.71238431,85.14929175
LTE,25.69040517,85.28201987
4G,25.56127446,85.1544091
3G,25.55484749,85.00652252
4G,25.48466767,85.05477977
3G,25.74578406,85.22458652
LTE,25.69303335,85.26911827
5G,25.65687962,85.1953905
4G,25.531065,85.0519254
3G,25.47928919,85.14835534
3G,25.42487928,85.13183084
5G,25.75374409,85.20697781
5G,25.69646326,85.03604162
5G,25.441042,85.10810431
LTE,25.76320402,85.10062615
4G,25.65422823,85.25401248
LTE,25.64556999,85.06638044
4G,25.62599808,85.13611727
LTE,25.58286002,85.03569518
LTE,25.58678039,85.22487897
5G,25.68684158,85.17753374
LTE,25.65846397,85.27981563
4G,25.58741128,85.24227777
5G,25.45853237,85.16077868
LTE,25.45405316,85.18666892
4G,25.67200557,85.01968301
4G,25.55126468,85.0747753
4G,25.61636511,85.03071032
4G,25.61763175,85.10569099
5G,25.57854571,85.27802957
5G,25.68227685,85.14416049
LTE,25.47855972,85.05000698
5G,25.63290491,85.09996306
5G,25.70283432,85.09807507
5G,25.54078892,85.01128692
5G,25.71770499,85.25720064
3G,25.49325631,85.14851769
3G,25.45274505,85.20420918
LTE,25.69034994,84.99533682
3G,25.68308983,85.07126398
LTE,25.68289169,85.2312739
5G,25.54089784,84.99599504
4G,25.67569328,85.22590132
5G,25.72628022,85.07965518
LTE,25.47416463,85.02369904
3G,25.53349425,84.98398117
3G,25.61842137,84.98541301
LTE,25.75734029,85.06378099
4G,25.56184959,84.97118
5G,25.51398583,84.98557501
4G,25.71279288,85.01771974
LTE,25.44505708,85.05334821
4G,25.59872369,85.22995396
LTE,25.59151531,85.24667341
4G,25.56707409,85.05613567
3G,25.64299076,85.22080726
5G,25.66921053,85.08010231
3G,25.66964985,85.16674217
4G,25.57796946,85.19369315
3G,25.43596911,85.10432769
3G,25.52815152,85.18033608
4G,25.60938022,85.21065692
5G,25.52443116,85.25160626
5G,25.47028673,85.15955421
4G,25.42862625,85.19287917
5G,25.65593139,85.28320844
LTE,25.54775378,85.26557694
5G,25.45860338,85.05785774
LTE,25.50867452,85.26914444
5G,25.70981371,85.21869384
4G,25.65667746,84.99460515
5G,25.68565403,85.04991574
5G,25.43702137,85.18199052
3G,25.53814871,85.17206616
4G,25.73799376,85.23557687
4G,25.52290682,85.01711123
4G,25.68354039,85.02265582
5G,25.58770347,85.00927227
4G,25.69986644,85.14795098
3G,25.58581752,85.1730385
5G,25.76306652,85.18967622
3G,25.61001934,84.98797885
5G,25.67975788,85.06215815
4G,25.57112248,85.18862674
LTE,25.61003672,85.083409
5G,25.66603139,84.99012436
4G,25.62035939,85.10281745
4G,25.67092943,84.98591305
LTE,25.48089992,85.00819363
5G,25.65933505,85.13085912
5G,25.51699312,85.19102247
3G,25.52468303,85.11150939
LTE,25.69126621,85.18859974
3G,25.52562201,85.13577954
4G,25.63463565,85.217151
4G,25.56198362,85.27241568
3G,25.64100083,85.12346442
4G,25.612768,85.25181677
4G,25.50027412,85.12964813
LTE,25.48263268,85.16377513
3G,25.59240876,85.0544886
4G,25.46722919,85.03303515
LTE,25.58409098,85.20439938
LTE,25.69771129,84.99443534
5G,25.60611176,85.0384715
5G,25.45505165,85.20629178
5G,25.74992301,85.20467137
4G,25.59798686,85.03281374
LTE,25.7057944,85.19540292
3G,25.58510941,85.15923853
5G,25.43949791,85.18601856
3G,25.73851311,85.11294668
3G,25.57480072,84.98488419
3G,25.61466705,85.25973361
3G,25.58360048,85.12741681
4G,25.6104036,85.07367019
3G,25.59693735,85.17838309
3G,25.52950806,85.16587635
4G,25.63225079,85.08929175
5G,25.74927785,85.16588113
3G,25.67802714,85.07325484
3G,25.52147905,85.14222829
5G,25.49847597,85.12043585
3G,25.48558612,85.17945184
5G,25.65161646,85.04336492
LTE,25.44791908,85.08023299
LTE,25.51075902,85.10789063
LTE,25.48163708,85.050919
4G,25.58576718,85.31355964
LTE,25.70262306,85.11643032
5G,25.52820564,85.27912207
LTE,25.59581174,85.14839186
LTE,25.57173117,85.20208278
5G,25.66447449,85.05438743
3G,25.60189961,85.03691686
4G,25.64739531,85.2584252
3G,25.54225434,85.16406363
5G,25.55896079,85.24540615
LTE,25.58013467,85.16351034
4G,25.48729182,85.11820807
5G,25.65862563,85.20110525
5G,25.47301449,85.23879101
5G,25.44866098,85.2340306
5G,25.64592086,85.10865871
3G,25.61397973,85.05740024
3G,25.4736826,85.06685826
5G,25.51530954,85.09314924
5G,25.67953805,85.029825
LTE,25.55520267,85.03389239
5G,25.47013874,85.00837253
5G,25.66850754,85.11416224
5G,25.65484505,85.03381643
3G,25.53105216,85.01485224
5G,25.71299328,85.03084522
5G,25.53665519,85.20273321
4G,25.75419745,85.13032435
4G,25.76150691,85.10926129
5G,25.45101316,85.10073496
4G,25.70956732,85.26702481
5G,25.69433315,85.15598629
4G,25.60588198,85.10328624
4G,25.57911987,85.01091734
5G,25.70429089,85.14927092
3G,25.52105652,85.03611962
5G,25.51365954,85.22018044
4G,25.64374967,85.10938955
4G,25.5733338,85.05012056
3G,25.70471287,85.02340969
5G,25.70179519,85.09828751
3G,25.61255136,85.07361012
4G,25.56664624,84.9743461
3G,25.52486924,85.0772052
5G,25.65151265,85.2857857
5G,25.62896288,84.9738411
4G,25.50725318,85.26247921
5G,25.62000809,85.25874361
LTE,25.66669945,85.26637165
3G,25.43520804,85.12762215
5G,25.48467646,85.19353156
3G,25.52949113,85.17813725
4G,25.49303334,85.10898509
LTE,25.55963772,85.18678281
LTE,25.52643057,85.21629495
LTE,25.52186412,85.01746649
5G,25.42575046,85.15066991
3G,25.50115769,85.14753257
5G,25.62074392,85.1712115
LTE,25.50924795,85.21149994
LTE,25.4366969,85.10896976
3G,25.68166495,85.05231231
LTE,25.72148877,85.08732007
LTE,25.47614441,85.05294253
5G,25.44006222,85.15850644
3G,25.46970319,85.11044774
5G,25.50280641,85.20944358
4G,25.7584758,85.08867837
4G,25.63347336,85.26272497
LTE,25.56187988,85.11135305
4G,25.70471282,85.1212449
4G,25.49713636,85.22213604
3G,25.68000158,85.19295785
3G,25.57817735,85.29118143
3G,25.60747684,85.27979072
3G,25.45568859,85.13883038
LTE,25.60197769,85.21198851
4G,25.65024143,85.19730552
LTE,25.63496034,85.12745306
4G,25.61180568,85.2456109
5G,25.60438422,85.10886941
3G,25.43932486,85.19927135
LTE,25.60557369,85.25800798
LTE,25.61294407,85.19223822
LTE,25.63643822,85.11125526
3G,25.61520177,85.02169193
4G,25.70475059,85.02495397
5G,25.53904769,84.97062417
LTE,25.70660315,85.10686952
LTE,25.70273711,84.99891484
4G,25.53170584,85.26307507
4G,25.69461211,85.13249399
4G,25.53200319,84.99131691
3G,25.56275032,85.25574149
3G,25.72111496,85.10592994
5G,25.54654221,85.08878385
4G,25.61927316,84.97194307
5G,25.71300502,85.2634829
LTE,25.66964847,85.28035294
5G,25.74321582,85.17926207
5G,25.66628483,85.04664512
3G,25.55117738,85.10568852
5G,25.50143174,85.13012993
4G,25.51316119,85.06305561
5G,25.70048607,85.14611983
LTE,25.52882544,85.10949191
LTE,25.70437785,85.06261971
5G,25.59596051,85.06198985
5G,25.60818324,85.27868594
3G,25.70129414,85.14982426
3G,25.50773367,85.02883293
LTE,25.72520658,85.19579805
4G,25.56852331,85.07091009
3G,25.75612923,85.1780376
5G,25.51264578,85.02176538
5G,25.64624972,85.0462337
3G,25.68721456,85.1084384
LTE,25.52475414,85.1229356
3G,25.60234624,85.02456017
3G,25.74463126,85.12178286
LTE,25.65289204,85.22181711
3G,25.56329607,85.20327049
5G,25.42086265,85.12977863
LTE,25.45762999,85.02785112
3G,25.69750747,85.2447184
3G,25.73246932,85.06987173
5G,25.62629764,85.22653538
4G,25.54833999,84.99596103
5G,25.61921839,85.2033102
LTE,25.46456127,85.10944604
5G,25.69990842,85.11828606
LTE,25.48458696,85.15256765
4G,25.47003349,85.2121962
5G,25.4809869,85.19457848
5G,25.47547431,85.26156689
3G,25.51337367,85.20469919
5G,25.54328,85.07411669
5G,25.45822208,85.09503969
LTE,25.70312382,85.06590447
5G,25.63427766,85.28493056
4G,25.47978639,85.27314991
LTE,25.49266246,85.11456332
LTE,25.48932743,85.09751482
3G,25.62623378,85.1016265
LTE,25.7270634,85.02167344
5G,25.51340391,85.04356834
5G,25.63952441,85.01545862
3G,25.47067076,85.08669276
5G,25.58999257,85.22870175
5G,25.71405655,85.20653847
5G,25.70669142,85.14494156
LTE,25.67438343,85.05038363
5G,25.53243412,85.26805009
4G,25.47760929,85.04688502
LTE,25.66399344,85.17970372
4G,25.53837569,85.22558389
LTE,25.71747089,85.22446501
3G,25.62395409,84.97444525
4G,25.64867929,85.08119081
LTE,25.58878617,85.13063108
4G,25.63531369,85.3041081
LTE,25.50880158,85.02946534
5G,25.49005743,85.1965048
4G,25.62084428,84.97558905
4G,25.57451434,85.03087221
3G,25.60479401,85.16044112
LTE,25.56980307,85.00451022
4G,25.53551896,85.13339035
LTE,25.50859139,85.16693766
5G,25.58786857,85.12823342
3G,25.55110324,85.01993089
LTE,25.59383203,85.24433363
LTE,25.56372567,85.22057195
3G,25.51872144,85.2945761
LTE,25.70846518,85.02020202
5G,25.45221264,85.05949432
3G,25.59244045,84.9579363
4G,25.60045463,85.16396505
3G,25.72147588,85.16071452
5G,25.68795843,85.04417308
4G,25.53960842,85.05871097
LTE,25.77143298,85.12378724
LTE,25.57323458,85.1710831
5G,25.65232843,85.29590986
4G,25.68093402,85.06305014
3G,25.5108886,85.23654308
4G,25.43820943,85.16775097
3G,25.663244,85.12259858
4G,25.66701725,85.25846012
3G,25.71742352,85.20047081
4G,25.7625539,85.13955819
5G,25.73363173,85.08769799
3G,25.68314477,85.00260496
5G,25.50418593,85.17554596
4G,25.54915923,85.01979345
5G,25.57371835,85.05281314
5G,25.64201516,85.09065542
3G,25.63544302,85.26151032
4G,25.49849436,84.98851361
LTE,25.63605166,85.10629406
5G,25.53836821,85.15344741
4G,25.59163018,85.11063278
5G,25.69677668,85.2214355
3G,25.71525275,85.09772048
LTE,25.52904368,85.05546864
5G,25.4807814,85.23803664
3G,25.52158939,85.05636704
4G,25.46766993,85.13211268
5G,25.63283619,85.0659045
5G,25.54436435,85.24200196
5G,25.52316209,85.22169176
5G,25.69168022,85.27933772
3G,25.70228701,85.10535148
LTE,25.68022623,85.07462967
LTE,25.56509696,84.9930187
3G,25.54527544,85.23913388
LTE,25.48261991,85.03962916
5G,25.7039427,85.1087881
LTE,25.52765134,85.04897911
LTE,25.68747086,85.13024148
3G,25.63190568,85.01126593
3G,25.51527332,85.25546684
5G,25.66247681,85.1988861
5G,25.57874892,85.26133037
5G,25.71689872,85.1392662
LTE,25.41506718,85.14459218
3G,25.51062813,85.06150028
4G,25.57024595,84.96826607
4G,25.71298596,85.21617058
3G,25.69177909,85.12810753
5G,25.73084958,85.05649486
5G,25.43906282,85.18373184
LTE,25.53405151,85.16766103
4G,25.57380825,85.15505927
5G,25.76300363,85.14654625
5G,25.70780525,85.03224147
3G,25.66400165,85.17611422
LTE,25.73571393,85.11126642
3G,25.47968666,85.13007536
LTE,25.61630387,85.25867525
4G,25.69325446,85.26653128
3G,25.66695665,85.27582746
3G,25.51699298,85.14386933
LTE,25.68169425,85.009869
5G,25.67075928,85.00006772
LTE,25.64094712,85.23252269
LTE,25.68712205,85.05221178
5G,25.49855486,85.15404248
5G,25.54828395,85.20359073
LTE,25.70386717,85.04679009
LTE,25.7078053,85.12466821
4G,25.64268984,85.11397274
4G,25.66015619,85.28322398
4G,25.64126222,85.17589956
LTE,25.48436811,85.05481794
3G,25.54550008,84.98271336
3G,25.7651903,85.17439084
5G,25.53360084,85.2723189
3G,25.51481211,85.26410082
LTE,25.50359606,85.13640233
3G,25.68655514,85.2404568
3G,25.76149603,85.15570139
3G,25.43866243,85.14919172
4G,25.65313108,85.17136443
5G,25.7604402,85.10247475
LTE,25.52837736,85.08368486
4G,25.57785609,85.08884478
4G,25.6280312,85.1304785
3G,25.61007816,84.99783165
4G,25.66001182,85.15378159
3G,25.72412908,85.22097724
LTE,25.56979806,85.31340738
3G,25.51925239,85.05238536
LTE,25.59362295,85.21284482
4G,25.43894605,85.07732773
LTE,25.51025507,85.19179168
4G,25.72926628,85.21382848
5G,25.60015431,85.22553701
5G,25.68981076,85.24814412
3G,25.63338986,84.99746658
4G,25.47867521,85.01477318
3G,25.54459984,85.28634643
4G,25.55565308,84.98890821
3G,25.47394899,85.19380893
3G,25.71117157,85.01188006
5G,25.50228825,85.05662075
3G,25.54992939,84.96564284
3G,25.49891009,85.04398876
LTE,25.50959285,85.15498122
LTE,25.66595573,85.19481829
LTE,25.5985874,85.04667953
5G,25.50867171,85.10905721
5G,25.64773752,85.20800737
LTE,25.52011221,85.07172937
LTE,25.55072595,85.1540159
LTE,25.5917701,85.03705181
LTE,25.47488982,85.0661047
LTE,25.53735327,85.17140219
4G,25.55309224,85.01778698
3G,25.50200501,85.02785118
3G,25.69123845,85.06340102
LTE,25.6463751,85.18512061
LTE,25.70176109,85.07689002
LTE,25.457679,85.084362
5G,25.4307316,85.20952267
LTE,25.70700745,85.17736504
LTE,25.59143133,85.23478003
4G,25.60099454,85.28220635
4G,25.52049716,85.07060079
3G,25.46877877,85.02819463
3G,25.68799436,85.16116284
4G,25.53277338,85.24800569
5G,25.59465702,85.28550403
LTE,25.5940225,85.27308459
3G,25.46452615,85.09148347
LTE,25.52199323,85.08498375
3G,25.5500713,85.28820871
4G,25.70348898,85.10663644
4G,25.5717218,84.98792388
LTE,25.75890745,85.10950182
5G,25.58226674,85.13146094
5G,25.76177552,85.12193349
5G,25.4772296,85.03746687
5G,25.48651319,85.22957763
5G,25.5175887,84.99762545
5G,25.67330833,85.24950699
5G,25.74303789,85.10885549
5G,25.51134986,85.05755242
3G,25.62111172,85.00268794
5G,25.66713654,85.17508278
5G,25.52548448,85.16731711
5G,25.7171756,85.15226808
3G,25.55480737,85.13398595
4G,25.50747996,85.26145467
5G,25.53887334,85.2532434
4G,25.52486875,85.21029523
4G,25.72245505,85.2130983
3G,25.4488813,85.21146942
LTE,25.46153641,85.13814925
3G,25.59839269,84.98308723
4G,25.62832191,85.02067374
4G,25.55350459,85.30883115
3G,25.54233192,85.16833358
LTE,25.58520257,85.04985796
3G,25.73183763,85.18272017
4G,25.67844996,85.02319757
LTE,25.72253498,85.21542843
4G,25.68406117,85.13657955
5G,25.76909517,85.13955778
3G,25.66552966,85.14215159
LTE,25.6341657,85.12781947
4G,25.58444868,85.22049878
3G,25.71753722,85.11035583
3G,25.60260893,85.1757662
4G,25.68012197,85.27222412
4G,25.7068199,85.22176459
5G,25.68388632,85.27561591
LTE,25.56483065,85.12127908
5G,25.57253067,85.16050383
4G,25.58212413,85.22694961
4G,25.54958853,84.96724853
LTE,25.48982933,85.09290245
LTE,25.75496722,85.05966703
3G,25.54601498,85.103986
4G,25.6101813,85.04557581
LTE,25.52320499,85.28814846
4G,25.71395529,85.09765141
4G,25.5270399,85.01855204
LTE,25.62096506,85.01890089
4G,25.57025738,85.00947905
3G,25.56741226,85.27920819
LTE,25.68989813,85.12577903
LTE,25.62615443,85.0490384
LTE,25.730682,85.11858509
4G,25.58228163,85.19668314
5G,25.70588687,85.20402135
3G,25.4796648,85.13967755
LTE,25.71795317,85.06570451
3G,25.63427358,84.97646232
5G,25.45813347,85.14663246
4G,25.69694258,85.18572541
5G,25.73774166,85.06038667
4G,25.70233589,85.17731448
4G,25.57778194,84.963635
LTE,25.48215543,85.04428618
3G,25.70128978,85.12073531
4G,25.6383773,85.00682153
3G,25.48978578,85.24681195
LTE,25.63745934,85.08087352
3G,25.72778594,85.23451233
4G,25.53143447,85.18208609
LTE,25.48763014,85.07249831
5G,25.61149823,85.11451085
LTE,25.63412851,85.31163198
4G,25.45488194,85.06525654
4G,25.60150952,85.20478597
3G,25.5103781,85.1555075
3G,25.46680977,85.12222118
3G,25.45280449,85.20195737
3G,25.55293755,85.08051474
3G,25.44249723,85.10594636
3G,25.75727455,85.10539826
4G,25.70948226,85.09431941
3G,25.56973955,85.04021756
3G,25.62068247,84.99769833
5G,25.67900395,84.99636987
5G,25.5374353,85.23046589
3G,25.4807162,85.17518398
4G,25.68296963,85.1654655
3G,25.70134265,85.20083658
4G,25.69011712,85.26479569
5G,25.59097496,85.19458522
5G,25.62516879,85.29498157
5G,25.45160352,85.07083331
4G,25.67978857,85.08546194
5G,25.6572714,85.25949278
4G,25.44408967,85.21667145
4G,25.62973836,85.1027181
LTE,25.59279361,85.05364476
3G,25.4639243,85.13167365
3G,25.64132814,85.26049953
3G,25.54685036,85.19457623
5G,25.60432993,85.01927945
LTE,25.62062719,85.10555078
3G,25.62906876,85.25152647
3G,25.64145641,85.05151364
4G,25.58974983,84.97534337
5G,25.44756901,85.19608246
5G,25.57137771,85.0253535
3G,25.7096719,85.01882152
4G,25.48716927,85.25852719
5G,25.61002471,85.02348983
4G,25.72343029,85.18120076
3G,25.65906334,85.25404033
4G,25.53898603,85.25768996
LTE,25.72043739,85.17488591
LTE,25.49132854,84.99832242
3G,25.49111541,84.99620241
3G,25.50232074,85.13083784
LTE,25.48955192,85.25820556
4G,25.56803681,85.22284421
5G,25.4306005,85.17762818
3G,25.68784221,85.06414507
5G,25.44388575,85.05504911
5G,25.76239253,85.13667774
4G,25.62495885,84.98722761
4G,25.51080513,85.19986721
5G,25.64459363,85.11806921
LTE,25.70120662,85.22503775
3G,25.68241383,85.20582326
5G,25.70680117,85.27008594
LTE,25.59404945,85.30380995
4G,25.64046997,85.15320348
3G,25.61605684,85.16629501
LTE,25.51318431,85.29726949
4G,25.49010353,85.26474976
LTE,25.70673192,85.11221707
3G,25.67223832,85.12772201
LTE,25.70606446,85.26221796
5G,25.66451226,85.25417632
3G,25.4546414,85.1661795
3G,25.57091422,85.0201337
3G,25.51554399,85.06676657
4G,25.64208742,85.03606423
3G,25.47447927,85.07557957
4G,25.54284586,85.12961086
LTE,25.7246242,85.23336536
5G,25.57401951,85.03003625
3G,25.61932524,85.18315514
LTE,25.68251579,85.26465477
